{"stats":{"minecraft:picked_up":{"born_in_chaos_v1:corpse_maggot":5,"minecraft:crafting_table":1,"minecraft:flint":5,"minecraft:oak_log":17,"jeg:scrap":23,"biomesoplenty:jacaranda_planks":61,"minecraft:gunpowder":5,"minecraft:dirt":46,"biomesoplenty:tall_lavender":6,"minecraft:bone":2,"minecraft:wheat_seeds":2,"minecraft:iron_ingot":3,"simplefarming:blueberry_bush":1,"minecraft:iron_nugget":1,"jeg:tech_trash":1,"minecraft:raw_iron":7,"minecraft:oak_door":3,"simplefarming:cantaloupe_seeds":1,"minecraft:torch":2,"born_in_chaos_v1:ethereal_spirit":1,"minecraft:gravel":25,"simplefarming:blueberries":1,"quark:oak_chest":1,"minecraft:spider_eye":1,"undead_revamp2:heavytooth":1,"biomesoplenty:flowering_oak_sapling":1,"jeg:scrap_block":1,"minecraft:arrow":2,"minecraft:rotten_flesh":12,"biomesoplenty:jacaranda_log":76,"minecraft:oak_sapling":1,"minecraft:coal":19,"minecraft:cobblestone":445,"minecraft:ender_pearl":1},"minecraft:killed_by":{"minecraft:zombie":1},"minecraft:custom":{"minecraft:interact_with_furnace":11,"minecraft:mob_kills":12,"minecraft:interact_with_crafting_table":36,"minecraft:damage_dealt_resisted":500,"minecraft:leave_game":1,"minecraft:time_since_death":14317,"minecraft:time_since_rest":13920,"minecraft:sprint_one_cm":185837,"minecraft:damage_taken":1945,"minecraft:walk_one_cm":212679,"minecraft:drop":17,"minecraft:damage_dealt":2389,"minecraft:swim_one_cm":93,"minecraft:fly_one_cm":124351,"minecraft:open_chest":15,"minecraft:crouch_one_cm":9080,"minecraft:play_time":70453,"tombstone:undead_killed":6,"minecraft:deaths":6,"minecraft:sneak_time":2558,"minecraft:walk_under_water_one_cm":50,"minecraft:jump":705,"minecraft:walk_on_water_one_cm":383,"minecraft:total_world_time":70453,"minecraft:fall_one_cm":12863},"minecraft:killed":{"born_in_chaos_v1:spiritof_chaos":1,"undead_revamp2:theheavy":1,"minecraft:creeper":1,"minecraft:skeleton":2,"minecraft:zombie":3,"born_in_chaos_v1:corpse_fly":3},"minecraft:dropped":{"minecraft:wheat_seeds":1,"minecraft:iron_nugget":1,"biomesoplenty:jacaranda_planks":123,"minecraft:coal":5,"tombstone:grave_key":1,"born_in_chaos_v1:corpse_maggot":1},"minecraft:broken":{"minecraft:stone_pickaxe":3,"minecraft:stone_axe":1,"minecraft:wooden_pickaxe":1},"minecraft:crafted":{"minecraft:oak_planks":68,"minecraft:cobblestone_slab":6,"minecraft:barrel":8,"biomesoplenty:jacaranda_planks":307,"minecraft:crafting_table":1,"minecraft:wooden_pickaxe":1,"minecraft:stone_axe":1,"minecraft:air":0,"biomesoplenty:jacaranda_slab":24,"jeg:scrap_block":1,"jeg:scrap_workbench":1,"minecraft:shield":1,"minecraft:stick":24,"quark:oak_chest":7,"minecraft:iron_ingot":6,"minecraft:stone_pickaxe":4,"minecraft:stone_sword":1,"biomesoplenty:jacaranda_door":3,"minecraft:torch":16},"minecraft:mined":{"biomesoplenty:jacaranda_leaves":15,"jeg:scrap_ore":10,"quark:oak_chest":1,"jeg:scrap_block":1,"biomesoplenty:jacaranda_planks":46,"minecraft:crafting_table":1,"biomesoplenty:bush":11,"minecraft:grass_block":7,"biomesoplenty:flowering_oak_leaves":7,"minecraft:tall_grass":4,"minecraft:cobblestone":2,"minecraft:wall_torch":1,"biomesoplenty:jacaranda_log":78,"biomesoplenty:tall_lavender":6,"minecraft:iron_ore":7,"minecraft:grass":16,"minecraft:coal_ore":19,"minecraft:oak_log":17,"minecraft:gravel":29,"minecraft:dirt":15,"minecraft:stone":413,"minecraft:oak_leaves":27,"simplefarming:blueberry_bush":1},"minecraft:used":{"biomesoplenty:jacaranda_door":3,"minecraft:stone_sword":90,"minecraft:stone_pickaxe":423,"minecraft:wooden_pickaxe":59,"biomesoplenty:flowering_oak_sapling":1,"minecraft:rotten_flesh":4,"minecraft:oak_door":1,"minecraft:torch":18,"minecraft:dirt":24,"minecraft:crafting_table":2,"simplefarming:blueberries":1,"biomesoplenty:jacaranda_planks":157,"born_in_chaos_v1:corpse_maggot":5,"jeg:scrap_block":1,"minecraft:gravel":7,"minecraft:barrel":8,"jeg:scrap_workbench":1,"minecraft:stone_axe":136,"minecraft:cobblestone":16,"minecraft:oak_sapling":1,"tombstone:gift":1,"quark:oak_chest":7}},"DataVersion":3465}