{"stats":{"minecraft:custom":{"minecraft:interact_with_furnace":3,"minecraft:mob_kills":7,"minecraft:interact_with_crafting_table":18,"minecraft:damage_dealt_resisted":100,"minecraft:time_since_death":12517,"minecraft:time_since_rest":11920,"minecraft:sprint_one_cm":94274,"minecraft:damage_taken":1366,"minecraft:walk_one_cm":154856,"minecraft:drop":14,"minecraft:damage_dealt":1143,"minecraft:fly_one_cm":78867,"minecraft:open_chest":3,"minecraft:crouch_one_cm":7352,"minecraft:play_time":47284,"tombstone:undead_killed":3,"minecraft:deaths":4,"minecraft:sneak_time":1810,"minecraft:jump":416,"minecraft:total_world_time":47284,"minecraft:fall_one_cm":6677},"minecraft:broken":{"minecraft:stone_pickaxe":2,"minecraft:wooden_pickaxe":1},"minecraft:killed":{"born_in_chaos_v1:spiritof_chaos":1,"minecraft:skeleton":1,"minecraft:zombie":2,"born_in_chaos_v1:corpse_fly":3},"minecraft:mined":{"biomesoplenty:jacaranda_leaves":13,"quark:oak_chest":1,"biomesoplenty:jacaranda_planks":39,"minecraft:crafting_table":1,"biomesoplenty:bush":8,"minecraft:grass_block":6,"biomesoplenty:flowering_oak_leaves":7,"minecraft:tall_grass":2,"minecraft:wall_torch":1,"biomesoplenty:jacaranda_log":61,"biomesoplenty:tall_lavender":5,"minecraft:iron_ore":2,"minecraft:grass":14,"minecraft:oak_log":17,"minecraft:coal_ore":8,"minecraft:gravel":29,"minecraft:dirt":15,"minecraft:stone":393,"minecraft:oak_leaves":27},"minecraft:picked_up":{"born_in_chaos_v1:corpse_maggot":5,"minecraft:crafting_table":1,"minecraft:flint":5,"minecraft:oak_log":17,"biomesoplenty:jacaranda_planks":52,"minecraft:gunpowder":2,"minecraft:dirt":26,"biomesoplenty:tall_lavender":5,"minecraft:bone":1,"minecraft:wheat_seeds":2,"minecraft:iron_ingot":2,"minecraft:iron_nugget":1,"minecraft:raw_iron":2,"minecraft:oak_door":3,"minecraft:torch":2,"born_in_chaos_v1:ethereal_spirit":1,"minecraft:gravel":25,"quark:oak_chest":1,"minecraft:spider_eye":1,"biomesoplenty:flowering_oak_sapling":1,"minecraft:rotten_flesh":4,"biomesoplenty:jacaranda_log":56,"minecraft:oak_sapling":1,"minecraft:coal":8,"minecraft:cobblestone":401,"minecraft:ender_pearl":1},"minecraft:dropped":{"minecraft:wheat_seeds":1,"minecraft:iron_nugget":1,"biomesoplenty:jacaranda_planks":10,"minecraft:coal":5,"tombstone:grave_key":1},"minecraft:crafted":{"minecraft:oak_planks":68,"minecraft:cobblestone_slab":6,"minecraft:barrel":3,"biomesoplenty:jacaranda_planks":227,"minecraft:crafting_table":1,"minecraft:wooden_pickaxe":1,"minecraft:stone_axe":1,"biomesoplenty:jacaranda_slab":12,"minecraft:stick":16,"quark:oak_chest":7,"minecraft:stone_pickaxe":3,"minecraft:stone_sword":1,"biomesoplenty:jacaranda_door":3,"minecraft:torch":8},"minecraft:used":{"biomesoplenty:jacaranda_door":2,"minecraft:stone_sword":44,"minecraft:stone_pickaxe":373,"minecraft:wooden_pickaxe":59,"biomesoplenty:flowering_oak_sapling":1,"minecraft:rotten_flesh":4,"minecraft:oak_door":1,"minecraft:torch":8,"minecraft:dirt":5,"minecraft:crafting_table":2,"biomesoplenty:jacaranda_planks":145,"born_in_chaos_v1:corpse_maggot":5,"minecraft:gravel":7,"minecraft:barrel":1,"minecraft:stone_axe":109,"minecraft:cobblestone":15,"minecraft:oak_sapling":1,"tombstone:gift":1,"quark:oak_chest":7},"minecraft:killed_by":{"minecraft:zombie":1}},"DataVersion":3465}