{"stats":{"minecraft:crafted":{"minecraft:oak_planks":116,"minecraft:stone_shovel":1,"minecraft:cobblestone_slab":6,"minecraft:coal":9,"minecraft:barrel":8,"simplyswords:iron_twinblade":2,"minecraft:iron_nugget":9,"minecraft:furnace":3,"minecraft:bone_meal":6,"minecraft:iron_boots":1,"jeg:scrap_workbench":1,"minecraft:stone_pickaxe":5,"biomesoplenty:jacaranda_door":3,"biomesoplenty:jacaranda_sign":3,"minecraft:cooked_beef":7,"biomesoplenty:jacaranda_planks":319,"sophisticatedbackpacks:backpack":1,"minecraft:crafting_table":4,"minecraft:wooden_pickaxe":2,"minecraft:baked_potato":8,"simplyswords:iron_halberd":1,"minecraft:stone_axe":1,"jeg:scrap_block":1,"biomesoplenty:jacaranda_slab":24,"minecraft:bread":19,"minecraft:air":0,"minecraft:iron_chestplate":1,"minecraft:shield":1,"minecraft:stick":48,"quark:oak_chest":8,"minecraft:iron_ingot":69,"minecraft:iron_pickaxe":2,"minecraft:stone_sword":1,"minecraft:iron_leggings":1,"minecraft:torch":56},"minecraft:killed_by":{"minecraft:skeleton":3,"minecraft:zombie":4},"minecraft:broken":{"minecraft:iron_boots":1,"minecraft:wooden_pickaxe":2,"minecraft:stone_pickaxe":4,"simplyswords:iron_twinblade":1,"minecraft:shield":1,"minecraft:stone_axe":1,"minecraft:iron_pickaxe":1,"minecraft:stone_shovel":1},"minecraft:used":{"minecraft:stone_sword":114,"minecraft:stone_shovel":143,"minecraft:dried_kelp":1,"minecraft:shield":51,"minecraft:white_terracotta":1,"minecraft:rotten_flesh":4,"minecraft:oak_door":1,"minecraft:torch":74,"minecraft:dirt":254,"minecraft:carrot":74,"simplefarming:blueberries":12,"minecraft:granite":4,"born_in_chaos_v1:corpse_maggot":6,"minecraft:barrel":8,"minecraft:oak_sapling":4,"minecraft:furnace":3,"tombstone:gift":5,"minecraft:cooked_beef":7,"minecraft:potato":34,"minecraft:knowledge_book":73,"minecraft:wheat_seeds":31,"biomesoplenty:jacaranda_door":4,"minecraft:diorite":11,"minecraft:stone_pickaxe":542,"minecraft:baked_potato":8,"minecraft:oak_planks":38,"minecraft:wooden_pickaxe":118,"biomesoplenty:flowering_oak_sapling":1,"simplefarming:blueberry_bush":1,"minecraft:white_wool":1,"simplefarming:strawberries":1,"minecraft:glow_berries":7,"minecraft:crafting_table":5,"simplyswords:iron_twinblade":306,"simplyswords:iron_halberd":48,"minecraft:cod":2,"minecraft:white_bed":5,"biomesoplenty:jacaranda_planks":162,"minecraft:oak_log":2,"minecraft:apple":5,"jeg:scrap_block":1,"minecraft:bread":23,"minecraft:iron_pickaxe":293,"minecraft:gravel":7,"jeg:scrap_workbench":2,"minecraft:stone_axe":136,"minecraft:coal_block":1,"minecraft:cobblestone":158,"minecraft:andesite":6,"minecraft:birch_log":1,"quark:oak_chest":7,"minecraft:stripped_oak_log":5,"minecraft:bone_meal":6,"biomesoplenty:jacaranda_sign":2},"minecraft:killed":{"undead_revamp2:thewolf":1,"zombie_more:cursed_zombie":1,"minecraft:cave_spider":2,"undead_revamp2:thehunter":1,"born_in_chaos_v1:zombie_bruiser":2,"born_in_chaos_v1:baby_skeleton_minion":2,"undead_revamp2:theswarmer":1,"born_in_chaos_v1:maggot":3,"minecraft:phantom":3,"minecraft:skeleton":7,"undead_revamp2:therod":3,"born_in_chaos_v1:corpse_fish":1,"undead_revamp2:thepregnant":1,"born_in_chaos_v1:spiritof_chaos":1,"zombie_more:boomer_zombie":1,"minecraft:pig":1,"zombie_more:crawler_zombie":1,"undead_revamp2:the_moonflower":3,"undead_revamp2:theheavy":1,"minecraft:creeper":2,"born_in_chaos_v1:decrepit_skeleton":1,"undead_revamp2:thebidyupside":1,"minecraft:zombie":14,"born_in_chaos_v1:dread_hound":3,"born_in_chaos_v1:corpse_fly":5,"minecraft:cow":1},"minecraft:custom":{"minecraft:mob_kills":72,"minecraft:interact_with_crafting_table":78,"minecraft:open_barrel":14,"minecraft:damage_dealt_resisted":2660,"minecraft:leave_game":8,"minecraft:time_since_death":42119,"minecraft:climb_one_cm":878,"minecraft:walk_one_cm":1121561,"minecraft:sprint_one_cm":1112171,"minecraft:damage_blocked_by_shield":2529,"minecraft:drop":51,"minecraft:damage_dealt_absorbed":4,"minecraft:play_time":432864,"minecraft:deaths":43,"minecraft:sneak_time":13974,"minecraft:walk_under_water_one_cm":18689,"minecraft:jump":4244,"minecraft:walk_on_water_one_cm":31768,"minecraft:total_world_time":432864,"minecraft:interact_with_furnace":54,"minecraft:sleep_in_bed":11,"minecraft:time_since_rest":41926,"minecraft:damage_taken":17179,"minecraft:damage_dealt":17207,"minecraft:player_kills":2,"minecraft:swim_one_cm":22142,"minecraft:fly_one_cm":639260,"minecraft:open_chest":89,"minecraft:crouch_one_cm":43969,"tombstone:undead_killed":40,"minecraft:fall_one_cm":94527},"minecraft:picked_up":{"simplefarming:pea_seeds":1,"minecraft:crafting_table":1,"minecraft:allium":2,"minecraft:wheat":34,"minecraft:knowledge_book":1,"tombstone:grave_key":3,"jeg:scrap_workbench":1,"minecraft:chain":1,"minecraft:string":7,"minecraft:raw_copper":48,"zombie_more:acid_drool":1,"minecraft:item_frame":4,"biomesoplenty:tall_lavender":6,"minecraft:beef":3,"minecraft:iron_nugget":4,"minecraft:coal_block":3,"minecraft:egg":1,"minecraft:iron_boots":1,"minecraft:stick":2,"minecraft:raw_iron":76,"simplefarming:pear":3,"born_in_chaos_v1:shattered_skull":1,"minecraft:oak_door":5,"simplefarming:cantaloupe_seeds":1,"minecraft:copper_ingot":10,"minecraft:torch":11,"minecraft:porkchop":1,"simplyswords:iron_halberd":2,"tombstone:grave_dust":14,"minecraft:diorite":11,"born_in_chaos_v1:pieceofdarkmetal":5,"minecraft:carrot":49,"minecraft:redstone":2,"minecraft:arrow":9,"minecraft:rotten_flesh":73,"biomesoplenty:jacaranda_log":76,"simplefarming:strawberries":1,"minecraft:white_terracotta":1,"biomesoplenty:lavender":1,"minecraft:glow_berries":2,"undead_revamp2:arapholia":1,"minecraft:stripped_oak_log":5,"minecraft:white_wool":1,"minecraft:rail":1,"minecraft:cobblestone":693,"minecraft:birch_log":1,"born_in_chaos_v1:corpse_maggot":7,"simplefarming:soybean_seeds":1,"born_in_chaos_v1:monster_flesh":2,"minecraft:andesite":31,"minecraft:leather":6,"biomesoplenty:jacaranda_door":1,"minecraft:potato":55,"alexsmobs:bison_fur":2,"minecraft:flint":5,"minecraft:oak_log":31,"jeg:scrap":86,"biomesoplenty:jacaranda_planks":67,"minecraft:gunpowder":10,"minecraft:dirt":301,"simplefarming:cucumber_seeds":1,"minecraft:bone":15,"minecraft:apple":2,"minecraft:wheat_seeds":76,"minecraft:iron_ingot":9,"simplefarming:blueberry_bush":14,"simplefarming:pear_sapling":1,"jeg:tech_trash":11,"minecraft:oak_planks":17,"born_in_chaos_v1:ethereal_spirit":1,"simplefarming:blueberries":12,"minecraft:gravel":25,"minecraft:white_bed":5,"simplefarming:squash_seeds":2,"quark:oak_chest":1,"minecraft:spider_eye":1,"biomesoplenty:flowering_oak_sapling":1,"undead_revamp2:heavytooth":1,"minecraft:bundle":1,"jeg:scrap_block":1,"born_in_chaos_v1:fire_dust":1,"simplefarming:sweet_potato_seeds":1,"simplefarming:strawberry_bush":1,"minecraft:granite":21,"minecraft:bone_meal":1,"tombstone:magic_scroll":1,"minecraft:oak_sapling":6,"simplefarming:cotton_seeds":1,"minecraft:coal":32,"minecraft:ender_pearl":1},"minecraft:mined":{"minecraft:white_bed":5,"minecraft:oak_sapling":2,"minecraft:oak_door":1,"minecraft:granite":21,"minecraft:allium":1,"biomesoplenty:bush":26,"minecraft:grass_block":181,"biomesoplenty:flowering_oak_leaves":7,"minecraft:coal_block":3,"minecraft:spawner":1,"biomesoplenty:jacaranda_log":78,"biomesoplenty:tall_lavender":6,"minecraft:carrots":9,"minecraft:iron_ore":76,"minecraft:fire":3,"minecraft:andesite":29,"minecraft:potatoes":5,"biomesoplenty:high_grass":3,"minecraft:stone":647,"simplefarming:strawberry_bush":1,"simplefarming:blueberry_bush":14,"horror_element_mod:spiked_body":1,"biomesoplenty:jacaranda_leaves":17,"jeg:scrap_ore":48,"quark:oak_chest":1,"jeg:scrap_block":1,"biomesoplenty:jacaranda_planks":51,"minecraft:crafting_table":1,"minecraft:torch":4,"biomesoplenty:high_grass_plant":8,"minecraft:copper_ore":13,"minecraft:tall_grass":5,"minecraft:cobblestone":23,"minecraft:oak_planks":19,"minecraft:diorite":8,"minecraft:wall_torch":2,"minecraft:seagrass":1,"jeg:scrap_workbench":1,"simplefarming:pear_leaves":3,"minecraft:wheat":16,"minecraft:lilac":1,"minecraft:birch_leaves":2,"minecraft:grass":27,"minecraft:oak_log":31,"minecraft:coal_ore":32,"minecraft:gravel":29,"minecraft:dirt":89,"minecraft:cobweb":5,"minecraft:oak_leaves":66},"minecraft:dropped":{"simplefarming:pear":3,"minecraft:iron_ingot":5,"minecraft:bread":2,"minecraft:wheat_seeds":4,"simplefarming:blueberry_bush":6,"simplefarming:sweet_potato_seeds":1,"minecraft:glow_berries":2,"minecraft:leather":2,"simplyswords:iron_halberd":2,"biomesoplenty:jacaranda_planks":123,"minecraft:coal":5,"simplefarming:pear_sapling":1,"minecraft:dirt":1,"tombstone:grave_key":3,"minecraft:iron_nugget":1,"simplyswords:iron_twinblade":1,"minecraft:wheat":1,"minecraft:carrot":8,"born_in_chaos_v1:corpse_maggot":1,"minecraft:stone_pickaxe":1}},"DataVersion":3465}