{"stats":{"minecraft:mined":{"jeg:scrap_ore":8,"minecraft:oak_fence":1,"minecraft:grass_block":16,"minecraft:rose_bush":2,"minecraft:andesite_slab":2,"minecraft:campfire":1,"minecraft:cobblestone":2,"minecraft:copper_ore":4,"minecraft:oak_planks":3,"minecraft:pink_petals":6,"minecraft:hay_block":3,"minecraft:purple_wool":4,"minecraft:purple_bed":1,"minecraft:black_stained_glass":7,"minecraft:blue_terracotta":2,"minecraft:carrots":1,"minecraft:iron_ore":1,"minecraft:wheat":8,"minecraft:purple_concrete":2,"minecraft:dirt_path":3,"minecraft:grass":3,"minecraft:coal_ore":4,"minecraft:potatoes":1,"minecraft:oak_log":8,"minecraft:oak_stairs":1,"minecraft:cherry_leaves":11,"minecraft:stripped_oak_log":2,"minecraft:dirt":10,"minecraft:infested_cracked_stone_bricks":1,"minecraft:cobweb":1,"minecraft:stripped_birch_wood":2,"minecraft:stone":27,"minecraft:stone_bricks":11},"minecraft:crafted":{"minecraft:wooden_sword":1,"minecraft:oak_planks":28,"minecraft:crafting_table":2,"minecraft:purple_bed":1,"minecraft:wooden_pickaxe":1,"minecraft:furnace":1,"minecraft:birch_planks":8,"minecraft:bread":11,"minecraft:air":0,"jeg:scrap_block":1,"jeg:scrap_workbench":1,"minecraft:stick":16,"minecraft:iron_ingot":1,"minecraft:stone_pickaxe":1,"minecraft:torch":12,"minecraft:wheat":27},"minecraft:killed":{"undead_revamp2:thehunter":1,"hordes:zombie_player":3,"minecraft:zombie_villager":1,"undead_revamp2:the_moonflower":1,"minecraft:vindicator":1,"minecraft:skeleton":2,"minecraft:pillager":1,"born_in_chaos_v1:corpse_fly":1},"minecraft:used":{"minecraft:knowledge_book":17,"minecraft:oak_fence":1,"minecraft:stone_pickaxe":38,"minecraft:oak_planks":2,"minecraft:wooden_pickaxe":52,"minecraft:iron_sword":4,"minecraft:rotten_flesh":1,"minecraft:torch":6,"minecraft:dirt":28,"minecraft:crafting_table":2,"minecraft:cod":1,"minecraft:oak_log":1,"minecraft:bread":24,"minecraft:stone_bricks":6,"jeg:scrap_workbench":1,"minecraft:wooden_sword":53,"minecraft:cobblestone":6,"minecraft:purple_bed":2,"minecraft:furnace":1,"alexsmobs:animal_dictionary":1,"tombstone:gift":3,"minecraft:pumpkin_pie":1,"minecraft:purple_wool":1},"minecraft:dropped":{"minecraft:purple_concrete":2,"minecraft:cobblestone":1,"minecraft:rotten_flesh":5,"simplefarming:yam_seeds":1,"minecraft:dirt":1,"minecraft:torch":1,"minecraft:charcoal":1,"tombstone:grave_dust":3,"minecraft:string":1,"minecraft:pink_petals":76,"simplefarming:sorghum_seeds":1},"minecraft:picked_up":{"minecraft:stripped_oak_log":2,"minecraft:pink_petals":97,"minecraft:charcoal":3,"born_in_chaos_v1:corpse_maggot":4,"minecraft:wheat":16,"minecraft:purple_wool":4,"minecraft:water_bucket":1,"minecraft:salmon":2,"minecraft:leather":4,"minecraft:wooden_pickaxe":1,"minecraft:oak_stairs":1,"minecraft:knowledge_book":8,"minecraft:oak_log":8,"jeg:scrap":19,"minecraft:raw_copper":15,"minecraft:string":2,"minecraft:dirt":28,"minecraft:paper":6,"tombstone:gift":1,"simplefarming:sorghum_seeds":1,"minecraft:item_frame":2,"minecraft:iron_leggings":1,"minecraft:leather_boots":1,"minecraft:stone_bricks":11,"minecraft:wheat_seeds":20,"minecraft:iron_ingot":15,"minecraft:oak_planks":6,"minecraft:iron_sword":1,"minecraft:purple_concrete":2,"minecraft:raw_iron":1,"minecraft:stick":1,"minecraft:oak_door":1,"minecraft:oak_fence":1,"simplefarming:yam_seeds":1,"minecraft:torch":12,"tombstone:grave_dust":5,"minecraft:carrot":1,"alexsmobs:animal_dictionary":1,"minecraft:blue_terracotta":2,"minecraft:purple_bed":1,"minecraft:rotten_flesh":11,"tombstone:familiar_stone":1,"minecraft:pumpkin_pie":1,"minecraft:hay_block":6,"minecraft:crossbow":1,"minecraft:bread":2,"minecraft:emerald":4,"pfm:furniture_book":1,"minecraft:stripped_birch_wood":2,"minecraft:coal":7,"minecraft:cobblestone":28},"minecraft:custom":{"minecraft:interact_with_furnace":2,"minecraft:mob_kills":11,"tombstone:raider_killed":2,"minecraft:interact_with_crafting_table":16,"minecraft:open_barrel":2,"minecraft:damage_dealt_resisted":76,"minecraft:leave_game":1,"minecraft:time_since_death":8858,"minecraft:climb_one_cm":1134,"minecraft:damage_resisted":8,"minecraft:time_since_rest":6459,"minecraft:sprint_one_cm":198387,"minecraft:damage_taken":6111,"minecraft:walk_one_cm":177890,"minecraft:drop":13,"minecraft:damage_dealt":2083,"minecraft:swim_one_cm":3973,"minecraft:fly_one_cm":153060,"minecraft:open_chest":9,"minecraft:crouch_one_cm":3062,"minecraft:play_time":88293,"tombstone:undead_killed":8,"minecraft:deaths":17,"minecraft:sneak_time":1482,"minecraft:walk_under_water_one_cm":3213,"minecraft:jump":1016,"minecraft:walk_on_water_one_cm":1830,"minecraft:total_world_time":88293,"minecraft:fall_one_cm":26480}},"DataVersion":3465}