{"stats":{"minecraft:picked_up":{"minecraft:crafting_table":1,"quark:clear_shard":5,"minecraft:spruce_log":2,"minecraft:oak_sapling":1,"minecraft:dirt":3},"minecraft:custom":{"minecraft:time_since_rest":1,"minecraft:crouch_one_cm":2140,"minecraft:play_time":11499,"minecraft:sprint_one_cm":44649,"minecraft:walk_one_cm":34662,"minecraft:damage_taken":524,"minecraft:deaths":2,"minecraft:sneak_time":504,"minecraft:jump":259,"minecraft:damage_dealt":37,"minecraft:time_since_death":929,"minecraft:total_world_time":11499,"minecraft:climb_one_cm":2943,"minecraft:interact_with_crafting_table":1,"minecraft:fall_one_cm":8616,"minecraft:fly_one_cm":53262},"minecraft:used":{"minecraft:knowledge_book":5,"minecraft:wooden_sword":1,"minecraft:dirt":3,"minecraft:crafting_table":1},"minecraft:crafted":{"minecraft:wooden_sword":1,"minecraft:crafting_table":1,"minecraft:spruce_planks":8,"minecraft:stick":4},"minecraft:mined":{"minecraft:grass":1,"biomesoplenty:bush":1,"minecraft:grass_block":3,"minecraft:glass":2,"minecraft:spruce_leaves":7,"minecraft:spruce_log":2,"minecraft:oak_leaves":3,"minecraft:crafting_table":1}},"DataVersion":3465}