{"stats":{"minecraft:crafted":{"minecraft:oak_planks":128,"minecraft:cobblestone_slab":6,"minecraft:barrel":8,"quark:birch_chest":1,"minecraft:stone":21,"minecraft:heavy_weighted_pressure_plate":1,"minecraft:cooked_mutton":4,"minecraft:repeater":1,"minecraft:iron_boots":3,"tombstone:grave_key":1,"minecraft:chest":1,"minecraft:birch_door":3,"biomesoplenty:jacaranda_sign":3,"minecraft:stone_hoe":1,"minecraft:smoker":1,"sophisticatedbackpacks:backpack":1,"biomesoplenty:jacaranda_planks":355,"minecraft:cooked_porkchop":6,"minecraft:crafting_table":7,"minecraft:iron_helmet":1,"minecraft:baked_potato":57,"minecraft:wooden_pickaxe":2,"minecraft:copper_ingot":28,"minecraft:birch_planks":76,"biomesoplenty:jacaranda_slab":24,"pfm:working_table":1,"minecraft:iron_chestplate":4,"minecraft:shield":3,"minecraft:stick":116,"quark:oak_chest":8,"minecraft:iron_ingot":141,"minecraft:iron_pickaxe":5,"minecraft:stone_sword":1,"simplyswords:diamond_halberd":1,"minecraft:gold_ingot":22,"minecraft:stone_shovel":1,"minecraft:coal":27,"simplyswords:iron_twinblade":2,"minecraft:iron_nugget":9,"minecraft:furnace":8,"minecraft:stone_button":10,"minecraft:bone_meal":6,"minecraft:diamond":1,"jeg:scrap_workbench":1,"minecraft:stone_pickaxe":20,"biomesoplenty:jacaranda_door":3,"sophisticatedbackpacks:iron_backpack":1,"minecraft:cooked_beef":7,"simplyswords:iron_halberd":2,"sophisticatedbackpacks:gold_backpack":1,"minecraft:mangrove_planks":4,"minecraft:stone_axe":2,"jeg:scrap_block":1,"minecraft:air":0,"minecraft:bread":31,"minecraft:iron_leggings":2,"minecraft:torch":140},"minecraft:killed_by":{"minecraft:zombie":8,"alexscaves:teletor":1,"minecraft:skeleton":3},"minecraft:broken":{"minecraft:iron_boots":2,"minecraft:iron_chestplate":1,"minecraft:iron_leggings":1,"minecraft:stone_pickaxe":19,"simplyswords:iron_twinblade":1,"minecraft:stone_axe":1,"minecraft:stone_shovel":1,"simplyswords:iron_halberd":2,"minecraft:stone_sword":1,"minecraft:wooden_pickaxe":2,"minecraft:shield":3,"minecraft:iron_pickaxe":4,"minecraft:iron_helmet":1},"minecraft:used":{"minecraft:chest":1,"minecraft:shield":152,"minecraft:white_terracotta":1,"minecraft:stone":1,"alexscaves:galena":51,"minecraft:rotten_flesh":4,"minecraft:carrot":115,"minecraft:tuff":2,"simplefarming:blueberries":15,"jeg:custom_smg":49,"simplefarming:raspberries":5,"born_in_chaos_v1:corpse_maggot":11,"minecraft:stone_bricks":7,"minecraft:bow":13,"minecraft:furnace":9,"minecraft:oak_sapling":4,"jeg:revolver":7,"minecraft:gray_bed":2,"minecraft:egg":3,"minecraft:potato":45,"minecraft:diorite":11,"minecraft:oak_planks":40,"minecraft:stone_pickaxe":2534,"minecraft:wooden_pickaxe":118,"simplyswords:diamond_halberd":63,"biomesoplenty:flowering_oak_sapling":1,"simplefarming:blueberry_bush":1,"simplefarming:strawberries":6,"minecraft:white_wool":1,"minecraft:glow_berries":7,"alexscaves:cave_book":2,"simplyswords:iron_halberd":494,"biomesoplenty:jacaranda_planks":182,"pfm:working_table":1,"jeg:scrap_block":1,"minecraft:bread":31,"tombstone:grave_key":3,"minecraft:gravel":7,"minecraft:coal_block":3,"minecraft:andesite":6,"minecraft:birch_log":3,"minecraft:bone_meal":6,"biomesoplenty:jacaranda_sign":2,"pfm:oak_gray_simple_bed":2,"quark:birch_chest":1,"minecraft:stone_sword":125,"minecraft:stone_shovel":143,"minecraft:dried_kelp":1,"minecraft:spruce_planks":1,"minecraft:stone_hoe":40,"minecraft:oak_door":5,"minecraft:torch":206,"minecraft:dirt":413,"alexscaves:metal_swarf":6,"minecraft:granite":4,"minecraft:birch_door":2,"minecraft:smooth_quartz":1,"biomesoplenty:jacaranda_log":1,"minecraft:barrel":8,"minecraft:beef":9,"tombstone:gift":6,"minecraft:cooked_beef":11,"minecraft:cobbled_deepslate":144,"minecraft:enchanted_golden_apple":1,"minecraft:knowledge_book":122,"minecraft:wheat_seeds":31,"minecraft:cooked_mutton":4,"biomesoplenty:jacaranda_door":4,"minecraft:water_bucket":9,"minecraft:birch_planks":14,"minecraft:baked_potato":88,"minecraft:cracked_stone_bricks":1,"minecraft:mossy_cobblestone":1,"minecraft:oak_slab":3,"minecraft:crafting_table":13,"simplyswords:iron_twinblade":306,"minecraft:cod":2,"simplefarming:blackberries":5,"minecraft:white_bed":16,"minecraft:smoker":2,"minecraft:oak_log":2,"minecraft:apple":8,"minecraft:chicken":1,"minecraft:iron_pickaxe":1192,"tombstone:magic_scroll":1,"jeg:scrap_workbench":2,"minecraft:stone_axe":157,"minecraft:cobblestone":545,"minecraft:porkchop":1,"minecraft:cooked_porkchop":9,"minecraft:bucket":8,"quark:oak_chest":7,"minecraft:stripped_oak_log":7},"minecraft:killed":{"undead_revamp2:thewolf":2,"zombie_more:cursed_zombie":9,"minecraft:cave_spider":3,"minecraft:witch":1,"born_in_chaos_v1:zombie_lumberjack":1,"undead_revamp2:theswarmer":1,"born_in_chaos_v1:baby_skeleton_minion":2,"minecraft:skeleton":15,"minecraft:chicken":1,"undead_revamp2:therod":3,"undead_revamp2:thepregnant":1,"undead_revamp2:thespitter":1,"alexscaves:notor":4,"zombie_more:boomer_zombie":5,"born_in_chaos_v1:bonescaller":2,"minecraft:pig":6,"born_in_chaos_v1:diamond_termite":15,"undead_revamp2:theheavy":1,"undead_revamp2:thebeartamer":1,"minecraft:creeper":6,"minecraft:sheep":2,"undead_revamp2:thebidyupside":1,"minecraft:zombie":69,"born_in_chaos_v1:dread_hound":4,"born_in_chaos_v1:corpse_fly":5,"alexsmobs:fly":1,"minecraft:cow":2,"undead_revamp2:thehunter":7,"alexscaves:ferrouslime":1,"born_in_chaos_v1:zombie_bruiser":2,"born_in_chaos_v1:maggot":12,"minecraft:phantom":3,"alexsmobs:bison":1,"born_in_chaos_v1:corpse_fish":1,"undead_revamp2:sucker":3,"born_in_chaos_v1:spiritof_chaos":1,"born_in_chaos_v1:fallen_chaos_knight":1,"born_in_chaos_v1:bone_imp_minion":1,"zombie_more:crawler_zombie":8,"undead_revamp2:the_moonflower":7,"born_in_chaos_v1:decrepit_skeleton":4},"minecraft:custom":{"minecraft:interact_with_crafting_table":147,"minecraft:open_barrel":90,"minecraft:leave_game":13,"minecraft:time_since_death":37454,"minecraft:damage_resisted":58,"minecraft:sprint_one_cm":2742774,"minecraft:damage_blocked_by_shield":8075,"minecraft:drop":218,"minecraft:play_time":1008334,"minecraft:deaths":95,"minecraft:jump":11831,"minecraft:walk_on_water_one_cm":89128,"minecraft:interact_with_furnace":139,"minecraft:interact_with_loom":4,"minecraft:sleep_in_bed":22,"minecraft:damage_dealt":42072,"minecraft:player_kills":2,"minecraft:crouch_one_cm":115174,"tombstone:undead_killed":146,"minecraft:interact_with_smoker":9,"minecraft:mob_kills":232,"minecraft:damage_dealt_resisted":3648,"minecraft:climb_one_cm":22910,"minecraft:walk_one_cm":2083746,"minecraft:damage_dealt_absorbed":4,"minecraft:sneak_time":45326,"minecraft:walk_under_water_one_cm":67298,"minecraft:total_world_time":1008334,"tombstone:raider_killed":1,"minecraft:time_since_rest":37074,"minecraft:damage_taken":42222,"minecraft:damage_absorbed":160,"minecraft:swim_one_cm":99585,"minecraft:fly_one_cm":2000748,"minecraft:open_chest":212,"minecraft:fall_one_cm":289607},"minecraft:picked_up":{"minecraft:wooden_axe":1,"minecraft:wheat":66,"minecraft:enchanted_book":2,"minecraft:knowledge_book":1,"minecraft:stone_brick_stairs":1,"tombstone:grave_key":6,"minecraft:polished_deepslate":10,"minecraft:string":16,"minecraft:raw_copper":93,"zombie_more:acid_drool":4,"pfm:oak_gray_simple_bed":1,"biomesoplenty:tall_lavender":6,"jeg:revolver":4,"minecraft:cobbled_deepslate":1128,"minecraft:spruce_planks":1,"minecraft:calcite":7,"minecraft:smooth_quartz":1,"simplefarming:blackberry_bush":9,"minecraft:enchanted_golden_apple":1,"minecraft:coal_block":5,"minecraft:mangrove_log":1,"minecraft:iron_boots":1,"minecraft:furnace":1,"minecraft:stick":17,"born_in_chaos_v1:shattered_skull":1,"jeg:pistol_ammo":73,"minecraft:brick_wall":1,"minecraft:torch":56,"alexscaves:raw_azure_neodymium":28,"minecraft:porkchop":10,"simplefarming:raspberries":8,"tombstone:grave_dust":29,"minecraft:diorite":48,"minecraft:deepslate_tile_stairs":4,"minecraft:stone_sword":1,"minecraft:rotten_flesh":188,"alexscaves:notor_gizmo":4,"minecraft:white_terracotta":5,"undead_revamp2:arapholia":1,"minecraft:cobblestone":1530,"biomesoplenty:lavender":2,"minecraft:birch_log":33,"minecraft:cooked_beef":4,"minecraft:water_bucket":1,"minecraft:andesite":61,"minecraft:flint":21,"minecraft:smoker":1,"minecraft:potato":163,"alexsmobs:bison_fur":4,"alexscaves:cave_book":1,"minecraft:tuff":80,"undead_revamp2:huntereye":2,"jeg:scrap":284,"minecraft:lapis_lazuli":53,"minecraft:dirt":475,"zombie_more:crawler_gut":2,"alexscaves:galena":138,"simplefarming:cucumber_seeds":1,"minecraft:bone":36,"minecraft:wheat_seeds":163,"minecraft:raw_gold":18,"simplefarming:blueberry_bush":22,"minecraft:glowstone_dust":1,"minecraft:oak_planks":36,"minecraft:cooked_porkchop":3,"minecraft:mossy_cobblestone":2,"undead_revamp2:heavytooth":1,"minecraft:bundle":2,"jeg:scrap_block":1,"born_in_chaos_v1:fire_dust":1,"minecraft:diamond":10,"minecraft:black_concrete":1,"jeg:custom_smg":1,"minecraft:granite":69,"minecraft:bone_meal":1,"minecraft:chorus_fruit":2,"minecraft:oak_sapling":9,"minecraft:netherrack":1,"born_in_chaos_v1:diamond_termite_shard":20,"minecraft:crafting_table":8,"simplefarming:pea_seeds":1,"minecraft:allium":6,"minecraft:chicken":1,"born_in_chaos_v1:seedof_chaos":3,"biomesoplenty:jacaranda_sapling":2,"jeg:scrap_workbench":1,"minecraft:chain":1,"alexscaves:metal_swarf":6,"minecraft:stone_stairs":1,"minecraft:item_frame":4,"minecraft:cracked_stone_bricks":7,"minecraft:beef":12,"minecraft:iron_nugget":36,"minecraft:birch_sapling":1,"minecraft:phantom_membrane":2,"minecraft:egg":3,"minecraft:raw_iron":209,"simplefarming:pear":3,"minecraft:oak_door":7,"simplefarming:cantaloupe_seeds":2,"minecraft:copper_ingot":23,"zombie_more:cursed_heart":3,"simplyswords:iron_halberd":2,"born_in_chaos_v1:pieceofdarkmetal":7,"minecraft:carrot":87,"minecraft:redstone":318,"minecraft:diamond_chestplate":1,"minecraft:arrow":18,"biomesoplenty:jacaranda_log":90,"minecraft:golden_hoe":1,"simplefarming:strawberries":6,"tombstone:essence_of_undeath":2,"minecraft:glow_berries":2,"minecraft:mutton":4,"minecraft:rail":1,"minecraft:white_wool":3,"minecraft:stripped_oak_log":7,"born_in_chaos_v1:corpse_maggot":13,"simplefarming:soybean_seeds":2,"born_in_chaos_v1:monster_flesh":3,"minecraft:leather":8,"minecraft:birch_planks":8,"biomesoplenty:jacaranda_door":1,"minecraft:oak_log":35,"biomesoplenty:jacaranda_planks":67,"minecraft:gunpowder":30,"alexscaves:ferrouslime_ball":1,"minecraft:apple":6,"minecraft:stone_bricks":26,"tombstone:bag_of_seeds":2,"minecraft:iron_ingot":42,"minecraft:stone_pickaxe":4,"minecraft:cobweb":4,"simplefarming:pear_sapling":1,"minecraft:gray_bed":4,"jeg:tech_trash":32,"minecraft:oak_slab":3,"minecraft:smooth_basalt":5,"born_in_chaos_v1:ethereal_spirit":3,"minecraft:dripstone_block":2,"simplefarming:blueberries":16,"minecraft:gravel":47,"minecraft:white_bed":15,"simplefarming:squash_seeds":2,"simplefarming:raspberry_bush":3,"quark:oak_chest":1,"minecraft:spider_eye":2,"simplefarming:blackberries":10,"biomesoplenty:flowering_oak_sapling":1,"minecraft:slime_ball":17,"simplefarming:sweet_potato_seeds":1,"simplefarming:strawberry_bush":6,"alexscaves:azure_neodymium_pillar":3,"minecraft:baked_potato":36,"tombstone:magic_scroll":2,"simplefarming:cotton_seeds":1,"minecraft:coal":132,"minecraft:ender_pearl":4},"minecraft:dropped":{"minecraft:birch_planks":2,"alexscaves:notor_gizmo":2,"minecraft:baked_potato":5,"minecraft:ender_pearl":3,"simplefarming:sweet_potato_seeds":1,"minecraft:glow_berries":2,"minecraft:leather":2,"simplyswords:iron_halberd":2,"minecraft:cracked_stone_bricks":3,"alexsmobs:bison_fur":1,"minecraft:flint":5,"minecraft:deepslate_tile_stairs":2,"born_in_chaos_v1:monster_flesh":1,"simplefarming:pea_seeds":1,"minecraft:dirt":6,"biomesoplenty:jacaranda_sign":1,"minecraft:bone_meal":1,"simplefarming:blackberries":5,"minecraft:iron_pickaxe":1,"simplefarming:squash_seeds":2,"jeg:tech_trash":14,"quark:oak_chest":1,"minecraft:bone":14,"minecraft:gravel":7,"simplefarming:cantaloupe_seeds":2,"minecraft:cobbled_deepslate":889,"minecraft:iron_nugget":10,"simplyswords:iron_twinblade":1,"minecraft:wheat":1,"undead_revamp2:arapholia":1,"minecraft:birch_sapling":1,"born_in_chaos_v1:ethereal_spirit":1,"minecraft:rotten_flesh":52,"biomesoplenty:jacaranda_slab":2,"minecraft:stone_stairs":1,"minecraft:carrot":8,"jeg:revolver":3,"born_in_chaos_v1:seedof_chaos":1,"alexscaves:cave_book":1,"simplefarming:strawberry_bush":3,"born_in_chaos_v1:corpse_maggot":1,"zombie_more:acid_drool":3,"born_in_chaos_v1:diamond_termite_shard":6,"minecraft:stone_brick_stairs":1,"biomesoplenty:tall_lavender":6,"minecraft:netherrack":1,"minecraft:bread":6,"minecraft:iron_ingot":18,"simplefarming:pear":3,"alexscaves:raw_azure_neodymium":10,"minecraft:wheat_seeds":52,"simplefarming:blueberry_bush":10,"minecraft:mossy_cobblestone":1,"minecraft:dripstone_block":2,"biomesoplenty:lavender":2,"minecraft:oak_fence":2,"minecraft:cobblestone":11,"minecraft:knowledge_book":2,"minecraft:copper_ingot":7,"biomesoplenty:jacaranda_planks":123,"minecraft:coal":10,"simplefarming:pear_sapling":1,"simplefarming:soybean_seeds":1,"minecraft:diorite":12,"minecraft:torch":2,"tombstone:grave_key":6,"minecraft:wooden_axe":1,"tombstone:grave_dust":2,"minecraft:golden_hoe":1,"minecraft:string":2,"minecraft:smooth_basalt":5,"minecraft:polished_deepslate":8,"simplefarming:cotton_seeds":1,"minecraft:brick_wall":1,"minecraft:tuff":78,"minecraft:iron_boots":1,"minecraft:allium":6,"simplefarming:cucumber_seeds":1,"minecraft:iron_chestplate":1,"minecraft:andesite":4,"minecraft:oak_sapling":4,"minecraft:spider_eye":1,"minecraft:stone_bricks":4,"minecraft:stone_pickaxe":3,"minecraft:calcite":7,"jeg:pistol_ammo":1},"minecraft:mined":{"simplefarming:raspberry_bush":8,"minecraft:white_bed":15,"minecraft:oak_sapling":2,"minecraft:sculk_vein":14,"alexscaves:azure_neodymium_pillar":6,"minecraft:granite":71,"minecraft:grass_block":234,"biomesoplenty:flowering_oak_leaves":7,"minecraft:coal_block":5,"minecraft:deepslate_tile_stairs":2,"simplefarming:blackberry_bush":5,"minecraft:spawner":2,"minecraft:smooth_stone":1,"biomesoplenty:tall_lavender":6,"minecraft:sculk_catalyst":11,"minecraft:fire":3,"minecraft:iron_ore":143,"minecraft:cobbled_deepslate":6,"biomesoplenty:lavender":1,"minecraft:deepslate_lapis_ore":8,"minecraft:sculk_shrieker":3,"biomesoplenty:webbing":2,"horror_element_mod:spiked_body":1,"biomesoplenty:jacaranda_leaves":44,"minecraft:deepslate_redstone_ore":68,"jeg:scrap_block":1,"biomesoplenty:jacaranda_planks":51,"minecraft:smoker":1,"born_in_chaos_v1:infected_deepslate_diamond_ore":6,"minecraft:torch":17,"alexscaves:energized_galena_scarlet":19,"minecraft:cobblestone":90,"minecraft:sugar_cane":1,"minecraft:oak_planks":27,"minecraft:wall_torch":10,"minecraft:seagrass":1,"minecraft:white_terracotta":4,"minecraft:repeater":1,"minecraft:birch_log":32,"minecraft:wheat":16,"minecraft:lilac":1,"minecraft:stone_brick_stairs":1,"minecraft:grass":44,"minecraft:oak_log":33,"horror_element_mod:dead_cow":1,"minecraft:smooth_quartz":1,"minecraft:dirt":198,"pfm:oak_gray_simple_bed":1,"minecraft:oak_leaves":76,"minecraft:deepslate":1194,"minecraft:tuff":96,"minecraft:mossy_cobblestone":5,"minecraft:deepslate_diamond_ore":10,"minecraft:oak_door":2,"born_in_chaos_v1:infected_diamond_ore":3,"biomesoplenty:bush":33,"minecraft:allium":1,"minecraft:white_stained_glass":2,"alexscaves:galena_spire":1,"alexscaves:galena":118,"biomesoplenty:jacaranda_log":93,"minecraft:redstone_ore":2,"minecraft:furnace":1,"minecraft:carrots":9,"alexscaves:energized_galena_azure":14,"minecraft:andesite":60,"minecraft:polished_deepslate":8,"minecraft:potatoes":10,"biomesoplenty:high_grass":6,"minecraft:deepslate_iron_ore":25,"minecraft:stripped_oak_log":1,"minecraft:stone":1370,"simplefarming:strawberry_bush":6,"simplefarming:blueberry_bush":18,"minecraft:oak_slab":3,"jeg:scrap_ore":122,"quark:oak_chest":1,"minecraft:brick_wall":1,"minecraft:crafting_table":8,"minecraft:sculk_sensor":41,"alexscaves:metal_swarf":9,"biomesoplenty:high_grass_plant":12,"minecraft:copper_ore":28,"minecraft:tall_grass":5,"minecraft:lapis_ore":6,"minecraft:deepslate_gold_ore":18,"minecraft:sculk":27,"minecraft:diorite":35,"jeg:deepslate_scrap_ore":37,"minecraft:birch_planks":8,"jeg:scrap_workbench":1,"alexscaves:galena_iron_ore":20,"biomesoplenty:yellow_autumn_leaves":8,"simplefarming:pear_leaves":3,"minecraft:gray_bed":4,"minecraft:birch_leaves":13,"minecraft:coal_ore":70,"minecraft:dripstone_block":1,"minecraft:gravel":57,"minecraft:cobweb":6,"minecraft:cracked_stone_bricks":6,"minecraft:polished_andesite":1,"minecraft:stone_bricks":25,"minecraft:fern":1}},"DataVersion":3465}