{"stats":{"minecraft:picked_up":{"minecraft:crafting_table":1,"minecraft:wheat":16,"jeg:scrap_workbench":1,"minecraft:chain":1,"minecraft:string":7,"minecraft:raw_copper":48,"zombie_more:acid_drool":1,"biomesoplenty:tall_lavender":6,"minecraft:item_frame":2,"minecraft:beef":3,"minecraft:iron_nugget":4,"minecraft:iron_boots":1,"minecraft:raw_iron":73,"born_in_chaos_v1:shattered_skull":1,"minecraft:oak_door":3,"simplefarming:cantaloupe_seeds":1,"minecraft:copper_ingot":9,"minecraft:torch":10,"tombstone:grave_dust":10,"minecraft:diorite":11,"born_in_chaos_v1:pieceofdarkmetal":3,"minecraft:carrot":7,"minecraft:arrow":5,"minecraft:rotten_flesh":38,"biomesoplenty:jacaranda_log":76,"simplefarming:strawberries":1,"minecraft:glow_berries":2,"minecraft:white_wool":1,"minecraft:rail":1,"minecraft:cobblestone":593,"born_in_chaos_v1:corpse_maggot":6,"born_in_chaos_v1:monster_flesh":1,"minecraft:andesite":31,"minecraft:leather":6,"alexsmobs:bison_fur":2,"minecraft:potato":16,"biomesoplenty:jacaranda_door":1,"minecraft:flint":5,"minecraft:oak_log":22,"jeg:scrap":67,"biomesoplenty:jacaranda_planks":61,"minecraft:gunpowder":5,"minecraft:dirt":226,"minecraft:bone":11,"minecraft:apple":2,"minecraft:wheat_seeds":44,"minecraft:iron_ingot":6,"simplefarming:blueberry_bush":13,"minecraft:oak_planks":15,"jeg:tech_trash":9,"born_in_chaos_v1:ethereal_spirit":1,"simplefarming:blueberries":12,"minecraft:gravel":25,"minecraft:white_bed":5,"minecraft:spider_eye":1,"quark:oak_chest":1,"biomesoplenty:flowering_oak_sapling":1,"undead_revamp2:heavytooth":1,"jeg:scrap_block":1,"simplefarming:strawberry_bush":1,"minecraft:granite":21,"minecraft:oak_sapling":4,"minecraft:coal":32,"minecraft:ender_pearl":1},"minecraft:killed_by":{"minecraft:skeleton":1,"minecraft:zombie":3},"minecraft:custom":{"minecraft:mob_kills":36,"minecraft:interact_with_crafting_table":64,"minecraft:open_barrel":1,"minecraft:damage_dealt_resisted":2023,"minecraft:leave_game":1,"minecraft:time_since_death":7831,"minecraft:climb_one_cm":281,"minecraft:sprint_one_cm":757015,"minecraft:walk_one_cm":643012,"minecraft:damage_blocked_by_shield":2529,"minecraft:drop":23,"minecraft:play_time":214453,"minecraft:deaths":31,"minecraft:sneak_time":7607,"minecraft:walk_under_water_one_cm":16679,"minecraft:jump":2340,"minecraft:walk_on_water_one_cm":17821,"minecraft:total_world_time":214453,"minecraft:interact_with_furnace":32,"minecraft:sleep_in_bed":8,"minecraft:time_since_rest":7596,"minecraft:damage_taken":10716,"minecraft:damage_dealt":7425,"minecraft:fly_one_cm":339440,"minecraft:swim_one_cm":11061,"minecraft:player_kills":1,"minecraft:open_chest":40,"minecraft:crouch_one_cm":28220,"tombstone:undead_killed":19,"minecraft:fall_one_cm":46426},"minecraft:killed":{"minecraft:cave_spider":2,"minecraft:phantom":1,"born_in_chaos_v1:maggot":1,"minecraft:skeleton":4,"undead_revamp2:therod":3,"undead_revamp2:thepregnant":1,"born_in_chaos_v1:spiritof_chaos":1,"zombie_more:boomer_zombie":1,"zombie_more:crawler_zombie":1,"undead_revamp2:the_moonflower":2,"undead_revamp2:theheavy":1,"minecraft:creeper":1,"undead_revamp2:thebidyupside":1,"minecraft:zombie":6,"born_in_chaos_v1:dread_hound":2,"born_in_chaos_v1:corpse_fly":4,"minecraft:cow":1},"minecraft:dropped":{"minecraft:iron_ingot":1,"minecraft:wheat_seeds":1,"simplefarming:blueberry_bush":6,"minecraft:glow_berries":2,"minecraft:leather":2,"biomesoplenty:jacaranda_planks":123,"minecraft:coal":5,"minecraft:dirt":1,"tombstone:grave_key":1,"minecraft:iron_nugget":1,"minecraft:wheat":1,"born_in_chaos_v1:corpse_maggot":1},"minecraft:broken":{"minecraft:wooden_pickaxe":1,"minecraft:stone_pickaxe":4,"minecraft:shield":1,"minecraft:stone_axe":1,"minecraft:stone_shovel":1},"minecraft:crafted":{"minecraft:oak_planks":80,"minecraft:cobblestone_slab":6,"minecraft:stone_shovel":1,"minecraft:barrel":8,"simplyswords:iron_twinblade":1,"minecraft:furnace":2,"minecraft:bone_meal":6,"minecraft:iron_boots":1,"jeg:scrap_workbench":1,"minecraft:stone_pickaxe":4,"biomesoplenty:jacaranda_door":3,"biomesoplenty:jacaranda_sign":3,"sophisticatedbackpacks:backpack":1,"biomesoplenty:jacaranda_planks":319,"minecraft:crafting_table":3,"minecraft:wooden_pickaxe":1,"minecraft:baked_potato":8,"minecraft:stone_axe":1,"biomesoplenty:jacaranda_slab":24,"minecraft:bread":5,"minecraft:air":0,"jeg:scrap_block":1,"minecraft:iron_chestplate":1,"minecraft:shield":1,"minecraft:stick":36,"quark:oak_chest":8,"minecraft:iron_ingot":29,"minecraft:iron_pickaxe":1,"minecraft:stone_sword":1,"minecraft:iron_leggings":1,"minecraft:torch":40},"minecraft:mined":{"minecraft:white_bed":5,"minecraft:oak_sapling":2,"minecraft:granite":21,"biomesoplenty:bush":25,"minecraft:grass_block":172,"biomesoplenty:flowering_oak_leaves":7,"minecraft:spawner":1,"biomesoplenty:jacaranda_log":78,"biomesoplenty:tall_lavender":6,"minecraft:carrots":5,"minecraft:iron_ore":73,"minecraft:andesite":29,"minecraft:potatoes":4,"biomesoplenty:high_grass":1,"minecraft:stone":562,"simplefarming:strawberry_bush":1,"simplefarming:blueberry_bush":13,"horror_element_mod:spiked_body":1,"biomesoplenty:jacaranda_leaves":15,"jeg:scrap_ore":38,"quark:oak_chest":1,"jeg:scrap_block":1,"biomesoplenty:jacaranda_planks":46,"minecraft:crafting_table":1,"minecraft:torch":4,"biomesoplenty:high_grass_plant":3,"minecraft:tall_grass":4,"minecraft:copper_ore":13,"minecraft:cobblestone":7,"minecraft:oak_planks":16,"minecraft:diorite":8,"minecraft:wall_torch":2,"jeg:scrap_workbench":1,"minecraft:wheat":15,"minecraft:lilac":1,"minecraft:grass":23,"minecraft:oak_log":22,"minecraft:coal_ore":32,"minecraft:gravel":29,"minecraft:dirt":34,"minecraft:cobweb":5,"minecraft:oak_leaves":48},"minecraft:used":{"minecraft:stone_sword":114,"minecraft:stone_shovel":143,"minecraft:dried_kelp":1,"minecraft:shield":51,"minecraft:rotten_flesh":4,"minecraft:oak_door":1,"minecraft:torch":59,"minecraft:dirt":205,"minecraft:carrot":7,"simplefarming:blueberries":12,"minecraft:granite":4,"born_in_chaos_v1:corpse_maggot":6,"minecraft:barrel":8,"minecraft:furnace":2,"minecraft:oak_sapling":4,"tombstone:gift":5,"minecraft:potato":8,"minecraft:knowledge_book":25,"minecraft:wheat_seeds":30,"biomesoplenty:jacaranda_door":4,"minecraft:diorite":11,"minecraft:stone_pickaxe":524,"minecraft:baked_potato":8,"minecraft:oak_planks":1,"minecraft:wooden_pickaxe":59,"biomesoplenty:flowering_oak_sapling":1,"simplefarming:strawberries":1,"minecraft:glow_berries":7,"minecraft:crafting_table":4,"simplyswords:iron_twinblade":137,"minecraft:white_bed":5,"biomesoplenty:jacaranda_planks":158,"minecraft:oak_log":2,"minecraft:apple":5,"jeg:scrap_block":1,"minecraft:bread":11,"minecraft:iron_pickaxe":246,"minecraft:gravel":7,"jeg:scrap_workbench":2,"minecraft:stone_axe":136,"minecraft:cobblestone":62,"minecraft:andesite":6,"quark:oak_chest":7,"biomesoplenty:jacaranda_sign":2,"minecraft:bone_meal":6}},"DataVersion":3465}