{"stats":{"minecraft:picked_up":{"born_in_chaos_v1:corpse_maggot":5,"minecraft:crafting_table":1,"minecraft:wheat":16,"minecraft:potato":2,"minecraft:flint":5,"minecraft:oak_log":17,"jeg:scrap":23,"biomesoplenty:jacaranda_planks":61,"minecraft:gunpowder":5,"minecraft:dirt":48,"zombie_more:acid_drool":1,"minecraft:item_frame":2,"biomesoplenty:tall_lavender":6,"minecraft:bone":2,"minecraft:wheat_seeds":44,"minecraft:iron_ingot":5,"simplefarming:blueberry_bush":1,"minecraft:iron_nugget":1,"jeg:tech_trash":1,"minecraft:raw_iron":7,"minecraft:oak_door":3,"simplefarming:cantaloupe_seeds":1,"minecraft:torch":2,"born_in_chaos_v1:ethereal_spirit":1,"minecraft:gravel":25,"simplefarming:blueberries":1,"minecraft:white_bed":1,"minecraft:carrot":4,"quark:oak_chest":1,"minecraft:spider_eye":1,"undead_revamp2:heavytooth":1,"biomesoplenty:flowering_oak_sapling":1,"jeg:scrap_block":1,"minecraft:arrow":2,"minecraft:rotten_flesh":13,"biomesoplenty:jacaranda_log":76,"minecraft:oak_sapling":1,"minecraft:coal":19,"minecraft:cobblestone":445,"minecraft:ender_pearl":1},"minecraft:killed_by":{"minecraft:zombie":1},"minecraft:custom":{"minecraft:interact_with_furnace":12,"minecraft:mob_kills":13,"minecraft:interact_with_crafting_table":36,"minecraft:open_barrel":1,"minecraft:damage_dealt_resisted":665,"minecraft:leave_game":1,"minecraft:time_since_death":9950,"minecraft:climb_one_cm":72,"minecraft:time_since_rest":9533,"minecraft:sprint_one_cm":230149,"minecraft:damage_taken":2463,"minecraft:walk_one_cm":253048,"minecraft:damage_blocked_by_shield":540,"minecraft:drop":17,"minecraft:damage_dealt":2925,"minecraft:swim_one_cm":93,"minecraft:fly_one_cm":139108,"minecraft:open_chest":21,"minecraft:crouch_one_cm":9623,"minecraft:play_time":82453,"tombstone:undead_killed":7,"minecraft:deaths":7,"minecraft:sneak_time":2780,"minecraft:walk_under_water_one_cm":50,"minecraft:jump":806,"minecraft:walk_on_water_one_cm":383,"minecraft:total_world_time":82453,"minecraft:fall_one_cm":14472},"minecraft:killed":{"born_in_chaos_v1:spiritof_chaos":1,"zombie_more:boomer_zombie":1,"undead_revamp2:theheavy":1,"minecraft:creeper":1,"minecraft:skeleton":2,"minecraft:zombie":3,"born_in_chaos_v1:corpse_fly":3},"minecraft:dropped":{"minecraft:wheat_seeds":1,"minecraft:iron_nugget":1,"biomesoplenty:jacaranda_planks":123,"minecraft:coal":5,"tombstone:grave_key":1,"born_in_chaos_v1:corpse_maggot":1},"minecraft:broken":{"minecraft:stone_pickaxe":3,"minecraft:stone_axe":1,"minecraft:wooden_pickaxe":1},"minecraft:crafted":{"minecraft:oak_planks":68,"minecraft:cobblestone_slab":6,"minecraft:barrel":8,"biomesoplenty:jacaranda_planks":307,"minecraft:crafting_table":1,"minecraft:wooden_pickaxe":1,"minecraft:stone_axe":1,"minecraft:air":0,"biomesoplenty:jacaranda_slab":24,"jeg:scrap_block":1,"jeg:scrap_workbench":1,"minecraft:shield":1,"minecraft:stick":24,"quark:oak_chest":7,"minecraft:iron_ingot":6,"minecraft:stone_pickaxe":4,"minecraft:stone_sword":1,"biomesoplenty:jacaranda_door":3,"minecraft:torch":16},"minecraft:mined":{"biomesoplenty:jacaranda_leaves":15,"minecraft:white_bed":1,"jeg:scrap_ore":10,"quark:oak_chest":1,"jeg:scrap_block":1,"biomesoplenty:jacaranda_planks":46,"minecraft:crafting_table":1,"biomesoplenty:bush":13,"minecraft:grass_block":9,"biomesoplenty:flowering_oak_leaves":7,"minecraft:tall_grass":4,"minecraft:cobblestone":2,"minecraft:wall_torch":1,"biomesoplenty:jacaranda_log":78,"biomesoplenty:tall_lavender":6,"minecraft:carrots":4,"minecraft:iron_ore":7,"minecraft:wheat":15,"minecraft:potatoes":2,"minecraft:grass":16,"minecraft:coal_ore":19,"minecraft:oak_log":17,"minecraft:gravel":29,"minecraft:dirt":15,"minecraft:stone":413,"minecraft:oak_leaves":27,"simplefarming:blueberry_bush":1},"minecraft:used":{"minecraft:knowledge_book":4,"minecraft:wheat_seeds":18,"biomesoplenty:jacaranda_door":3,"minecraft:stone_sword":110,"minecraft:dried_kelp":1,"minecraft:stone_pickaxe":423,"minecraft:shield":13,"minecraft:wooden_pickaxe":59,"biomesoplenty:flowering_oak_sapling":1,"minecraft:rotten_flesh":4,"minecraft:oak_door":1,"minecraft:torch":18,"minecraft:dirt":24,"minecraft:crafting_table":2,"simplefarming:blueberries":1,"biomesoplenty:jacaranda_planks":157,"born_in_chaos_v1:corpse_maggot":5,"jeg:scrap_block":1,"minecraft:bread":3,"minecraft:gravel":7,"minecraft:barrel":8,"jeg:scrap_workbench":1,"minecraft:stone_axe":136,"minecraft:cobblestone":16,"minecraft:oak_sapling":1,"tombstone:gift":1,"quark:oak_chest":7}},"DataVersion":3465}