{"stats":{"minecraft:crafted":{"minecraft:oak_planks":128,"minecraft:cobblestone_slab":6,"minecraft:barrel":8,"quark:birch_chest":2,"minecraft:stone":21,"minecraft:heavy_weighted_pressure_plate":1,"minecraft:cooked_mutton":8,"minecraft:repeater":1,"minecraft:iron_boots":3,"tombstone:grave_key":1,"minecraft:chest":1,"minecraft:birch_door":3,"biomesoplenty:jacaranda_sign":3,"minecraft:stone_hoe":1,"minecraft:smoker":1,"sophisticatedbackpacks:backpack":1,"biomesoplenty:jacaranda_planks":459,"minecraft:cooked_porkchop":6,"minecraft:crafting_table":8,"minecraft:iron_helmet":3,"minecraft:baked_potato":57,"minecraft:wooden_pickaxe":2,"minecraft:copper_ingot":28,"minecraft:birch_planks":120,"biomesoplenty:jacaranda_slab":24,"pfm:working_table":1,"minecraft:iron_chestplate":4,"minecraft:shield":4,"minecraft:stick":124,"quark:oak_chest":8,"minecraft:iron_ingot":141,"minecraft:iron_pickaxe":5,"minecraft:stone_sword":1,"minecraft:gold_ingot":36,"simplyswords:diamond_halberd":1,"minecraft:stone_shovel":1,"minecraft:coal":27,"simplyswords:iron_twinblade":2,"minecraft:iron_nugget":9,"minecraft:furnace":9,"minecraft:stone_button":10,"minecraft:bone_meal":6,"minecraft:diamond":1,"jeg:scrap_workbench":1,"minecraft:stone_pickaxe":24,"biomesoplenty:jacaranda_door":3,"sophisticatedbackpacks:iron_backpack":1,"minecraft:cooked_beef":19,"simplyswords:iron_halberd":2,"sophisticatedbackpacks:gold_backpack":1,"minecraft:mangrove_planks":4,"minecraft:stone_axe":2,"jeg:scrap_block":1,"minecraft:bread":31,"minecraft:air":0,"minecraft:iron_leggings":3,"minecraft:torch":140},"minecraft:killed_by":{"minecraft:zombie":8,"alexscaves:teletor":1,"minecraft:skeleton":3},"minecraft:broken":{"minecraft:iron_boots":3,"minecraft:iron_chestplate":1,"minecraft:iron_leggings":1,"minecraft:stone_pickaxe":19,"simplyswords:iron_twinblade":1,"minecraft:stone_axe":1,"minecraft:stone_shovel":1,"simplyswords:iron_halberd":2,"minecraft:stone_sword":1,"minecraft:wooden_pickaxe":2,"minecraft:shield":4,"minecraft:iron_pickaxe":4,"minecraft:iron_helmet":1},"minecraft:used":{"minecraft:polished_deepslate":3,"minecraft:chest":1,"minecraft:shield":178,"minecraft:white_terracotta":1,"minecraft:stone":1,"alexscaves:galena":51,"minecraft:rotten_flesh":6,"minecraft:carrot":137,"simplefarming:blueberries":15,"jeg:custom_smg":50,"minecraft:tuff":2,"simplefarming:raspberries":12,"born_in_chaos_v1:corpse_maggot":27,"minecraft:stone_bricks":7,"minecraft:bow":13,"minecraft:oak_sapling":4,"minecraft:furnace":12,"jeg:revolver":7,"minecraft:gray_bed":2,"minecraft:egg":3,"minecraft:potato":45,"minecraft:diorite":11,"minecraft:oak_planks":44,"minecraft:stone_pickaxe":2618,"minecraft:wooden_pickaxe":118,"simplyswords:diamond_halberd":202,"biomesoplenty:flowering_oak_sapling":1,"simplefarming:blueberry_bush":1,"simplefarming:strawberries":6,"minecraft:white_wool":2,"minecraft:glow_berries":7,"alexscaves:cave_book":2,"simplyswords:iron_halberd":494,"biomesoplenty:jacaranda_planks":196,"pfm:working_table":2,"jeg:scrap_block":1,"minecraft:bread":31,"tombstone:grave_key":3,"minecraft:gravel":7,"minecraft:coal_block":3,"minecraft:andesite":6,"minecraft:birch_log":3,"minecraft:bone_meal":6,"biomesoplenty:jacaranda_sign":2,"pfm:oak_gray_simple_bed":4,"quark:birch_chest":2,"minecraft:stone_sword":125,"minecraft:stone_shovel":143,"minecraft:dried_kelp":1,"minecraft:spruce_planks":1,"minecraft:stone_hoe":40,"minecraft:oak_door":5,"minecraft:torch":208,"minecraft:dirt":444,"alexscaves:metal_swarf":6,"minecraft:granite":18,"minecraft:birch_door":2,"biomesoplenty:tall_lavender":1,"minecraft:smooth_quartz":1,"biomesoplenty:jacaranda_log":1,"minecraft:barrel":8,"minecraft:beef":9,"tombstone:gift":6,"minecraft:cooked_beef":19,"minecraft:cobbled_deepslate":152,"minecraft:enchanted_golden_apple":1,"minecraft:knowledge_book":134,"minecraft:wheat_seeds":31,"minecraft:cooked_mutton":8,"biomesoplenty:jacaranda_door":4,"minecraft:water_bucket":9,"minecraft:birch_planks":21,"minecraft:baked_potato":94,"minecraft:cracked_stone_bricks":1,"minecraft:mossy_cobblestone":1,"minecraft:oak_slab":3,"minecraft:crafting_table":15,"minecraft:cod":2,"simplyswords:iron_twinblade":306,"simplefarming:blackberries":5,"minecraft:white_bed":16,"minecraft:smoker":3,"minecraft:oak_log":2,"minecraft:apple":9,"minecraft:chicken":1,"minecraft:iron_pickaxe":1192,"tombstone:magic_scroll":1,"jeg:scrap_workbench":3,"minecraft:stone_axe":198,"minecraft:cobblestone":566,"minecraft:porkchop":1,"minecraft:cooked_porkchop":9,"minecraft:bucket":8,"quark:oak_chest":8,"minecraft:stripped_oak_log":7,"minecraft:gray_wool":1},"minecraft:killed":{"undead_revamp2:thewolf":2,"zombie_more:cursed_zombie":9,"minecraft:cave_spider":3,"minecraft:witch":1,"born_in_chaos_v1:zombie_lumberjack":1,"born_in_chaos_v1:siamese_skeletonsright":1,"undead_revamp2:theswarmer":1,"born_in_chaos_v1:baby_skeleton_minion":2,"minecraft:skeleton":20,"minecraft:chicken":1,"undead_revamp2:therod":3,"undead_revamp2:thepregnant":1,"undead_revamp2:thespitter":1,"alexscaves:notor":4,"zombie_more:boomer_zombie":5,"born_in_chaos_v1:bonescaller":2,"minecraft:pig":7,"born_in_chaos_v1:diamond_termite":15,"undead_revamp2:theheavy":2,"undead_revamp2:thebeartamer":1,"minecraft:creeper":7,"minecraft:sheep":9,"undead_revamp2:thebidyupside":1,"minecraft:goat":1,"minecraft:zombie":73,"born_in_chaos_v1:dread_hound":4,"born_in_chaos_v1:corpse_fly":9,"alexsmobs:fly":1,"born_in_chaos_v1:siamese_skeletonsleft":1,"minecraft:cow":8,"undead_revamp2:thehunter":7,"alexscaves:ferrouslime":1,"born_in_chaos_v1:zombie_bruiser":2,"born_in_chaos_v1:maggot":12,"minecraft:phantom":3,"born_in_chaos_v1:corpse_fish":2,"alexsmobs:bison":3,"undead_revamp2:sucker":3,"born_in_chaos_v1:spiritof_chaos":1,"born_in_chaos_v1:fallen_chaos_knight":1,"born_in_chaos_v1:bone_imp_minion":1,"zombie_more:crawler_zombie":8,"undead_revamp2:the_moonflower":11,"born_in_chaos_v1:decrepit_skeleton":5},"minecraft:custom":{"minecraft:interact_with_crafting_table":156,"minecraft:open_barrel":91,"minecraft:bell_ring":6,"minecraft:leave_game":14,"minecraft:time_since_death":46554,"minecraft:damage_resisted":58,"minecraft:sprint_one_cm":3060952,"minecraft:damage_blocked_by_shield":8600,"minecraft:drop":257,"minecraft:play_time":1110205,"minecraft:deaths":96,"minecraft:jump":13756,"minecraft:walk_on_water_one_cm":95609,"minecraft:interact_with_furnace":147,"minecraft:interact_with_loom":4,"minecraft:sleep_in_bed":25,"minecraft:damage_dealt":48778,"minecraft:player_kills":2,"minecraft:crouch_one_cm":119039,"tombstone:undead_killed":163,"minecraft:interact_with_smoker":14,"minecraft:mob_kills":273,"minecraft:damage_dealt_resisted":4111,"minecraft:climb_one_cm":22910,"minecraft:walk_one_cm":2255493,"minecraft:damage_dealt_absorbed":4,"minecraft:sneak_time":47409,"minecraft:walk_under_water_one_cm":72943,"minecraft:total_world_time":1110205,"tombstone:raider_killed":1,"minecraft:time_since_rest":22348,"minecraft:damage_taken":44272,"minecraft:damage_absorbed":160,"minecraft:swim_one_cm":116245,"minecraft:fly_one_cm":2454924,"minecraft:open_chest":221,"minecraft:fall_one_cm":352399},"minecraft:picked_up":{"minecraft:wooden_axe":1,"minecraft:wheat":66,"minecraft:flower_pot":4,"minecraft:enchanted_book":2,"minecraft:knowledge_book":2,"minecraft:stone_brick_stairs":1,"tombstone:grave_key":6,"minecraft:polished_deepslate":11,"minecraft:string":16,"minecraft:raw_copper":93,"zombie_more:acid_drool":4,"pfm:oak_gray_simple_bed":3,"biomesoplenty:tall_lavender":12,"jeg:revolver":4,"minecraft:cobbled_deepslate":1131,"minecraft:spruce_planks":1,"minecraft:calcite":7,"simplefarming:blackberry_bush":9,"minecraft:smooth_quartz":1,"minecraft:enchanted_golden_apple":1,"minecraft:coal_block":5,"minecraft:mangrove_log":1,"minecraft:iron_boots":1,"minecraft:furnace":3,"minecraft:stick":17,"born_in_chaos_v1:shattered_skull":1,"jeg:pistol_ammo":73,"minecraft:brick_wall":1,"minecraft:torch":58,"alexscaves:raw_azure_neodymium":28,"minecraft:porkchop":11,"simplefarming:raspberries":12,"tombstone:grave_dust":32,"minecraft:diorite":48,"minecraft:deepslate_tile_stairs":4,"minecraft:stone_sword":1,"minecraft:rotten_flesh":202,"minecraft:vex_armor_trim_smithing_template":1,"alexscaves:notor_gizmo":4,"minecraft:white_terracotta":5,"undead_revamp2:arapholia":2,"minecraft:cobblestone":1581,"biomesoplenty:lavender":33,"minecraft:birch_log":33,"minecraft:cooked_beef":4,"minecraft:water_bucket":1,"minecraft:andesite":61,"alexsmobs:bison_fur":6,"minecraft:smoker":2,"minecraft:potato":163,"minecraft:flint":21,"alexscaves:cave_book":1,"minecraft:tuff":80,"undead_revamp2:huntereye":2,"jeg:scrap":310,"minecraft:lapis_lazuli":53,"minecraft:dirt":516,"zombie_more:crawler_gut":2,"alexscaves:galena":138,"simplefarming:cucumber_seeds":1,"minecraft:bone":47,"minecraft:bow":1,"minecraft:wheat_seeds":172,"minecraft:raw_gold":18,"simplefarming:blueberry_bush":23,"minecraft:glowstone_dust":1,"minecraft:oak_planks":37,"simplefarming:peanut_seeds":1,"minecraft:cooked_porkchop":3,"minecraft:lily_of_the_valley":2,"minecraft:mossy_cobblestone":2,"undead_revamp2:heavytooth":1,"jeg:scrap_block":1,"minecraft:bundle":2,"born_in_chaos_v1:fire_dust":1,"minecraft:diamond":10,"minecraft:black_concrete":1,"jeg:custom_smg":2,"minecraft:granite":69,"minecraft:bone_meal":1,"minecraft:oak_sapling":10,"minecraft:netherrack":1,"minecraft:chorus_fruit":2,"born_in_chaos_v1:diamond_termite_shard":20,"minecraft:crafting_table":8,"simplefarming:pea_seeds":1,"minecraft:allium":6,"minecraft:chicken":1,"born_in_chaos_v1:seedof_chaos":3,"biomesoplenty:jacaranda_sapling":2,"jeg:scrap_workbench":2,"minecraft:chain":1,"alexscaves:metal_swarf":6,"minecraft:stone_stairs":1,"minecraft:item_frame":4,"minecraft:cracked_stone_bricks":7,"minecraft:beef":28,"minecraft:iron_nugget":36,"minecraft:birch_sapling":1,"minecraft:phantom_membrane":2,"minecraft:egg":3,"minecraft:raw_iron":209,"simplefarming:pear":3,"minecraft:oak_door":7,"simplefarming:cantaloupe_seeds":2,"minecraft:copper_ingot":25,"zombie_more:cursed_heart":3,"simplyswords:iron_halberd":2,"quark:birch_chest":1,"born_in_chaos_v1:pieceofdarkmetal":7,"minecraft:carrot":87,"minecraft:redstone":318,"minecraft:arrow":24,"minecraft:diamond_chestplate":1,"biomesoplenty:jacaranda_log":116,"minecraft:golden_hoe":1,"simplefarming:strawberries":7,"pfm:working_table":1,"tombstone:essence_of_undeath":2,"born_in_chaos_v1:fused_bone":2,"minecraft:glow_berries":2,"minecraft:mutton":14,"minecraft:rail":1,"minecraft:white_wool":9,"minecraft:stripped_oak_log":7,"born_in_chaos_v1:corpse_maggot":18,"simplefarming:soybean_seeds":2,"born_in_chaos_v1:monster_flesh":3,"minecraft:leather":9,"minecraft:birch_planks":10,"biomesoplenty:jacaranda_door":1,"simplefarming:rye_seeds":1,"minecraft:oak_log":39,"biomesoplenty:jacaranda_planks":70,"minecraft:gunpowder":35,"alexscaves:ferrouslime_ball":1,"minecraft:apple":6,"minecraft:stone_bricks":26,"minecraft:iron_ingot":42,"minecraft:stone_pickaxe":4,"minecraft:cobweb":4,"tombstone:bag_of_seeds":2,"simplefarming:pear_sapling":1,"minecraft:gray_bed":4,"jeg:tech_trash":39,"minecraft:oak_slab":3,"minecraft:smooth_basalt":5,"born_in_chaos_v1:ethereal_spirit":3,"minecraft:dripstone_block":2,"simplefarming:blueberries":17,"minecraft:gravel":47,"minecraft:white_bed":15,"simplefarming:squash_seeds":2,"quark:oak_chest":2,"simplefarming:raspberry_bush":5,"minecraft:spider_eye":2,"simplefarming:blackberries":10,"biomesoplenty:flowering_oak_sapling":1,"minecraft:slime_ball":25,"simplefarming:strawberry_bush":7,"simplefarming:sweet_potato_seeds":1,"minecraft:gray_wool":1,"alexscaves:azure_neodymium_pillar":3,"minecraft:baked_potato":42,"tombstone:magic_scroll":2,"simplefarming:cotton_seeds":2,"minecraft:coal":184,"minecraft:ender_pearl":4},"minecraft:dropped":{"minecraft:birch_planks":20,"minecraft:cooked_beef":3,"alexscaves:notor_gizmo":2,"minecraft:baked_potato":5,"minecraft:ender_pearl":3,"simplefarming:sweet_potato_seeds":1,"minecraft:glow_berries":2,"minecraft:leather":2,"simplyswords:iron_halberd":2,"minecraft:cracked_stone_bricks":3,"alexsmobs:bison_fur":1,"minecraft:flint":5,"minecraft:deepslate_tile_stairs":2,"born_in_chaos_v1:monster_flesh":1,"simplefarming:pea_seeds":1,"minecraft:dirt":6,"biomesoplenty:jacaranda_sign":1,"minecraft:bone_meal":1,"simplefarming:blackberries":5,"minecraft:iron_pickaxe":1,"simplefarming:squash_seeds":2,"jeg:tech_trash":14,"quark:oak_chest":1,"minecraft:bone":14,"minecraft:gravel":7,"simplefarming:cantaloupe_seeds":2,"minecraft:cobbled_deepslate":889,"minecraft:iron_nugget":10,"simplyswords:iron_twinblade":1,"minecraft:wheat":1,"undead_revamp2:arapholia":1,"minecraft:birch_sapling":1,"born_in_chaos_v1:ethereal_spirit":1,"minecraft:rotten_flesh":52,"biomesoplenty:jacaranda_slab":2,"minecraft:stone_stairs":1,"minecraft:carrot":21,"jeg:revolver":3,"born_in_chaos_v1:seedof_chaos":1,"alexscaves:cave_book":1,"simplefarming:strawberry_bush":3,"born_in_chaos_v1:corpse_maggot":1,"zombie_more:acid_drool":3,"born_in_chaos_v1:diamond_termite_shard":6,"minecraft:stone_brick_stairs":1,"minecraft:netherrack":1,"biomesoplenty:tall_lavender":6,"minecraft:bread":6,"minecraft:iron_ingot":18,"simplefarming:pear":3,"alexscaves:raw_azure_neodymium":10,"minecraft:wheat_seeds":52,"simplefarming:blueberry_bush":10,"minecraft:mossy_cobblestone":1,"minecraft:dripstone_block":2,"biomesoplenty:lavender":2,"minecraft:oak_fence":2,"minecraft:iron_helmet":1,"minecraft:cobblestone":11,"minecraft:knowledge_book":3,"minecraft:copper_ingot":7,"biomesoplenty:jacaranda_planks":123,"minecraft:coal":10,"simplefarming:pear_sapling":1,"jeg:custom_smg":2,"simplefarming:soybean_seeds":1,"minecraft:diorite":12,"minecraft:torch":2,"tombstone:grave_key":6,"minecraft:gray_bed":1,"minecraft:wooden_axe":1,"tombstone:grave_dust":2,"minecraft:iron_leggings":1,"minecraft:golden_hoe":1,"minecraft:string":2,"minecraft:smooth_basalt":5,"minecraft:polished_deepslate":8,"simplefarming:cotton_seeds":1,"minecraft:brick_wall":1,"minecraft:tuff":78,"minecraft:iron_boots":1,"minecraft:flower_pot":2,"minecraft:allium":6,"simplefarming:cucumber_seeds":1,"minecraft:iron_chestplate":1,"minecraft:andesite":4,"quark:birch_chest":1,"minecraft:oak_sapling":4,"minecraft:stone_bricks":4,"minecraft:spider_eye":1,"minecraft:slime_ball":8,"minecraft:stone_pickaxe":3,"minecraft:calcite":7,"minecraft:vex_armor_trim_smithing_template":1,"jeg:pistol_ammo":1},"minecraft:mined":{"simplefarming:raspberry_bush":12,"minecraft:white_bed":15,"minecraft:oak_sapling":2,"minecraft:sculk_vein":14,"alexscaves:azure_neodymium_pillar":6,"minecraft:granite":71,"minecraft:grass_block":251,"biomesoplenty:flowering_oak_leaves":8,"minecraft:coal_block":5,"minecraft:deepslate_tile_stairs":2,"simplefarming:blackberry_bush":5,"minecraft:spawner":2,"minecraft:smooth_stone":1,"biomesoplenty:tall_lavender":12,"minecraft:sculk_catalyst":11,"minecraft:iron_ore":143,"minecraft:cobbled_deepslate":9,"minecraft:fire":3,"biomesoplenty:lavender":25,"minecraft:deepslate_lapis_ore":8,"minecraft:sculk_shrieker":3,"biomesoplenty:webbing":2,"horror_element_mod:spiked_body":1,"biomesoplenty:jacaranda_leaves":51,"minecraft:deepslate_redstone_ore":68,"jeg:scrap_block":1,"biomesoplenty:jacaranda_planks":52,"minecraft:smoker":2,"born_in_chaos_v1:infected_deepslate_diamond_ore":6,"minecraft:torch":18,"alexscaves:energized_galena_scarlet":19,"minecraft:cobblestone":97,"minecraft:oak_planks":28,"minecraft:sugar_cane":1,"minecraft:wall_torch":11,"minecraft:seagrass":1,"minecraft:white_terracotta":4,"minecraft:repeater":1,"minecraft:birch_log":32,"minecraft:wheat":16,"minecraft:lilac":1,"minecraft:stone_brick_stairs":1,"minecraft:grass":76,"quark:birch_chest":1,"minecraft:oak_log":37,"horror_element_mod:dead_cow":1,"minecraft:smooth_quartz":1,"minecraft:dirt":223,"pfm:oak_gray_simple_bed":3,"minecraft:oak_leaves":82,"minecraft:deepslate":1194,"minecraft:tuff":96,"minecraft:mossy_cobblestone":5,"minecraft:deepslate_diamond_ore":10,"minecraft:oak_door":2,"born_in_chaos_v1:infected_diamond_ore":3,"biomesoplenty:bush":37,"minecraft:allium":1,"minecraft:white_stained_glass":2,"alexscaves:galena_spire":1,"alexscaves:galena":118,"biomesoplenty:jacaranda_log":119,"minecraft:redstone_ore":2,"minecraft:furnace":3,"minecraft:carrots":9,"alexscaves:energized_galena_azure":14,"minecraft:andesite":60,"minecraft:polished_deepslate":8,"minecraft:potatoes":10,"biomesoplenty:high_grass":12,"minecraft:deepslate_iron_ore":25,"minecraft:stripped_oak_log":1,"biomesoplenty:barley":1,"minecraft:stone":1415,"simplefarming:strawberry_bush":7,"simplefarming:blueberry_bush":20,"minecraft:oak_slab":3,"jeg:scrap_ore":134,"quark:oak_chest":1,"minecraft:potted_lily_of_the_valley":2,"minecraft:brick_wall":1,"minecraft:crafting_table":8,"minecraft:sculk_sensor":41,"biomesoplenty:high_grass_plant":29,"alexscaves:metal_swarf":9,"minecraft:copper_ore":28,"minecraft:tall_grass":10,"minecraft:deepslate_gold_ore":18,"minecraft:lapis_ore":6,"minecraft:sculk":27,"minecraft:diorite":35,"jeg:deepslate_scrap_ore":37,"minecraft:birch_planks":11,"jeg:scrap_workbench":2,"alexscaves:galena_iron_ore":20,"biomesoplenty:yellow_autumn_leaves":8,"simplefarming:pear_leaves":3,"minecraft:gray_bed":4,"minecraft:birch_leaves":13,"pfm:working_table":1,"minecraft:coal_ore":74,"minecraft:gravel":57,"minecraft:dripstone_block":1,"minecraft:cobweb":6,"minecraft:cracked_stone_bricks":6,"minecraft:stone_bricks":25,"minecraft:polished_andesite":1,"minecraft:fern":1}},"DataVersion":3465}