{"stats":{"minecraft:picked_up":{"minecraft:crafting_table":1,"minecraft:brown_bed":1,"minecraft:oak_log":2,"minecraft:spruce_log":2,"minecraft:dirt":5,"minecraft:rotten_flesh":1,"quark:clear_shard":5,"minecraft:oak_sapling":3},"minecraft:custom":{"minecraft:time_since_rest":1,"minecraft:sprint_one_cm":132464,"minecraft:damage_taken":2454,"minecraft:walk_one_cm":92979,"minecraft:mob_kills":1,"minecraft:damage_dealt":331,"minecraft:interact_with_crafting_table":1,"minecraft:fly_one_cm":166311,"minecraft:crouch_one_cm":7291,"minecraft:play_time":35499,"minecraft:deaths":8,"minecraft:sneak_time":1892,"minecraft:jump":767,"minecraft:time_since_death":330,"minecraft:walk_on_water_one_cm":497,"minecraft:climb_one_cm":16152,"minecraft:total_world_time":35499,"minecraft:damage_resisted":86,"minecraft:fall_one_cm":24576},"minecraft:used":{"minecraft:knowledge_book":36,"minecraft:rotten_flesh":1,"minecraft:wooden_sword":18,"minecraft:dirt":3,"minecraft:crafting_table":1,"tombstone:gift":1,"minecraft:brown_bed":1},"minecraft:killed_by":{"minecraft:witch":1,"minecraft:zombie":3},"minecraft:crafted":{"minecraft:wooden_sword":1,"minecraft:oak_planks":8,"minecraft:crafting_table":1,"minecraft:spruce_planks":8,"minecraft:stick":4},"minecraft:mined":{"minecraft:glass_pane":2,"minecraft:spruce_log":2,"minecraft:crafting_table":1,"minecraft:grass":1,"biomesoplenty:bush":1,"minecraft:grass_block":4,"minecraft:oak_log":2,"minecraft:dirt":1,"minecraft:glass":4,"minecraft:spruce_leaves":7,"minecraft:oak_leaves":11}},"DataVersion":3465}