{"stats":{"minecraft:crafted":{"minecraft:oak_planks":120,"minecraft:cobblestone_slab":6,"minecraft:barrel":8,"quark:birch_chest":1,"minecraft:stone":21,"minecraft:heavy_weighted_pressure_plate":1,"minecraft:cooked_mutton":4,"minecraft:repeater":1,"minecraft:iron_boots":3,"tombstone:grave_key":1,"minecraft:chest":1,"minecraft:birch_door":3,"biomesoplenty:jacaranda_sign":3,"minecraft:stone_hoe":1,"minecraft:smoker":1,"sophisticatedbackpacks:backpack":1,"biomesoplenty:jacaranda_planks":339,"minecraft:cooked_porkchop":6,"minecraft:crafting_table":6,"minecraft:iron_helmet":1,"minecraft:baked_potato":57,"minecraft:wooden_pickaxe":2,"minecraft:copper_ingot":28,"minecraft:birch_planks":68,"biomesoplenty:jacaranda_slab":24,"minecraft:iron_chestplate":4,"minecraft:shield":3,"minecraft:stick":108,"quark:oak_chest":8,"minecraft:iron_ingot":141,"minecraft:iron_pickaxe":5,"minecraft:stone_sword":1,"simplyswords:diamond_halberd":1,"minecraft:gold_ingot":22,"minecraft:stone_shovel":1,"minecraft:coal":18,"simplyswords:iron_twinblade":2,"minecraft:iron_nugget":9,"minecraft:furnace":8,"minecraft:stone_button":10,"minecraft:bone_meal":6,"minecraft:diamond":1,"jeg:scrap_workbench":1,"minecraft:stone_pickaxe":18,"biomesoplenty:jacaranda_door":3,"sophisticatedbackpacks:iron_backpack":1,"minecraft:cooked_beef":7,"simplyswords:iron_halberd":2,"sophisticatedbackpacks:gold_backpack":1,"minecraft:mangrove_planks":4,"minecraft:stone_axe":2,"jeg:scrap_block":1,"minecraft:air":0,"minecraft:bread":31,"minecraft:iron_leggings":1,"minecraft:torch":124},"minecraft:killed_by":{"minecraft:zombie":6,"alexscaves:teletor":1,"minecraft:skeleton":3},"minecraft:broken":{"minecraft:iron_boots":2,"minecraft:iron_chestplate":1,"minecraft:iron_leggings":1,"minecraft:stone_pickaxe":17,"simplyswords:iron_twinblade":1,"minecraft:stone_axe":1,"minecraft:stone_shovel":1,"simplyswords:iron_halberd":2,"minecraft:stone_sword":1,"minecraft:wooden_pickaxe":2,"minecraft:shield":2,"minecraft:iron_pickaxe":3},"minecraft:used":{"minecraft:chest":1,"minecraft:shield":148,"minecraft:white_terracotta":1,"minecraft:stone":1,"alexscaves:galena":49,"minecraft:rotten_flesh":4,"minecraft:carrot":110,"simplefarming:blueberries":15,"jeg:custom_smg":20,"simplefarming:raspberries":5,"born_in_chaos_v1:corpse_maggot":11,"minecraft:stone_bricks":2,"minecraft:furnace":9,"minecraft:oak_sapling":4,"jeg:revolver":7,"minecraft:egg":3,"minecraft:potato":45,"minecraft:diorite":11,"minecraft:oak_planks":40,"minecraft:stone_pickaxe":2325,"minecraft:wooden_pickaxe":118,"simplyswords:diamond_halberd":4,"biomesoplenty:flowering_oak_sapling":1,"simplefarming:blueberry_bush":1,"simplefarming:strawberries":6,"minecraft:white_wool":1,"minecraft:glow_berries":7,"alexscaves:cave_book":2,"simplyswords:iron_halberd":494,"biomesoplenty:jacaranda_planks":182,"jeg:scrap_block":1,"minecraft:bread":26,"tombstone:grave_key":3,"minecraft:gravel":7,"minecraft:coal_block":3,"minecraft:andesite":6,"minecraft:birch_log":3,"minecraft:bone_meal":6,"biomesoplenty:jacaranda_sign":2,"quark:birch_chest":1,"minecraft:stone_sword":125,"minecraft:stone_shovel":143,"minecraft:dried_kelp":1,"minecraft:stone_hoe":40,"minecraft:oak_door":5,"minecraft:torch":173,"minecraft:dirt":366,"alexscaves:metal_swarf":6,"minecraft:granite":4,"minecraft:birch_door":2,"biomesoplenty:jacaranda_log":1,"minecraft:barrel":8,"minecraft:beef":9,"tombstone:gift":6,"minecraft:cooked_beef":11,"minecraft:cobbled_deepslate":144,"minecraft:enchanted_golden_apple":1,"minecraft:knowledge_book":103,"minecraft:wheat_seeds":31,"minecraft:cooked_mutton":4,"biomesoplenty:jacaranda_door":4,"minecraft:birch_planks":14,"minecraft:baked_potato":54,"minecraft:cracked_stone_bricks":1,"minecraft:mossy_cobblestone":1,"minecraft:oak_slab":3,"minecraft:crafting_table":12,"simplyswords:iron_twinblade":306,"minecraft:cod":2,"simplefarming:blackberries":5,"minecraft:white_bed":16,"minecraft:smoker":2,"minecraft:oak_log":2,"minecraft:apple":8,"minecraft:chicken":1,"minecraft:iron_pickaxe":1098,"jeg:scrap_workbench":2,"minecraft:stone_axe":137,"minecraft:cobblestone":487,"minecraft:porkchop":1,"minecraft:cooked_porkchop":9,"quark:oak_chest":7,"minecraft:stripped_oak_log":7},"minecraft:killed":{"undead_revamp2:thewolf":2,"zombie_more:cursed_zombie":9,"minecraft:cave_spider":3,"born_in_chaos_v1:zombie_lumberjack":1,"undead_revamp2:theswarmer":1,"born_in_chaos_v1:baby_skeleton_minion":2,"minecraft:skeleton":13,"minecraft:chicken":1,"undead_revamp2:therod":3,"undead_revamp2:thepregnant":1,"undead_revamp2:thespitter":1,"alexscaves:notor":4,"zombie_more:boomer_zombie":5,"born_in_chaos_v1:bonescaller":2,"minecraft:pig":5,"born_in_chaos_v1:diamond_termite":15,"undead_revamp2:theheavy":1,"undead_revamp2:thebeartamer":1,"minecraft:creeper":6,"minecraft:sheep":2,"undead_revamp2:thebidyupside":1,"minecraft:zombie":56,"born_in_chaos_v1:dread_hound":4,"born_in_chaos_v1:corpse_fly":5,"alexsmobs:fly":1,"minecraft:cow":2,"undead_revamp2:thehunter":7,"alexscaves:ferrouslime":1,"born_in_chaos_v1:zombie_bruiser":2,"born_in_chaos_v1:maggot":9,"minecraft:phantom":3,"alexsmobs:bison":1,"born_in_chaos_v1:corpse_fish":1,"undead_revamp2:sucker":1,"born_in_chaos_v1:spiritof_chaos":1,"born_in_chaos_v1:fallen_chaos_knight":1,"born_in_chaos_v1:bone_imp_minion":1,"zombie_more:crawler_zombie":8,"undead_revamp2:the_moonflower":7,"born_in_chaos_v1:decrepit_skeleton":3},"minecraft:custom":{"minecraft:interact_with_crafting_table":139,"minecraft:open_barrel":54,"minecraft:leave_game":11,"minecraft:time_since_death":1136,"minecraft:damage_resisted":58,"minecraft:sprint_one_cm":2313834,"minecraft:damage_blocked_by_shield":7895,"minecraft:drop":182,"minecraft:play_time":880428,"minecraft:deaths":83,"minecraft:jump":9892,"minecraft:walk_on_water_one_cm":68252,"minecraft:interact_with_furnace":138,"minecraft:interact_with_loom":4,"minecraft:sleep_in_bed":20,"minecraft:damage_dealt":39135,"minecraft:player_kills":2,"minecraft:crouch_one_cm":111042,"tombstone:undead_killed":128,"minecraft:interact_with_smoker":8,"minecraft:mob_kills":207,"minecraft:damage_dealt_resisted":3648,"minecraft:climb_one_cm":878,"minecraft:walk_one_cm":1932112,"minecraft:damage_dealt_absorbed":4,"minecraft:sneak_time":42748,"minecraft:walk_under_water_one_cm":52093,"minecraft:total_world_time":880428,"minecraft:time_since_rest":1,"minecraft:damage_taken":32608,"minecraft:damage_absorbed":160,"minecraft:swim_one_cm":77967,"minecraft:fly_one_cm":1557354,"minecraft:open_chest":183,"minecraft:fall_one_cm":194705},"minecraft:picked_up":{"minecraft:wheat":66,"minecraft:enchanted_book":2,"minecraft:knowledge_book":1,"tombstone:grave_key":5,"minecraft:string":10,"minecraft:raw_copper":84,"zombie_more:acid_drool":3,"biomesoplenty:tall_lavender":6,"jeg:revolver":4,"minecraft:cobbled_deepslate":1121,"simplefarming:blackberry_bush":4,"minecraft:enchanted_golden_apple":1,"minecraft:coal_block":4,"minecraft:mangrove_log":1,"minecraft:iron_boots":1,"minecraft:furnace":1,"minecraft:stick":2,"born_in_chaos_v1:shattered_skull":1,"jeg:pistol_ammo":61,"minecraft:torch":39,"alexscaves:raw_azure_neodymium":28,"minecraft:porkchop":7,"simplefarming:raspberries":5,"tombstone:grave_dust":26,"minecraft:diorite":36,"minecraft:stone_sword":1,"minecraft:rotten_flesh":182,"alexscaves:notor_gizmo":4,"minecraft:white_terracotta":1,"undead_revamp2:arapholia":1,"minecraft:cobblestone":1396,"biomesoplenty:lavender":2,"minecraft:birch_log":20,"minecraft:cooked_beef":4,"minecraft:andesite":61,"minecraft:flint":12,"minecraft:smoker":1,"minecraft:potato":163,"alexsmobs:bison_fur":4,"alexscaves:cave_book":1,"minecraft:tuff":78,"undead_revamp2:huntereye":2,"jeg:scrap":222,"minecraft:lapis_lazuli":53,"minecraft:dirt":406,"zombie_more:crawler_gut":2,"alexscaves:galena":136,"simplefarming:cucumber_seeds":1,"minecraft:bone":23,"minecraft:wheat_seeds":162,"minecraft:raw_gold":18,"simplefarming:blueberry_bush":22,"minecraft:oak_planks":36,"minecraft:cooked_porkchop":3,"minecraft:mossy_cobblestone":2,"undead_revamp2:heavytooth":1,"minecraft:bundle":2,"jeg:scrap_block":1,"born_in_chaos_v1:fire_dust":1,"minecraft:diamond":10,"jeg:custom_smg":1,"minecraft:granite":55,"minecraft:bone_meal":1,"minecraft:oak_sapling":9,"minecraft:netherrack":1,"born_in_chaos_v1:diamond_termite_shard":20,"minecraft:crafting_table":7,"simplefarming:pea_seeds":1,"minecraft:allium":6,"minecraft:chicken":1,"born_in_chaos_v1:seedof_chaos":3,"jeg:scrap_workbench":1,"minecraft:chain":1,"alexscaves:metal_swarf":6,"minecraft:item_frame":4,"minecraft:cracked_stone_bricks":7,"minecraft:beef":12,"minecraft:iron_nugget":22,"minecraft:birch_sapling":1,"minecraft:phantom_membrane":2,"minecraft:egg":3,"minecraft:raw_iron":157,"simplefarming:pear":3,"minecraft:oak_door":7,"simplefarming:cantaloupe_seeds":2,"minecraft:copper_ingot":18,"zombie_more:cursed_heart":3,"simplyswords:iron_halberd":2,"born_in_chaos_v1:pieceofdarkmetal":7,"minecraft:carrot":86,"minecraft:redstone":316,"minecraft:arrow":14,"biomesoplenty:jacaranda_log":86,"minecraft:golden_hoe":1,"simplefarming:strawberries":6,"tombstone:essence_of_undeath":2,"minecraft:glow_berries":2,"minecraft:mutton":4,"minecraft:rail":1,"minecraft:white_wool":3,"minecraft:stripped_oak_log":7,"born_in_chaos_v1:corpse_maggot":10,"simplefarming:soybean_seeds":2,"born_in_chaos_v1:monster_flesh":3,"minecraft:leather":8,"minecraft:birch_planks":8,"biomesoplenty:jacaranda_door":1,"minecraft:oak_log":33,"biomesoplenty:jacaranda_planks":67,"minecraft:gunpowder":27,"alexscaves:ferrouslime_ball":1,"minecraft:apple":5,"minecraft:stone_bricks":17,"minecraft:iron_ingot":34,"minecraft:stone_pickaxe":4,"simplefarming:pear_sapling":1,"jeg:tech_trash":24,"minecraft:oak_slab":3,"born_in_chaos_v1:ethereal_spirit":3,"simplefarming:blueberries":16,"minecraft:gravel":47,"minecraft:white_bed":15,"simplefarming:squash_seeds":2,"quark:oak_chest":1,"minecraft:spider_eye":1,"simplefarming:blackberries":5,"biomesoplenty:flowering_oak_sapling":1,"simplefarming:sweet_potato_seeds":1,"simplefarming:strawberry_bush":6,"alexscaves:azure_neodymium_pillar":3,"minecraft:baked_potato":36,"tombstone:magic_scroll":2,"simplefarming:cotton_seeds":1,"minecraft:coal":128,"minecraft:ender_pearl":3},"minecraft:dropped":{"minecraft:birch_planks":2,"alexscaves:notor_gizmo":2,"minecraft:baked_potato":5,"minecraft:ender_pearl":2,"simplefarming:sweet_potato_seeds":1,"minecraft:glow_berries":2,"minecraft:leather":2,"simplyswords:iron_halberd":2,"minecraft:cracked_stone_bricks":3,"alexsmobs:bison_fur":1,"minecraft:flint":5,"born_in_chaos_v1:monster_flesh":1,"simplefarming:pea_seeds":1,"minecraft:dirt":6,"biomesoplenty:jacaranda_sign":1,"minecraft:bone_meal":1,"minecraft:iron_pickaxe":1,"simplefarming:squash_seeds":2,"jeg:tech_trash":14,"quark:oak_chest":1,"minecraft:bone":11,"minecraft:gravel":7,"simplefarming:cantaloupe_seeds":2,"minecraft:cobbled_deepslate":887,"minecraft:iron_nugget":10,"simplyswords:iron_twinblade":1,"minecraft:wheat":1,"undead_revamp2:arapholia":1,"minecraft:birch_sapling":1,"born_in_chaos_v1:ethereal_spirit":1,"minecraft:rotten_flesh":45,"biomesoplenty:jacaranda_slab":2,"minecraft:carrot":8,"jeg:revolver":3,"born_in_chaos_v1:seedof_chaos":1,"alexscaves:cave_book":1,"simplefarming:strawberry_bush":3,"born_in_chaos_v1:corpse_maggot":1,"zombie_more:acid_drool":2,"born_in_chaos_v1:diamond_termite_shard":6,"biomesoplenty:tall_lavender":6,"minecraft:netherrack":1,"minecraft:bread":2,"minecraft:iron_ingot":18,"simplefarming:pear":3,"alexscaves:raw_azure_neodymium":10,"minecraft:wheat_seeds":52,"simplefarming:blueberry_bush":10,"minecraft:mossy_cobblestone":1,"biomesoplenty:lavender":2,"minecraft:oak_fence":2,"minecraft:cobblestone":11,"minecraft:knowledge_book":2,"minecraft:copper_ingot":7,"biomesoplenty:jacaranda_planks":123,"minecraft:coal":9,"simplefarming:pear_sapling":1,"simplefarming:soybean_seeds":1,"minecraft:torch":2,"tombstone:grave_key":5,"tombstone:grave_dust":2,"minecraft:golden_hoe":1,"minecraft:string":2,"simplefarming:cotton_seeds":1,"minecraft:tuff":78,"minecraft:iron_boots":1,"minecraft:allium":6,"simplefarming:cucumber_seeds":1,"minecraft:iron_chestplate":1,"minecraft:andesite":4,"minecraft:oak_sapling":4,"minecraft:stone_pickaxe":3,"jeg:pistol_ammo":1},"minecraft:mined":{"simplefarming:raspberry_bush":5,"minecraft:white_bed":15,"minecraft:oak_sapling":2,"minecraft:sculk_vein":14,"alexscaves:azure_neodymium_pillar":6,"minecraft:granite":57,"minecraft:grass_block":225,"biomesoplenty:flowering_oak_leaves":7,"minecraft:coal_block":4,"simplefarming:blackberry_bush":5,"minecraft:spawner":1,"biomesoplenty:tall_lavender":6,"minecraft:sculk_catalyst":11,"minecraft:fire":3,"minecraft:iron_ore":119,"minecraft:cobbled_deepslate":6,"biomesoplenty:lavender":1,"minecraft:deepslate_lapis_ore":8,"minecraft:sculk_shrieker":3,"biomesoplenty:webbing":2,"horror_element_mod:spiked_body":1,"biomesoplenty:jacaranda_leaves":28,"minecraft:deepslate_redstone_ore":68,"jeg:scrap_block":1,"biomesoplenty:jacaranda_planks":51,"minecraft:smoker":1,"born_in_chaos_v1:infected_deepslate_diamond_ore":6,"minecraft:torch":15,"alexscaves:energized_galena_scarlet":19,"minecraft:cobblestone":83,"minecraft:oak_planks":27,"minecraft:wall_torch":6,"minecraft:seagrass":1,"minecraft:birch_log":19,"minecraft:wheat":16,"minecraft:lilac":1,"minecraft:grass":44,"minecraft:oak_log":31,"horror_element_mod:dead_cow":1,"minecraft:dirt":139,"minecraft:oak_leaves":73,"minecraft:deepslate":1157,"minecraft:tuff":93,"minecraft:mossy_cobblestone":2,"minecraft:deepslate_diamond_ore":10,"minecraft:oak_door":2,"born_in_chaos_v1:infected_diamond_ore":3,"biomesoplenty:bush":31,"minecraft:allium":1,"alexscaves:galena_spire":1,"alexscaves:galena":116,"biomesoplenty:jacaranda_log":89,"minecraft:redstone_ore":2,"minecraft:furnace":1,"minecraft:carrots":9,"alexscaves:energized_galena_azure":14,"minecraft:andesite":59,"minecraft:potatoes":10,"biomesoplenty:high_grass":6,"minecraft:deepslate_iron_ore":21,"minecraft:stripped_oak_log":1,"minecraft:stone":1244,"simplefarming:strawberry_bush":6,"simplefarming:blueberry_bush":18,"minecraft:oak_slab":3,"jeg:scrap_ore":87,"quark:oak_chest":1,"minecraft:crafting_table":7,"minecraft:sculk_sensor":41,"alexscaves:metal_swarf":9,"biomesoplenty:high_grass_plant":12,"minecraft:copper_ore":25,"minecraft:tall_grass":5,"minecraft:lapis_ore":6,"minecraft:deepslate_gold_ore":18,"minecraft:sculk":27,"minecraft:diorite":33,"jeg:deepslate_scrap_ore":37,"minecraft:birch_planks":8,"jeg:scrap_workbench":1,"alexscaves:galena_iron_ore":20,"biomesoplenty:yellow_autumn_leaves":8,"simplefarming:pear_leaves":3,"minecraft:birch_leaves":10,"minecraft:coal_ore":66,"minecraft:gravel":57,"minecraft:cobweb":6,"minecraft:cracked_stone_bricks":4,"minecraft:stone_bricks":17,"minecraft:fern":1}},"DataVersion":3465}