{"stats":{"minecraft:custom":{"minecraft:time_since_rest":1,"minecraft:interact_with_furnace":2,"minecraft:sprint_one_cm":24731,"minecraft:damage_taken":317,"minecraft:walk_one_cm":66226,"minecraft:mob_kills":1,"minecraft:drop":11,"minecraft:damage_dealt":269,"minecraft:interact_with_crafting_table":9,"minecraft:fly_one_cm":25057,"minecraft:crouch_one_cm":6785,"minecraft:play_time":23284,"tombstone:undead_killed":1,"minecraft:deaths":1,"minecraft:sneak_time":1716,"minecraft:jump":175,"minecraft:time_since_death":96,"minecraft:total_world_time":23284,"minecraft:fall_one_cm":3296},"minecraft:broken":{"minecraft:stone_pickaxe":2,"minecraft:wooden_pickaxe":1},"minecraft:killed":{"minecraft:skeleton":1},"minecraft:mined":{"biomesoplenty:jacaranda_leaves":10,"biomesoplenty:jacaranda_log":5,"biomesoplenty:tall_lavender":1,"minecraft:crafting_table":1,"minecraft:grass":4,"biomesoplenty:bush":3,"minecraft:coal_ore":8,"minecraft:grass_block":6,"minecraft:oak_log":12,"biomesoplenty:flowering_oak_leaves":7,"minecraft:gravel":29,"minecraft:dirt":10,"minecraft:stone":284,"minecraft:oak_leaves":27},"minecraft:picked_up":{"minecraft:crafting_table":1,"minecraft:oak_door":1,"minecraft:gravel":24,"minecraft:flint":5,"minecraft:oak_log":12,"biomesoplenty:jacaranda_planks":10,"minecraft:spider_eye":1,"minecraft:dirt":16,"biomesoplenty:flowering_oak_sapling":1,"biomesoplenty:tall_lavender":1,"minecraft:bone":1,"biomesoplenty:jacaranda_log":5,"minecraft:wheat_seeds":1,"minecraft:oak_sapling":1,"minecraft:coal":8,"minecraft:cobblestone":277},"minecraft:dropped":{"biomesoplenty:jacaranda_planks":10,"minecraft:coal":5},"minecraft:crafted":{"minecraft:oak_planks":4,"minecraft:cobblestone_slab":6,"biomesoplenty:jacaranda_planks":20,"minecraft:crafting_table":1,"minecraft:stick":12,"minecraft:wooden_pickaxe":1,"minecraft:stone_pickaxe":3,"minecraft:stone_sword":1,"minecraft:torch":8},"minecraft:used":{"minecraft:stone_sword":6,"minecraft:stone_pickaxe":262,"minecraft:wooden_pickaxe":59,"minecraft:gravel":7,"minecraft:oak_door":1,"minecraft:torch":4,"minecraft:crafting_table":2},"minecraft:killed_by":{"minecraft:zombie":1}},"DataVersion":3465}