{"stats":{"minecraft:picked_up":{"minecraft:raw_iron":2,"minecraft:crafting_table":1,"minecraft:brown_bed":2,"minecraft:white_bed":2,"minecraft:oak_log":3,"jeg:scrap":2,"biomesoplenty:jacaranda_planks":2,"minecraft:spruce_log":2,"minecraft:lantern":1,"minecraft:dirt":6,"minecraft:item_frame":1,"minecraft:bone":1,"minecraft:rotten_flesh":1,"quark:clear_shard":5,"biomesoplenty:jacaranda_log":8,"minecraft:oak_sapling":3,"minecraft:coal_block":6,"minecraft:iron_sword":1,"minecraft:coal":15,"minecraft:cobblestone":15},"minecraft:custom":{"minecraft:time_since_rest":3435,"minecraft:sprint_one_cm":217771,"minecraft:damage_taken":3282,"minecraft:walk_one_cm":134492,"minecraft:mob_kills":1,"minecraft:damage_dealt":600,"minecraft:interact_with_crafting_table":4,"minecraft:fly_one_cm":241634,"minecraft:open_barrel":1,"minecraft:open_chest":5,"minecraft:crouch_one_cm":8323,"minecraft:play_time":59499,"minecraft:deaths":10,"minecraft:sneak_time":2391,"minecraft:jump":1113,"minecraft:time_since_death":4308,"minecraft:walk_on_water_one_cm":983,"minecraft:sleep_in_bed":3,"minecraft:climb_one_cm":18662,"minecraft:total_world_time":59499,"minecraft:damage_resisted":86,"minecraft:fall_one_cm":40120},"minecraft:used":{"minecraft:knowledge_book":50,"minecraft:stone_sword":7,"minecraft:bread":2,"minecraft:lantern":1,"minecraft:stone_pickaxe":35,"minecraft:iron_sword":6,"minecraft:wooden_pickaxe":4,"minecraft:torch":3,"minecraft:golden_leggings":1,"minecraft:rotten_flesh":1,"minecraft:golden_helmet":1,"minecraft:wooden_sword":21,"minecraft:dirt":3,"minecraft:crafting_table":1,"minecraft:white_bed":1,"tombstone:gift":2,"biomesoplenty:jacaranda_planks":2,"minecraft:brown_bed":2},"minecraft:killed_by":{"minecraft:witch":1,"minecraft:zombie":3},"minecraft:crafted":{"minecraft:wooden_sword":1,"minecraft:oak_planks":12,"biomesoplenty:jacaranda_planks":32,"minecraft:crafting_table":1,"minecraft:spruce_planks":8,"minecraft:stick":8,"minecraft:stone_pickaxe":1,"minecraft:wooden_pickaxe":1,"minecraft:stone_sword":1,"minecraft:torch":8},"minecraft:mined":{"biomesoplenty:jacaranda_log":8,"minecraft:white_bed":2,"minecraft:glass_pane":2,"minecraft:iron_ore":2,"biomesoplenty:jacaranda_planks":2,"minecraft:lilac":1,"minecraft:spruce_log":2,"minecraft:crafting_table":1,"minecraft:brown_bed":1,"minecraft:grass":2,"biomesoplenty:bush":3,"minecraft:coal_ore":15,"minecraft:grass_block":5,"minecraft:oak_log":3,"minecraft:dirt":1,"minecraft:glass":4,"minecraft:coal_block":6,"minecraft:spruce_leaves":7,"minecraft:stone":15,"minecraft:oak_leaves":15}},"DataVersion":3465}