{"stats":{"minecraft:broken":{"minecraft:stone_pickaxe":1},"minecraft:picked_up":{"minecraft:crafting_table":3,"born_in_chaos_v1:diamond_termite_shard":2,"minecraft:chicken":3,"minecraft:brown_bed":2,"jeg:scrap_workbench":1,"minecraft:raw_copper":102,"minecraft:item_frame":1,"minecraft:cobbled_deepslate":1,"biomesoplenty:fir_planks":10,"minecraft:beef":7,"minecraft:coal_block":6,"minecraft:furnace":1,"minecraft:stick":3,"minecraft:raw_iron":65,"minecraft:torch":2,"minecraft:porkchop":1,"tombstone:grave_dust":1,"quark:clear_shard":5,"minecraft:rotten_flesh":1,"biomesoplenty:jacaranda_log":8,"simplefarming:ginger_seeds":1,"biomesoplenty:fir_slab":2,"minecraft:mutton":7,"minecraft:cobblestone":93,"minecraft:white_wool":4,"minecraft:oxeye_daisy":1,"born_in_chaos_v1:corpse_maggot":1,"minecraft:feather":2,"minecraft:golden_carrot":1,"minecraft:glow_ink_sac":3,"minecraft:andesite":5,"minecraft:leather":2,"biomesoplenty:fir_sapling":2,"biomesoplenty:fir_log":53,"minecraft:oak_log":3,"minecraft:gunpowder":1,"jeg:scrap":27,"biomesoplenty:jacaranda_planks":2,"minecraft:dirt":19,"minecraft:lantern":1,"minecraft:bone":1,"minecraft:wheat_seeds":2,"minecraft:iron_sword":1,"jeg:tech_trash":1,"biomesoplenty:toadstool":4,"minecraft:white_bed":8,"minecraft:spruce_log":2,"minecraft:bone_meal":1,"alexsmobs:maggot":2,"minecraft:oak_sapling":3,"minecraft:coal":36},"minecraft:dropped":{"biomesoplenty:fir_log":7,"minecraft:wheat_seeds":2,"minecraft:feather":2,"minecraft:apple":1,"quark:clear_shard":5,"minecraft:golden_carrot":1,"minecraft:bone_meal":1,"minecraft:bone":1,"biomesoplenty:toadstool":1,"minecraft:cooked_chicken":1},"minecraft:custom":{"minecraft:mob_kills":20,"minecraft:interact_with_crafting_table":36,"minecraft:open_barrel":25,"minecraft:leave_game":1,"minecraft:time_since_death":11485,"minecraft:climb_one_cm":21926,"minecraft:damage_resisted":91,"minecraft:sprint_one_cm":418114,"minecraft:walk_one_cm":296138,"minecraft:drop":11,"minecraft:play_time":144849,"minecraft:deaths":17,"minecraft:sneak_time":4649,"minecraft:walk_under_water_one_cm":4339,"minecraft:jump":2328,"minecraft:walk_on_water_one_cm":16219,"minecraft:total_world_time":144849,"minecraft:interact_with_furnace":28,"minecraft:sleep_in_bed":11,"minecraft:time_since_rest":9086,"minecraft:damage_taken":6780,"minecraft:damage_dealt":2655,"minecraft:swim_one_cm":22330,"minecraft:fly_one_cm":518621,"minecraft:open_chest":9,"minecraft:crouch_one_cm":14828,"tombstone:undead_killed":4,"minecraft:fall_one_cm":81897},"minecraft:used":{"minecraft:stone_sword":7,"minecraft:iron_sword":70,"minecraft:cooked_chicken":2,"minecraft:rotten_flesh":1,"minecraft:torch":23,"minecraft:dirt":10,"born_in_chaos_v1:corpse_maggot":1,"minecraft:wooden_axe":55,"alexsmobs:maggot":2,"minecraft:lantern":1,"biomesoplenty:fir_sapling":2,"minecraft:barrel":2,"minecraft:golden_carrot":9,"minecraft:furnace":3,"tombstone:gift":2,"minecraft:brown_bed":2,"minecraft:knowledge_book":77,"biomesoplenty:jacaranda_door":3,"minecraft:stone_pickaxe":205,"minecraft:oak_planks":7,"minecraft:wooden_pickaxe":18,"biomesoplenty:fir_planks":101,"minecraft:crafting_table":5,"minecraft:white_bed":8,"biomesoplenty:jacaranda_planks":2,"minecraft:apple":2,"minecraft:oxeye_daisy":1,"minecraft:bread":7,"minecraft:iron_pickaxe":17,"biomesoplenty:toadstool":1,"minecraft:golden_leggings":1,"jeg:scrap_workbench":2,"minecraft:golden_helmet":1,"minecraft:wooden_sword":21,"minecraft:cobblestone":4},"minecraft:killed_by":{"minecraft:stray":1,"minecraft:witch":1,"minecraft:zombie":4},"minecraft:crafted":{"minecraft:wooden_sword":1,"minecraft:oak_planks":12,"minecraft:barrel":2,"minecraft:cooked_chicken":3,"minecraft:furnace":2,"minecraft:cooked_mutton":2,"jeg:scrap_workbench":1,"biomesoplenty:fir_slab":6,"minecraft:stone_pickaxe":3,"biomesoplenty:jacaranda_door":3,"biomesoplenty:jacaranda_planks":32,"minecraft:crafting_table":2,"minecraft:spruce_planks":8,"minecraft:wooden_pickaxe":1,"minecraft:air":0,"jeg:scrap_block":1,"biomesoplenty:fir_planks":124,"minecraft:iron_chestplate":1,"minecraft:stick":28,"minecraft:iron_ingot":19,"minecraft:iron_pickaxe":1,"minecraft:wooden_axe":1,"minecraft:stone_sword":1,"minecraft:torch":52},"minecraft:killed":{"zombie_more:cursed_zombie":1,"minecraft:skeleton":1,"minecraft:chicken":3,"born_in_chaos_v1:corpse_fish":1,"undead_revamp2:thehorrors":1,"minecraft:pig":1,"born_in_chaos_v1:diamond_termite":2,"minecraft:creeper":1,"minecraft:sheep":4,"minecraft:zombie":1,"minecraft:cow":3},"minecraft:mined":{"minecraft:white_bed":8,"born_in_chaos_v1:infected_diamond_ore":1,"biomesoplenty:bush":5,"minecraft:grass_block":14,"minecraft:coal_block":6,"minecraft:spruce_leaves":7,"minecraft:oxeye_daisy":1,"biomesoplenty:jacaranda_log":8,"minecraft:furnace":1,"biomesoplenty:toadstool":2,"minecraft:iron_ore":29,"minecraft:andesite":5,"minecraft:brown_bed":1,"biomesoplenty:hanging_cobweb":2,"minecraft:deepslate_iron_ore":17,"minecraft:stone":95,"minecraft:glass_pane":2,"jeg:scrap_ore":12,"biomesoplenty:jacaranda_planks":2,"minecraft:crafting_table":3,"minecraft:torch":2,"biomesoplenty:fir_planks":10,"minecraft:glass":4,"minecraft:tall_grass":1,"minecraft:copper_ore":27,"minecraft:cobblestone":3,"minecraft:wall_torch":1,"jeg:scrap_workbench":1,"minecraft:lilac":1,"minecraft:spruce_log":2,"biomesoplenty:fir_log":47,"minecraft:grass":12,"minecraft:coal_ore":36,"minecraft:oak_log":3,"minecraft:dirt":5,"biomesoplenty:stringy_cobweb":2,"minecraft:stone_bricks":1,"minecraft:oak_leaves":15,"minecraft:deepslate":1,"minecraft:fern":10}},"DataVersion":3465}