{"stats":{"minecraft:picked_up":{"minecraft:crafting_table":1,"minecraft:wheat":16,"jeg:scrap_workbench":1,"minecraft:string":2,"minecraft:raw_copper":35,"zombie_more:acid_drool":1,"biomesoplenty:tall_lavender":6,"minecraft:item_frame":2,"minecraft:iron_nugget":1,"minecraft:iron_boots":1,"minecraft:raw_iron":8,"minecraft:oak_door":3,"simplefarming:cantaloupe_seeds":1,"minecraft:torch":3,"tombstone:grave_dust":3,"minecraft:carrot":7,"minecraft:arrow":5,"minecraft:rotten_flesh":17,"biomesoplenty:jacaranda_log":76,"minecraft:cobblestone":472,"born_in_chaos_v1:corpse_maggot":6,"born_in_chaos_v1:monster_flesh":1,"minecraft:potato":16,"biomesoplenty:jacaranda_door":1,"minecraft:flint":5,"minecraft:oak_log":19,"jeg:scrap":31,"biomesoplenty:jacaranda_planks":61,"minecraft:gunpowder":5,"minecraft:dirt":221,"minecraft:bone":6,"minecraft:wheat_seeds":44,"minecraft:iron_ingot":6,"simplefarming:blueberry_bush":7,"jeg:tech_trash":3,"born_in_chaos_v1:ethereal_spirit":1,"simplefarming:blueberries":6,"minecraft:gravel":25,"minecraft:white_bed":5,"minecraft:spider_eye":1,"quark:oak_chest":1,"biomesoplenty:flowering_oak_sapling":1,"undead_revamp2:heavytooth":1,"jeg:scrap_block":1,"minecraft:oak_sapling":4,"minecraft:coal":19,"minecraft:ender_pearl":1},"minecraft:killed_by":{"minecraft:zombie":1},"minecraft:custom":{"minecraft:mob_kills":22,"minecraft:interact_with_crafting_table":43,"minecraft:open_barrel":1,"minecraft:damage_dealt_resisted":665,"minecraft:leave_game":1,"minecraft:time_since_death":3974,"minecraft:climb_one_cm":72,"minecraft:sprint_one_cm":357053,"minecraft:walk_one_cm":397878,"minecraft:damage_blocked_by_shield":1576,"minecraft:drop":18,"minecraft:play_time":142453,"minecraft:deaths":17,"minecraft:sneak_time":3319,"minecraft:walk_under_water_one_cm":16520,"minecraft:jump":1522,"minecraft:walk_on_water_one_cm":17232,"minecraft:total_world_time":142453,"minecraft:interact_with_furnace":21,"minecraft:sleep_in_bed":8,"minecraft:time_since_rest":3596,"minecraft:damage_taken":6587,"minecraft:damage_dealt":4797,"minecraft:fly_one_cm":261590,"minecraft:swim_one_cm":9570,"minecraft:player_kills":1,"minecraft:open_chest":37,"minecraft:crouch_one_cm":10895,"tombstone:undead_killed":12,"minecraft:fall_one_cm":38093},"minecraft:killed":{"minecraft:cave_spider":1,"born_in_chaos_v1:maggot":1,"minecraft:skeleton":4,"born_in_chaos_v1:spiritof_chaos":1,"zombie_more:boomer_zombie":1,"zombie_more:crawler_zombie":1,"undead_revamp2:the_moonflower":1,"undead_revamp2:theheavy":1,"minecraft:creeper":1,"minecraft:zombie":4,"born_in_chaos_v1:dread_hound":2,"born_in_chaos_v1:corpse_fly":3},"minecraft:dropped":{"minecraft:iron_ingot":1,"minecraft:wheat_seeds":1,"biomesoplenty:jacaranda_planks":123,"minecraft:coal":5,"tombstone:grave_key":1,"minecraft:iron_nugget":1,"born_in_chaos_v1:corpse_maggot":1},"minecraft:broken":{"minecraft:wooden_pickaxe":1,"minecraft:stone_pickaxe":3,"minecraft:stone_axe":1,"minecraft:stone_shovel":1},"minecraft:crafted":{"minecraft:oak_planks":68,"minecraft:cobblestone_slab":6,"minecraft:stone_shovel":1,"minecraft:barrel":8,"simplyswords:iron_twinblade":1,"minecraft:bone_meal":6,"jeg:scrap_workbench":1,"minecraft:stone_pickaxe":4,"biomesoplenty:jacaranda_door":3,"biomesoplenty:jacaranda_sign":3,"biomesoplenty:jacaranda_planks":319,"minecraft:crafting_table":1,"minecraft:wooden_pickaxe":1,"minecraft:baked_potato":8,"minecraft:stone_axe":1,"biomesoplenty:jacaranda_slab":24,"minecraft:bread":5,"minecraft:air":0,"jeg:scrap_block":1,"minecraft:shield":1,"minecraft:stick":32,"quark:oak_chest":7,"minecraft:iron_ingot":6,"minecraft:iron_pickaxe":1,"minecraft:stone_sword":1,"minecraft:torch":24},"minecraft:mined":{"minecraft:white_bed":5,"minecraft:oak_sapling":2,"biomesoplenty:bush":25,"minecraft:grass_block":172,"biomesoplenty:flowering_oak_leaves":7,"biomesoplenty:jacaranda_log":78,"biomesoplenty:tall_lavender":6,"minecraft:carrots":5,"minecraft:iron_ore":8,"minecraft:potatoes":4,"minecraft:stone":444,"simplefarming:blueberry_bush":7,"biomesoplenty:jacaranda_leaves":15,"jeg:scrap_ore":16,"quark:oak_chest":1,"jeg:scrap_block":1,"biomesoplenty:jacaranda_planks":46,"minecraft:crafting_table":1,"minecraft:torch":2,"minecraft:tall_grass":4,"minecraft:copper_ore":10,"minecraft:cobblestone":2,"minecraft:wall_torch":1,"jeg:scrap_workbench":1,"minecraft:wheat":15,"minecraft:grass":22,"minecraft:oak_log":19,"minecraft:coal_ore":19,"minecraft:gravel":29,"minecraft:dirt":29,"minecraft:oak_leaves":39},"minecraft:used":{"minecraft:stone_sword":114,"minecraft:stone_shovel":143,"minecraft:dried_kelp":1,"minecraft:shield":34,"minecraft:rotten_flesh":4,"minecraft:oak_door":1,"minecraft:torch":26,"minecraft:dirt":200,"minecraft:carrot":7,"simplefarming:blueberries":1,"born_in_chaos_v1:corpse_maggot":6,"minecraft:barrel":8,"minecraft:oak_sapling":4,"tombstone:gift":1,"minecraft:potato":8,"minecraft:knowledge_book":24,"minecraft:wheat_seeds":30,"biomesoplenty:jacaranda_door":4,"minecraft:stone_pickaxe":479,"minecraft:baked_potato":8,"minecraft:wooden_pickaxe":59,"biomesoplenty:flowering_oak_sapling":1,"minecraft:crafting_table":2,"simplyswords:iron_twinblade":40,"minecraft:white_bed":5,"biomesoplenty:jacaranda_planks":158,"minecraft:oak_log":2,"minecraft:apple":3,"jeg:scrap_block":1,"minecraft:bread":9,"minecraft:iron_pickaxe":1,"minecraft:gravel":7,"jeg:scrap_workbench":2,"minecraft:stone_axe":136,"minecraft:cobblestone":16,"quark:oak_chest":7,"biomesoplenty:jacaranda_sign":2,"minecraft:bone_meal":6}},"DataVersion":3465}