{"stats":{"minecraft:dropped":{"minecraft:feather":2,"minecraft:apple":1,"quark:clear_shard":5,"minecraft:bone":1},"minecraft:picked_up":{"born_in_chaos_v1:corpse_maggot":1,"minecraft:crafting_table":2,"minecraft:feather":2,"minecraft:chicken":3,"minecraft:leather":2,"minecraft:brown_bed":2,"jeg:scrap_workbench":1,"minecraft:oak_log":3,"jeg:scrap":14,"biomesoplenty:jacaranda_planks":2,"minecraft:dirt":14,"minecraft:lantern":1,"minecraft:item_frame":1,"minecraft:bone":1,"minecraft:beef":7,"minecraft:coal_block":6,"minecraft:iron_sword":1,"minecraft:raw_iron":6,"tombstone:grave_dust":1,"minecraft:white_bed":2,"minecraft:spruce_log":2,"quark:clear_shard":5,"minecraft:rotten_flesh":1,"biomesoplenty:jacaranda_log":8,"alexsmobs:maggot":2,"minecraft:oak_sapling":3,"minecraft:mutton":7,"minecraft:coal":25,"minecraft:white_wool":4,"minecraft:cobblestone":47,"minecraft:oxeye_daisy":1},"minecraft:custom":{"minecraft:interact_with_furnace":7,"minecraft:mob_kills":15,"minecraft:interact_with_crafting_table":16,"minecraft:open_barrel":1,"minecraft:time_since_death":28308,"minecraft:sleep_in_bed":6,"minecraft:climb_one_cm":18662,"minecraft:damage_resisted":91,"minecraft:time_since_rest":11546,"minecraft:sprint_one_cm":287678,"minecraft:damage_taken":4129,"minecraft:walk_one_cm":199145,"minecraft:drop":4,"minecraft:damage_dealt":1886,"minecraft:fly_one_cm":319211,"minecraft:open_chest":9,"minecraft:crouch_one_cm":9633,"minecraft:play_time":83499,"tombstone:undead_killed":4,"minecraft:deaths":10,"minecraft:sneak_time":2843,"minecraft:jump":1544,"minecraft:walk_on_water_one_cm":1427,"minecraft:total_world_time":83499,"minecraft:fall_one_cm":61561},"minecraft:used":{"minecraft:knowledge_book":75,"minecraft:stone_sword":7,"minecraft:stone_pickaxe":76,"minecraft:oak_planks":7,"minecraft:wooden_pickaxe":18,"minecraft:iron_sword":42,"minecraft:rotten_flesh":1,"minecraft:torch":6,"minecraft:dirt":6,"minecraft:crafting_table":3,"minecraft:white_bed":2,"biomesoplenty:jacaranda_planks":2,"alexsmobs:maggot":2,"minecraft:apple":2,"minecraft:lantern":1,"minecraft:bread":7,"jeg:scrap_workbench":1,"minecraft:golden_leggings":1,"minecraft:golden_helmet":1,"minecraft:wooden_sword":21,"minecraft:golden_carrot":2,"tombstone:gift":2,"minecraft:brown_bed":2},"minecraft:killed_by":{"minecraft:witch":1,"minecraft:zombie":3},"minecraft:crafted":{"minecraft:wooden_sword":1,"minecraft:oak_planks":12,"biomesoplenty:jacaranda_planks":32,"minecraft:crafting_table":1,"minecraft:spruce_planks":8,"minecraft:wooden_pickaxe":1,"minecraft:furnace":1,"jeg:scrap_block":1,"jeg:scrap_workbench":1,"minecraft:stick":16,"minecraft:stone_pickaxe":1,"minecraft:stone_sword":1,"minecraft:torch":8},"minecraft:killed":{"zombie_more:cursed_zombie":1,"minecraft:sheep":4,"minecraft:skeleton":1,"minecraft:zombie":1,"minecraft:chicken":3,"undead_revamp2:thehorrors":1,"minecraft:cow":3},"minecraft:mined":{"minecraft:white_bed":2,"minecraft:glass_pane":2,"jeg:scrap_ore":5,"biomesoplenty:jacaranda_planks":2,"minecraft:crafting_table":2,"biomesoplenty:bush":5,"minecraft:grass_block":9,"minecraft:glass":4,"minecraft:coal_block":6,"minecraft:tall_grass":1,"minecraft:spruce_leaves":7,"minecraft:oxeye_daisy":1,"jeg:scrap_workbench":1,"biomesoplenty:jacaranda_log":8,"minecraft:iron_ore":7,"minecraft:lilac":1,"minecraft:spruce_log":2,"minecraft:brown_bed":1,"minecraft:grass":4,"minecraft:oak_log":3,"minecraft:coal_ore":25,"minecraft:dirt":5,"minecraft:stone":48,"minecraft:oak_leaves":15}},"DataVersion":3465}