{"stats":{"minecraft:picked_up":{"minecraft:crafting_table":1,"minecraft:wheat":16,"jeg:scrap_workbench":1,"minecraft:chain":1,"minecraft:string":7,"minecraft:raw_copper":48,"zombie_more:acid_drool":1,"biomesoplenty:tall_lavender":6,"minecraft:item_frame":2,"minecraft:beef":3,"minecraft:iron_nugget":4,"minecraft:iron_boots":1,"minecraft:stick":1,"minecraft:raw_iron":74,"simplefarming:pear":3,"born_in_chaos_v1:shattered_skull":1,"minecraft:oak_door":3,"simplefarming:cantaloupe_seeds":1,"minecraft:copper_ingot":10,"minecraft:torch":10,"tombstone:grave_dust":10,"minecraft:diorite":11,"born_in_chaos_v1:pieceofdarkmetal":3,"minecraft:carrot":7,"minecraft:arrow":5,"minecraft:rotten_flesh":38,"biomesoplenty:jacaranda_log":76,"simplefarming:strawberries":1,"minecraft:glow_berries":2,"minecraft:birch_log":1,"undead_revamp2:arapholia":1,"minecraft:white_wool":1,"minecraft:rail":1,"minecraft:cobblestone":594,"born_in_chaos_v1:corpse_maggot":6,"born_in_chaos_v1:monster_flesh":1,"minecraft:andesite":31,"minecraft:leather":6,"alexsmobs:bison_fur":2,"minecraft:potato":16,"biomesoplenty:jacaranda_door":1,"minecraft:flint":5,"minecraft:oak_log":24,"jeg:scrap":81,"biomesoplenty:jacaranda_planks":61,"minecraft:gunpowder":5,"minecraft:dirt":226,"minecraft:bone":11,"minecraft:apple":2,"minecraft:wheat_seeds":44,"minecraft:iron_ingot":6,"simplefarming:blueberry_bush":13,"simplefarming:pear_sapling":1,"minecraft:oak_planks":15,"jeg:tech_trash":10,"born_in_chaos_v1:ethereal_spirit":1,"simplefarming:blueberries":12,"minecraft:gravel":25,"minecraft:white_bed":5,"minecraft:spider_eye":1,"quark:oak_chest":1,"biomesoplenty:flowering_oak_sapling":1,"undead_revamp2:heavytooth":1,"minecraft:bundle":1,"jeg:scrap_block":1,"simplefarming:strawberry_bush":1,"minecraft:granite":21,"minecraft:oak_sapling":4,"minecraft:coal":32,"minecraft:ender_pearl":1},"minecraft:killed_by":{"minecraft:skeleton":1,"minecraft:zombie":4},"minecraft:custom":{"minecraft:mob_kills":38,"minecraft:interact_with_crafting_table":65,"minecraft:open_barrel":1,"minecraft:damage_dealt_resisted":2023,"minecraft:leave_game":1,"minecraft:time_since_death":9061,"minecraft:climb_one_cm":281,"minecraft:sprint_one_cm":824329,"minecraft:walk_one_cm":670291,"minecraft:damage_blocked_by_shield":2529,"minecraft:drop":23,"minecraft:play_time":238453,"minecraft:deaths":34,"minecraft:sneak_time":8498,"minecraft:walk_under_water_one_cm":17244,"minecraft:jump":2985,"minecraft:walk_on_water_one_cm":21839,"minecraft:total_world_time":238453,"minecraft:interact_with_furnace":33,"minecraft:sleep_in_bed":8,"minecraft:time_since_rest":6662,"minecraft:damage_taken":11621,"minecraft:damage_dealt":8313,"minecraft:fly_one_cm":469973,"minecraft:swim_one_cm":17082,"minecraft:player_kills":1,"minecraft:open_chest":40,"minecraft:crouch_one_cm":30253,"tombstone:undead_killed":20,"minecraft:fall_one_cm":59468},"minecraft:killed":{"minecraft:cave_spider":2,"minecraft:phantom":1,"born_in_chaos_v1:maggot":1,"minecraft:skeleton":4,"undead_revamp2:therod":3,"undead_revamp2:thepregnant":1,"born_in_chaos_v1:spiritof_chaos":1,"zombie_more:boomer_zombie":1,"zombie_more:crawler_zombie":1,"undead_revamp2:the_moonflower":3,"undead_revamp2:theheavy":1,"minecraft:creeper":1,"undead_revamp2:thebidyupside":1,"minecraft:zombie":6,"born_in_chaos_v1:dread_hound":2,"born_in_chaos_v1:corpse_fly":4,"minecraft:cow":1},"minecraft:dropped":{"minecraft:iron_ingot":1,"minecraft:wheat_seeds":1,"simplefarming:blueberry_bush":6,"minecraft:glow_berries":2,"minecraft:leather":2,"biomesoplenty:jacaranda_planks":123,"minecraft:coal":5,"minecraft:dirt":1,"tombstone:grave_key":1,"minecraft:iron_nugget":1,"minecraft:wheat":1,"born_in_chaos_v1:corpse_maggot":1},"minecraft:broken":{"minecraft:wooden_pickaxe":1,"minecraft:stone_pickaxe":4,"minecraft:shield":1,"minecraft:stone_axe":1,"minecraft:iron_pickaxe":1,"minecraft:stone_shovel":1},"minecraft:crafted":{"minecraft:oak_planks":88,"minecraft:cobblestone_slab":6,"minecraft:stone_shovel":1,"minecraft:barrel":8,"simplyswords:iron_twinblade":1,"minecraft:furnace":2,"minecraft:bone_meal":6,"minecraft:iron_boots":1,"jeg:scrap_workbench":1,"minecraft:stone_pickaxe":5,"biomesoplenty:jacaranda_door":3,"biomesoplenty:jacaranda_sign":3,"minecraft:cooked_beef":7,"sophisticatedbackpacks:backpack":1,"biomesoplenty:jacaranda_planks":319,"minecraft:crafting_table":4,"minecraft:wooden_pickaxe":1,"minecraft:baked_potato":8,"minecraft:stone_axe":1,"biomesoplenty:jacaranda_slab":24,"minecraft:bread":5,"minecraft:air":0,"jeg:scrap_block":1,"minecraft:iron_chestplate":1,"minecraft:shield":1,"minecraft:stick":40,"quark:oak_chest":8,"minecraft:iron_ingot":29,"minecraft:iron_pickaxe":1,"minecraft:stone_sword":1,"minecraft:iron_leggings":1,"minecraft:torch":40},"minecraft:mined":{"minecraft:white_bed":5,"minecraft:oak_sapling":2,"minecraft:granite":21,"biomesoplenty:bush":25,"minecraft:grass_block":172,"biomesoplenty:flowering_oak_leaves":7,"minecraft:spawner":1,"biomesoplenty:jacaranda_log":78,"biomesoplenty:tall_lavender":6,"minecraft:carrots":5,"minecraft:iron_ore":74,"minecraft:andesite":29,"minecraft:potatoes":4,"biomesoplenty:high_grass":3,"minecraft:stone":563,"simplefarming:strawberry_bush":1,"simplefarming:blueberry_bush":13,"horror_element_mod:spiked_body":1,"biomesoplenty:jacaranda_leaves":15,"jeg:scrap_ore":45,"quark:oak_chest":1,"jeg:scrap_block":1,"biomesoplenty:jacaranda_planks":46,"minecraft:crafting_table":1,"minecraft:torch":4,"biomesoplenty:high_grass_plant":8,"minecraft:tall_grass":5,"minecraft:copper_ore":13,"minecraft:cobblestone":7,"minecraft:oak_planks":16,"minecraft:diorite":8,"minecraft:wall_torch":2,"jeg:scrap_workbench":1,"simplefarming:pear_leaves":3,"minecraft:wheat":15,"minecraft:lilac":1,"minecraft:birch_leaves":2,"minecraft:grass":24,"minecraft:oak_log":24,"minecraft:coal_ore":32,"minecraft:gravel":29,"minecraft:dirt":34,"minecraft:cobweb":5,"minecraft:oak_leaves":50},"minecraft:used":{"minecraft:stone_sword":114,"minecraft:stone_shovel":143,"minecraft:dried_kelp":1,"minecraft:shield":51,"minecraft:rotten_flesh":4,"minecraft:oak_door":1,"minecraft:torch":60,"minecraft:dirt":205,"minecraft:carrot":7,"simplefarming:blueberries":12,"minecraft:granite":4,"born_in_chaos_v1:corpse_maggot":6,"minecraft:barrel":8,"minecraft:furnace":2,"minecraft:oak_sapling":4,"tombstone:gift":5,"minecraft:cooked_beef":2,"minecraft:potato":8,"minecraft:knowledge_book":26,"minecraft:wheat_seeds":30,"biomesoplenty:jacaranda_door":4,"minecraft:diorite":11,"minecraft:stone_pickaxe":529,"minecraft:baked_potato":8,"minecraft:oak_planks":9,"minecraft:wooden_pickaxe":59,"biomesoplenty:flowering_oak_sapling":1,"simplefarming:strawberries":1,"minecraft:glow_berries":7,"minecraft:crafting_table":5,"simplyswords:iron_twinblade":163,"minecraft:white_bed":5,"biomesoplenty:jacaranda_planks":158,"minecraft:oak_log":2,"minecraft:apple":5,"jeg:scrap_block":1,"minecraft:bread":11,"minecraft:iron_pickaxe":250,"minecraft:gravel":7,"jeg:scrap_workbench":2,"minecraft:stone_axe":136,"minecraft:cobblestone":62,"minecraft:birch_log":1,"minecraft:andesite":6,"quark:oak_chest":7,"biomesoplenty:jacaranda_sign":2,"minecraft:bone_meal":6}},"DataVersion":3465}