{"stats":{"minecraft:crafted":{"minecraft:oak_planks":120,"minecraft:cobblestone_slab":6,"minecraft:barrel":8,"minecraft:cooked_mutton":4,"minecraft:iron_boots":2,"tombstone:grave_key":1,"biomesoplenty:jacaranda_sign":3,"sophisticatedbackpacks:backpack":1,"biomesoplenty:jacaranda_planks":319,"minecraft:cooked_porkchop":6,"minecraft:crafting_table":5,"minecraft:wooden_pickaxe":2,"minecraft:baked_potato":30,"minecraft:birch_planks":36,"biomesoplenty:jacaranda_slab":24,"minecraft:iron_chestplate":3,"minecraft:shield":3,"minecraft:stick":64,"quark:oak_chest":8,"minecraft:iron_ingot":103,"minecraft:iron_pickaxe":4,"minecraft:stone_sword":1,"minecraft:coal":18,"minecraft:stone_shovel":1,"minecraft:iron_nugget":9,"simplyswords:iron_twinblade":2,"minecraft:furnace":8,"minecraft:bone_meal":6,"jeg:scrap_workbench":1,"minecraft:stone_pickaxe":5,"biomesoplenty:jacaranda_door":3,"minecraft:cooked_beef":7,"simplyswords:iron_halberd":2,"minecraft:mangrove_planks":4,"minecraft:stone_axe":1,"minecraft:air":0,"minecraft:bread":20,"jeg:scrap_block":1,"minecraft:iron_leggings":1,"minecraft:torch":96},"minecraft:killed_by":{"minecraft:zombie":5,"alexscaves:teletor":1,"minecraft:skeleton":3},"minecraft:broken":{"minecraft:iron_boots":2,"minecraft:iron_chestplate":1,"minecraft:iron_leggings":1,"minecraft:stone_pickaxe":5,"simplyswords:iron_twinblade":1,"minecraft:stone_axe":1,"minecraft:stone_shovel":1,"simplyswords:iron_halberd":1,"minecraft:stone_sword":1,"minecraft:wooden_pickaxe":2,"minecraft:shield":2,"minecraft:iron_pickaxe":2},"minecraft:used":{"minecraft:white_terracotta":1,"minecraft:shield":121,"alexscaves:galena":49,"minecraft:rotten_flesh":4,"minecraft:carrot":105,"simplefarming:blueberries":12,"simplefarming:raspberries":5,"born_in_chaos_v1:corpse_maggot":11,"minecraft:furnace":8,"minecraft:oak_sapling":4,"jeg:revolver":7,"minecraft:egg":3,"minecraft:potato":43,"minecraft:diorite":11,"minecraft:stone_pickaxe":675,"minecraft:oak_planks":38,"minecraft:wooden_pickaxe":118,"biomesoplenty:flowering_oak_sapling":1,"simplefarming:blueberry_bush":1,"minecraft:white_wool":1,"simplefarming:strawberries":6,"minecraft:glow_berries":7,"simplyswords:iron_halberd":403,"biomesoplenty:jacaranda_planks":162,"jeg:scrap_block":1,"minecraft:bread":24,"minecraft:gravel":7,"minecraft:coal_block":1,"minecraft:birch_log":3,"minecraft:andesite":6,"biomesoplenty:jacaranda_sign":2,"minecraft:bone_meal":6,"minecraft:stone_sword":120,"minecraft:stone_shovel":143,"minecraft:dried_kelp":1,"minecraft:oak_door":1,"minecraft:torch":134,"minecraft:dirt":333,"alexscaves:metal_swarf":6,"minecraft:granite":4,"minecraft:barrel":8,"minecraft:beef":9,"tombstone:gift":5,"minecraft:cooked_beef":11,"minecraft:cobbled_deepslate":63,"minecraft:enchanted_golden_apple":1,"minecraft:knowledge_book":92,"minecraft:wheat_seeds":31,"minecraft:cooked_mutton":4,"biomesoplenty:jacaranda_door":4,"minecraft:birch_planks":14,"minecraft:baked_potato":32,"minecraft:crafting_table":8,"simplyswords:iron_twinblade":306,"minecraft:white_bed":8,"simplefarming:blackberries":5,"minecraft:cod":2,"minecraft:oak_log":2,"minecraft:apple":7,"minecraft:chicken":1,"minecraft:iron_pickaxe":871,"jeg:scrap_workbench":2,"minecraft:stone_axe":136,"minecraft:cobblestone":289,"minecraft:cooked_porkchop":9,"minecraft:porkchop":1,"quark:oak_chest":7,"minecraft:stripped_oak_log":7},"minecraft:killed":{"undead_revamp2:thewolf":2,"zombie_more:cursed_zombie":9,"minecraft:cave_spider":3,"born_in_chaos_v1:zombie_lumberjack":1,"born_in_chaos_v1:baby_skeleton_minion":2,"undead_revamp2:theswarmer":1,"minecraft:skeleton":11,"minecraft:chicken":1,"undead_revamp2:therod":3,"undead_revamp2:thepregnant":1,"undead_revamp2:thespitter":1,"alexscaves:notor":4,"zombie_more:boomer_zombie":5,"born_in_chaos_v1:bonescaller":2,"minecraft:pig":5,"born_in_chaos_v1:diamond_termite":3,"undead_revamp2:theheavy":1,"minecraft:creeper":5,"minecraft:sheep":2,"undead_revamp2:thebidyupside":1,"minecraft:zombie":42,"born_in_chaos_v1:dread_hound":3,"born_in_chaos_v1:corpse_fly":5,"minecraft:cow":2,"undead_revamp2:thehunter":7,"alexscaves:ferrouslime":1,"born_in_chaos_v1:zombie_bruiser":2,"born_in_chaos_v1:maggot":8,"minecraft:phantom":3,"alexsmobs:bison":1,"born_in_chaos_v1:corpse_fish":1,"undead_revamp2:sucker":1,"born_in_chaos_v1:spiritof_chaos":1,"born_in_chaos_v1:fallen_chaos_knight":1,"born_in_chaos_v1:bone_imp_minion":1,"zombie_more:crawler_zombie":7,"undead_revamp2:the_moonflower":7,"born_in_chaos_v1:decrepit_skeleton":3},"minecraft:custom":{"minecraft:interact_with_crafting_table":102,"minecraft:open_barrel":32,"minecraft:leave_game":9,"minecraft:time_since_death":2341,"minecraft:damage_resisted":58,"minecraft:sprint_one_cm":1925513,"minecraft:damage_blocked_by_shield":7337,"minecraft:drop":115,"minecraft:play_time":658325,"minecraft:deaths":70,"minecraft:jump":7872,"minecraft:walk_on_water_one_cm":61484,"minecraft:interact_with_furnace":91,"minecraft:sleep_in_bed":16,"minecraft:damage_dealt":34973,"minecraft:player_kills":2,"minecraft:crouch_one_cm":55518,"tombstone:undead_killed":110,"minecraft:mob_kills":173,"minecraft:damage_dealt_resisted":3648,"minecraft:climb_one_cm":878,"minecraft:walk_one_cm":1632042,"minecraft:damage_dealt_absorbed":4,"minecraft:sneak_time":19394,"minecraft:walk_under_water_one_cm":44099,"minecraft:total_world_time":658325,"minecraft:time_since_rest":2206,"minecraft:damage_taken":27784,"minecraft:damage_absorbed":160,"minecraft:swim_one_cm":71667,"minecraft:fly_one_cm":1300320,"minecraft:open_chest":120,"minecraft:fall_one_cm":171999},"minecraft:picked_up":{"minecraft:wheat":39,"minecraft:enchanted_book":1,"minecraft:knowledge_book":1,"tombstone:grave_key":5,"minecraft:string":9,"minecraft:raw_copper":48,"zombie_more:acid_drool":3,"biomesoplenty:tall_lavender":6,"jeg:revolver":4,"minecraft:cobbled_deepslate":113,"simplefarming:blackberry_bush":4,"minecraft:enchanted_golden_apple":1,"minecraft:coal_block":3,"minecraft:mangrove_log":1,"minecraft:iron_boots":1,"minecraft:stick":2,"born_in_chaos_v1:shattered_skull":1,"jeg:pistol_ammo":11,"minecraft:torch":27,"alexscaves:raw_azure_neodymium":28,"minecraft:porkchop":7,"simplefarming:raspberries":5,"tombstone:grave_dust":24,"minecraft:diorite":13,"minecraft:stone_sword":1,"minecraft:rotten_flesh":155,"alexscaves:notor_gizmo":4,"minecraft:white_terracotta":1,"undead_revamp2:arapholia":1,"minecraft:cobblestone":955,"biomesoplenty:lavender":2,"minecraft:birch_log":12,"minecraft:cooked_beef":4,"minecraft:andesite":31,"minecraft:potato":94,"alexsmobs:bison_fur":4,"minecraft:flint":10,"undead_revamp2:huntereye":2,"jeg:scrap":127,"minecraft:dirt":372,"zombie_more:crawler_gut":2,"alexscaves:galena":135,"minecraft:bone":21,"simplefarming:cucumber_seeds":1,"minecraft:wheat_seeds":117,"simplefarming:blueberry_bush":14,"minecraft:oak_planks":31,"minecraft:cooked_porkchop":3,"undead_revamp2:heavytooth":1,"minecraft:bundle":2,"jeg:scrap_block":1,"born_in_chaos_v1:fire_dust":1,"minecraft:granite":35,"minecraft:bone_meal":1,"minecraft:oak_sapling":9,"minecraft:netherrack":1,"born_in_chaos_v1:diamond_termite_shard":6,"minecraft:crafting_table":3,"simplefarming:pea_seeds":1,"minecraft:allium":6,"minecraft:chicken":1,"born_in_chaos_v1:seedof_chaos":1,"minecraft:chain":1,"jeg:scrap_workbench":1,"alexscaves:metal_swarf":6,"minecraft:item_frame":4,"minecraft:beef":12,"minecraft:iron_nugget":10,"minecraft:birch_sapling":1,"minecraft:phantom_membrane":2,"minecraft:egg":3,"minecraft:raw_iron":120,"simplefarming:pear":3,"minecraft:oak_door":5,"simplefarming:cantaloupe_seeds":2,"minecraft:copper_ingot":18,"zombie_more:cursed_heart":3,"simplyswords:iron_halberd":2,"born_in_chaos_v1:pieceofdarkmetal":7,"minecraft:carrot":63,"minecraft:redstone":22,"minecraft:arrow":11,"biomesoplenty:jacaranda_log":76,"minecraft:golden_hoe":1,"simplefarming:strawberries":6,"tombstone:essence_of_undeath":2,"minecraft:mutton":4,"minecraft:glow_berries":2,"minecraft:rail":1,"minecraft:white_wool":2,"minecraft:stripped_oak_log":7,"born_in_chaos_v1:corpse_maggot":10,"simplefarming:soybean_seeds":2,"born_in_chaos_v1:monster_flesh":2,"minecraft:leather":7,"minecraft:birch_planks":8,"biomesoplenty:jacaranda_door":1,"minecraft:oak_log":33,"biomesoplenty:jacaranda_planks":67,"minecraft:gunpowder":21,"alexscaves:ferrouslime_ball":1,"minecraft:apple":4,"minecraft:iron_ingot":32,"minecraft:stone_pickaxe":3,"simplefarming:pear_sapling":1,"jeg:tech_trash":18,"born_in_chaos_v1:ethereal_spirit":2,"minecraft:gravel":25,"simplefarming:blueberries":12,"minecraft:white_bed":8,"simplefarming:squash_seeds":2,"quark:oak_chest":1,"minecraft:spider_eye":1,"simplefarming:blackberries":5,"biomesoplenty:flowering_oak_sapling":1,"simplefarming:strawberry_bush":6,"simplefarming:sweet_potato_seeds":1,"alexscaves:azure_neodymium_pillar":3,"minecraft:baked_potato":7,"tombstone:magic_scroll":2,"simplefarming:cotton_seeds":1,"minecraft:coal":50,"minecraft:ender_pearl":2},"minecraft:dropped":{"alexscaves:notor_gizmo":2,"minecraft:baked_potato":5,"simplefarming:sweet_potato_seeds":1,"minecraft:glow_berries":2,"minecraft:leather":2,"simplyswords:iron_halberd":2,"alexsmobs:bison_fur":1,"minecraft:flint":5,"simplefarming:pea_seeds":1,"minecraft:dirt":2,"minecraft:iron_pickaxe":1,"simplefarming:squash_seeds":2,"quark:oak_chest":1,"minecraft:iron_nugget":2,"simplefarming:cantaloupe_seeds":1,"simplyswords:iron_twinblade":1,"minecraft:wheat":1,"minecraft:birch_sapling":1,"minecraft:carrot":8,"jeg:revolver":3,"simplefarming:strawberry_bush":3,"born_in_chaos_v1:corpse_maggot":1,"born_in_chaos_v1:diamond_termite_shard":6,"minecraft:netherrack":1,"minecraft:bread":2,"minecraft:iron_ingot":18,"simplefarming:pear":3,"alexscaves:raw_azure_neodymium":10,"minecraft:wheat_seeds":30,"simplefarming:blueberry_bush":6,"biomesoplenty:lavender":2,"minecraft:cobblestone":9,"minecraft:copper_ingot":6,"biomesoplenty:jacaranda_planks":123,"minecraft:coal":9,"simplefarming:pear_sapling":1,"simplefarming:soybean_seeds":1,"minecraft:torch":1,"tombstone:grave_key":5,"minecraft:golden_hoe":1,"minecraft:string":1,"simplefarming:cotton_seeds":1,"minecraft:iron_boots":1,"minecraft:allium":1,"simplefarming:cucumber_seeds":1,"minecraft:iron_chestplate":1,"minecraft:stone_pickaxe":2,"jeg:pistol_ammo":1},"minecraft:mined":{"simplefarming:raspberry_bush":5,"minecraft:white_bed":8,"minecraft:oak_sapling":2,"alexscaves:azure_neodymium_pillar":6,"minecraft:granite":35,"minecraft:grass_block":202,"biomesoplenty:flowering_oak_leaves":7,"minecraft:coal_block":3,"simplefarming:blackberry_bush":5,"minecraft:spawner":1,"biomesoplenty:tall_lavender":6,"minecraft:cobbled_deepslate":2,"minecraft:iron_ore":103,"minecraft:fire":3,"biomesoplenty:lavender":1,"minecraft:deepslate_lapis_ore":4,"biomesoplenty:webbing":2,"horror_element_mod:spiked_body":1,"biomesoplenty:jacaranda_leaves":26,"minecraft:deepslate_redstone_ore":3,"jeg:scrap_block":1,"biomesoplenty:jacaranda_planks":51,"minecraft:torch":7,"alexscaves:energized_galena_scarlet":19,"minecraft:cobblestone":53,"minecraft:oak_planks":20,"minecraft:wall_torch":4,"minecraft:seagrass":1,"minecraft:birch_log":11,"minecraft:wheat":16,"minecraft:lilac":1,"minecraft:grass":42,"minecraft:oak_log":31,"horror_element_mod:dead_cow":1,"minecraft:dirt":126,"minecraft:deepslate":129,"minecraft:oak_leaves":72,"minecraft:oak_door":1,"born_in_chaos_v1:infected_diamond_ore":1,"biomesoplenty:bush":31,"minecraft:allium":1,"alexscaves:galena_spire":1,"alexscaves:galena":115,"minecraft:redstone_ore":2,"biomesoplenty:jacaranda_log":78,"minecraft:carrots":9,"alexscaves:energized_galena_azure":14,"minecraft:andesite":29,"minecraft:potatoes":10,"biomesoplenty:high_grass":6,"minecraft:stone":904,"simplefarming:strawberry_bush":6,"simplefarming:blueberry_bush":14,"jeg:scrap_ore":81,"quark:oak_chest":1,"minecraft:crafting_table":3,"biomesoplenty:high_grass_plant":12,"alexscaves:metal_swarf":9,"minecraft:tall_grass":5,"minecraft:copper_ore":13,"minecraft:lapis_ore":1,"minecraft:sculk":6,"minecraft:diorite":10,"minecraft:birch_planks":8,"jeg:scrap_workbench":1,"alexscaves:galena_iron_ore":20,"biomesoplenty:yellow_autumn_leaves":4,"simplefarming:pear_leaves":3,"minecraft:birch_leaves":10,"minecraft:coal_ore":41,"minecraft:gravel":29,"minecraft:cobweb":5,"minecraft:fern":1}},"DataVersion":3465}