{"stats":{"minecraft:picked_up":{"minecraft:golden_helmet":1,"minecraft:wheat":45,"minecraft:rotten_flesh":2,"minecraft:beetroot":3,"minecraft:beetroot_seeds":7,"minecraft:golden_leggings":2,"minecraft:wheat_seeds":77,"minecraft:potato":45,"minecraft:carrot":57},"minecraft:custom":{"minecraft:open_chest":3,"minecraft:time_since_rest":2327,"minecraft:play_time":5878,"minecraft:sprint_one_cm":3768,"minecraft:walk_one_cm":27692,"minecraft:damage_taken":227,"minecraft:deaths":1,"minecraft:bell_ring":17,"minecraft:jump":56,"minecraft:damage_dealt":10,"minecraft:time_since_death":4726,"minecraft:walk_on_water_one_cm":1633,"minecraft:total_world_time":5878,"minecraft:fly_one_cm":6536},"minecraft:used":{"minecraft:golden_leggings":1,"minecraft:golden_helmet":1,"minecraft:carrot":2}},"DataVersion":3465}