{"stats":{"minecraft:custom":{"minecraft:jump":59,"minecraft:time_since_rest":7013,"minecraft:sprint_one_cm":7840,"minecraft:play_time":7013,"minecraft:damage_taken":200,"minecraft:time_since_death":7013,"minecraft:walk_one_cm":11482,"minecraft:total_world_time":7013,"minecraft:interact_with_crafting_table":1,"minecraft:drop":1,"minecraft:fall_one_cm":3034,"minecraft:fly_one_cm":6997},"minecraft:crafted":{"minecraft:stick":8,"biomesoplenty:jacaranda_planks":20},"minecraft:used":{"minecraft:knowledge_book":4},"minecraft:dropped":{"minecraft:dirt":1},"minecraft:mined":{"minecraft:grass":2,"biomesoplenty:jacaranda_leaves":2,"biomesoplenty:jacaranda_log":5,"minecraft:grass_block":3,"minecraft:dirt":2},"minecraft:picked_up":{"biomesoplenty:jacaranda_log":5,"minecraft:dirt":5}},"DataVersion":3465}