{"stats":{"minecraft:crafted":{"minecraft:oak_planks":8,"minecraft:cooked_mutton":9,"minecraft:bow":1,"minecraft:iron_boots":1,"biomesoplenty:jacaranda_planks":20,"minecraft:cooked_porkchop":3,"minecraft:crafting_table":3,"minecraft:wooden_pickaxe":1,"minecraft:baked_potato":20,"minecraft:iron_chestplate":1,"minecraft:shield":1,"minecraft:stick":56,"minecraft:iron_ingot":15,"minecraft:iron_pickaxe":3,"minecraft:stone_sword":1,"minecraft:bone_meal":12,"minecraft:iron_axe":1,"minecraft:stone_pickaxe":1,"minecraft:dark_oak_planks":8,"sophisticatedbackpacks:iron_backpack":1,"minecraft:cooked_beef":5,"minecraft:diamond_sword":2,"minecraft:iron_sword":2,"minecraft:bucket":1,"minecraft:bread":40,"minecraft:iron_leggings":1,"minecraft:white_bed":1,"minecraft:torch":64},"minecraft:killed_by":{"minecraft:zombie":26,"alexscaves:teletor":1,"minecraft:skeleton":1},"minecraft:broken":{"minecraft:golden_helmet":1,"minecraft:iron_chestplate":1,"minecraft:golden_leggings":1,"minecraft:iron_sword":4,"minecraft:shield":1,"minecraft:iron_pickaxe":2},"minecraft:used":{"minecraft:waxed_exposed_cut_copper":5,"minecraft:spruce_slab":3,"minecraft:shield":51,"minecraft:iron_sword":977,"alexscaves:galena":13,"minecraft:rotten_flesh":2,"minecraft:iron_chestplate":1,"minecraft:carrot":133,"simplefarming:blueberries":2,"born_in_chaos_v1:corpse_maggot":3,"born_in_chaos_v1:smoked_flesh":3,"biomesoplenty:jacaranda_sapling":1,"minecraft:bow":42,"minecraft:furnace":1,"minecraft:egg":2,"minecraft:potato":4,"minecraft:stone_pickaxe":76,"minecraft:wooden_pickaxe":11,"minecraft:redstone_block":1,"minecraft:white_wool":9,"simplefarming:strawberries":4,"minecraft:golden_apple":2,"minecraft:bread":35,"minecraft:iron_door":2,"minecraft:diamond_sword":223,"minecraft:coal_block":3,"minecraft:andesite":1,"minecraft:bone_meal":12,"minecraft:cobweb":20,"minecraft:experience_bottle":1,"minecraft:stone_sword":7,"minecraft:spruce_planks":13,"minecraft:torch":27,"minecraft:dirt":60,"minecraft:iron_axe":1,"minecraft:iron_boots":1,"minecraft:barrel":1,"tombstone:gift":2,"minecraft:cooked_beef":5,"minecraft:iron_leggings":1,"minecraft:knowledge_book":159,"minecraft:wheat_seeds":18,"minecraft:cooked_mutton":10,"biomesoplenty:jacaranda_door":2,"minecraft:water_bucket":4,"minecraft:polished_andesite":1,"minecraft:baked_potato":38,"minecraft:smooth_sandstone_slab":4,"simplefarming:pear":3,"minecraft:crafting_table":3,"minecraft:white_bed":5,"minecraft:apple":1,"minecraft:waxed_exposed_cut_copper_stairs":2,"minecraft:iron_pickaxe":456,"minecraft:golden_leggings":1,"minecraft:cobblestone":7,"minecraft:potion":6,"minecraft:cooked_porkchop":3,"minecraft:bucket":4,"minecraft:pumpkin_pie":2,"minecraft:splash_potion":1},"minecraft:killed":{"zombie_more:cursed_zombie":5,"zombie_more:tank_zombie":1,"born_in_chaos_v1:door_knight_not_despawn":1,"minecraft:spider":5,"born_in_chaos_v1:siamese_skeletonsright":1,"born_in_chaos_v1:baby_skeleton_minion":1,"minecraft:skeleton":15,"minecraft:chicken":4,"undead_revamp2:thepregnant":1,"undead_revamp2:thespitter":1,"minecraft:pig":2,"minecraft:creeper":2,"minecraft:sheep":9,"born_in_chaos_v1:zombie_fisherman":1,"minecraft:pillager":1,"minecraft:zombie":85,"zombie_more:explosive_zombie":1,"alexsmobs:terrapin":2,"born_in_chaos_v1:corpse_fly":3,"born_in_chaos_v1:door_knight":1,"born_in_chaos_v1:siamese_skeletonsleft":1,"minecraft:cow":2,"quark:toretoise":2,"born_in_chaos_v1:maggot":28,"alexsmobs:bison":1,"born_in_chaos_v1:corpse_fish":1,"undead_revamp2:sucker":1,"born_in_chaos_v1:fallen_chaos_knight":1,"born_in_chaos_v1:baby_skeleton":3,"zombie_more:crawler_zombie":2,"undead_revamp2:the_moonflower":1,"born_in_chaos_v1:decrepit_skeleton":5},"minecraft:custom":{"minecraft:interact_with_crafting_table":35,"minecraft:open_barrel":110,"minecraft:leave_game":4,"minecraft:time_since_death":50125,"minecraft:sprint_one_cm":953431,"minecraft:damage_blocked_by_shield":2835,"minecraft:drop":247,"minecraft:play_time":474620,"minecraft:deaths":63,"minecraft:jump":5367,"minecraft:walk_on_water_one_cm":285483,"minecraft:interact_with_furnace":52,"minecraft:sleep_in_bed":4,"minecraft:damage_dealt":39478,"minecraft:crouch_one_cm":51249,"tombstone:undead_killed":128,"minecraft:interact_with_smoker":3,"minecraft:mob_kills":197,"minecraft:interact_with_campfire":15,"minecraft:damage_dealt_resisted":520,"minecraft:climb_one_cm":146977,"minecraft:walk_one_cm":1172239,"minecraft:damage_dealt_absorbed":90,"minecraft:sneak_time":43428,"minecraft:walk_under_water_one_cm":124746,"minecraft:total_world_time":474620,"tombstone:raider_killed":1,"minecraft:time_since_rest":48706,"minecraft:damage_taken":27880,"minecraft:damage_absorbed":60,"minecraft:trigger_trapped_chest":3,"minecraft:swim_one_cm":50575,"minecraft:fly_one_cm":814792,"minecraft:open_chest":106,"minecraft:fall_one_cm":109333},"minecraft:picked_up":{"minecraft:iron_chestplate":1,"minecraft:wheat":114,"minecraft:redstone_block":6,"minecraft:knowledge_book":1,"minecraft:brewing_stand":1,"minecraft:polished_deepslate":4,"minecraft:string":49,"minecraft:raw_copper":15,"zombie_more:acid_drool":3,"minecraft:armor_stand":1,"minecraft:experience_bottle":1,"minecraft:cobbled_deepslate":3,"minecraft:smooth_stone":2,"minecraft:bucket":1,"minecraft:spruce_planks":28,"minecraft:waxed_exposed_cut_copper":5,"quark:cyan_shard":15,"minecraft:iron_pickaxe":1,"minecraft:coal_block":16,"minecraft:furnace":3,"minecraft:stick":17,"minecraft:golden_helmet":1,"minecraft:torch":3,"minecraft:porkchop":3,"tombstone:grave_dust":6,"minecraft:green_terracotta":1,"minecraft:rotten_flesh":222,"minecraft:iron_block":1,"minecraft:iron_bars":6,"minecraft:cobblestone":23,"minecraft:feather":2,"minecraft:lilac":1,"minecraft:iron_door":3,"minecraft:andesite":4,"minecraft:golden_leggings":1,"minecraft:potato":24,"minecraft:flint":5,"minecraft:smooth_sandstone_stairs":2,"minecraft:dirt":64,"minecraft:lantern":4,"zombie_more:crawler_gut":1,"alexscaves:galena":63,"minecraft:bone":46,"minecraft:bow":1,"minecraft:wheat_seeds":138,"simplefarming:blueberry_bush":2,"minecraft:powered_rail":1,"minecraft:oak_planks":4,"minecraft:barrel":2,"minecraft:dark_oak_log":2,"minecraft:bundle":2,"minecraft:polished_andesite":1,"minecraft:black_concrete":1,"minecraft:golden_horse_armor":1,"minecraft:bread":2,"minecraft:emerald":1,"minecraft:oak_sapling":2,"minecraft:charcoal":29,"minecraft:crafting_table":2,"minecraft:chicken":7,"minecraft:ladder":4,"born_in_chaos_v1:seedof_chaos":1,"minecraft:flint_and_steel":2,"minecraft:item_frame":29,"minecraft:quartz_slab":1,"minecraft:beef":5,"minecraft:iron_nugget":39,"minecraft:spruce_slab":3,"minecraft:chest":1,"minecraft:piston":2,"minecraft:egg":2,"minecraft:raw_iron":3,"simplefarming:pear":3,"minecraft:copper_ingot":32,"zombie_more:cursed_heart":1,"sophisticatedbackpacks:backpack":1,"minecraft:stone_button":1,"minecraft:carrot":93,"minecraft:stone_pressure_plate":1,"minecraft:dark_oak_planks":2,"minecraft:smooth_sandstone_slab":43,"minecraft:tnt":2,"minecraft:arrow":46,"biomesoplenty:jacaranda_log":5,"minecraft:pumpkin_pie":2,"simplefarming:strawberries":4,"minecraft:mutton":12,"minecraft:white_wool":16,"minecraft:cracked_deepslate_tiles":2,"born_in_chaos_v1:fused_bone":4,"born_in_chaos_v1:corpse_maggot":8,"born_in_chaos_v1:monster_flesh":4,"minecraft:leather":2,"biomesoplenty:jacaranda_door":2,"minecraft:oak_log":2,"biomesoplenty:jacaranda_planks":3,"minecraft:gunpowder":18,"minecraft:white_banner":1,"tombstone:gift":2,"minecraft:cooked_mutton":1,"minecraft:smooth_sandstone":2,"minecraft:apple":1,"minecraft:stone_bricks":1,"minecraft:iron_ingot":9,"minecraft:stone_pickaxe":1,"minecraft:cobweb":4,"minecraft:glass_bottle":4,"minecraft:iron_sword":1,"simplefarming:blueberries":2,"minecraft:gravel":3,"minecraft:white_bed":4,"minecraft:waxed_exposed_cut_copper_stairs":2,"minecraft:spider_eye":1,"minecraft:polished_diorite":2,"minecraft:gray_wool":1,"minecraft:baked_potato":18,"minecraft:melon_seeds":8,"minecraft:coal":18,"minecraft:ender_pearl":3},"minecraft:dropped":{"minecraft:piston":2,"minecraft:glass_bottle":6,"minecraft:crafting_table":1,"minecraft:lantern":4,"minecraft:item_frame":16,"born_in_chaos_v1:monster_flesh":4,"alexscaves:galena":51,"minecraft:dirt":43,"minecraft:stone_button":1,"minecraft:cracked_deepslate_tiles":2,"minecraft:dark_oak_planks":8,"minecraft:white_wool":4,"minecraft:armor_stand":1,"minecraft:bone":16,"minecraft:gravel":3,"alexsmobs:animal_dictionary":1,"minecraft:smooth_sandstone_stairs":2,"tombstone:gift":2,"minecraft:rotten_flesh":151,"born_in_chaos_v1:smoked_flesh":1,"minecraft:oak_planks":2,"minecraft:carrot":22,"minecraft:gunpowder":1,"minecraft:melon_seeds":8,"born_in_chaos_v1:corpse_maggot":4,"zombie_more:acid_drool":1,"minecraft:chest":1,"minecraft:ladder":2,"minecraft:bread":10,"minecraft:wheat_seeds":65,"minecraft:lilac":1,"minecraft:prismarine_crystals":3,"minecraft:feather":2,"minecraft:cobblestone":6,"minecraft:knowledge_book":1,"minecraft:copper_ingot":5,"minecraft:stick":10,"minecraft:cobweb":4,"tombstone:grave_key":3,"born_in_chaos_v1:fused_bone":2,"minecraft:iron_door":1,"tombstone:grave_dust":2,"minecraft:smooth_sandstone_slab":27,"minecraft:smooth_stone":2,"minecraft:string":9,"minecraft:smooth_sandstone":2,"minecraft:bucket":1,"minecraft:polished_diorite":2,"minecraft:furnace":1,"minecraft:green_terracotta":1,"minecraft:stone_sword":1,"minecraft:raw_copper":15,"minecraft:raw_iron":1,"minecraft:flint_and_steel":2,"minecraft:andesite":2,"minecraft:stone_pressure_plate":1,"quark:cyan_shard":15,"minecraft:barrel":1,"minecraft:bow":1,"minecraft:stone_pickaxe":1},"minecraft:mined":{"minecraft:stone_pressure_plate":1,"minecraft:spruce_planks":11,"minecraft:white_bed":1,"minecraft:sculk_vein":2,"alexscaves:azure_neodymium_pillar":1,"minecraft:brewing_stand":1,"minecraft:cave_vines_plant":2,"minecraft:grass_block":21,"minecraft:coal_block":16,"minecraft:spawner":25,"minecraft:smooth_stone":3,"minecraft:sculk_catalyst":1,"alexscaves:scarlet_neodymium_node":3,"minecraft:cave_vines":5,"minecraft:iron_bars":2,"minecraft:smooth_sandstone_stairs":1,"minecraft:iron_block":1,"biomesoplenty:jacaranda_leaves":3,"minecraft:clay":1,"minecraft:chest":1,"alexscaves:energized_galena_scarlet":11,"minecraft:glass":3,"minecraft:cobblestone":8,"minecraft:oak_planks":4,"minecraft:iron_door":3,"minecraft:smooth_sandstone_slab":27,"minecraft:wall_torch":3,"minecraft:powered_rail":1,"horror_element_mod:spiked_villager":1,"minecraft:wheat":3,"minecraft:lilac":1,"minecraft:grass":18,"minecraft:oak_log":2,"minecraft:dirt":47,"minecraft:waxed_exposed_cut_copper_stairs":2,"minecraft:oak_leaves":33,"minecraft:deepslate":6,"minecraft:dark_oak_log":2,"minecraft:cyan_stained_glass":1,"minecraft:mangrove_roots":2,"minecraft:sea_lantern":3,"minecraft:ladder":4,"biomesoplenty:bush":5,"minecraft:white_stained_glass":1,"alexscaves:galena":59,"biomesoplenty:jacaranda_log":5,"minecraft:furnace":1,"alexscaves:energized_galena_azure":9,"minecraft:andesite":3,"minecraft:black_concrete":1,"minecraft:polished_deepslate":4,"minecraft:stone":13,"simplefarming:strawberry_bush":4,"simplefarming:blueberry_bush":2,"minecraft:redstone_block":6,"minecraft:basalt":2,"minecraft:smooth_sandstone":15,"minecraft:crafting_table":1,"minecraft:campfire":12,"minecraft:tall_grass":3,"minecraft:sculk":49,"alexscaves:galena_iron_ore":17,"minecraft:coal_ore":20,"minecraft:gravel":3,"minecraft:cobweb":22,"minecraft:polished_andesite":2,"minecraft:stone_bricks":9,"minecraft:waxed_exposed_cut_copper":5,"minecraft:iron_trapdoor":3,"alexscaves:scarlet_neodymium_pillar":24}},"DataVersion":3465}