{"stats":{"minecraft:crafted":{"minecraft:cooked_beef":2,"minecraft:oak_planks":8,"biomesoplenty:jacaranda_planks":20,"minecraft:wooden_pickaxe":1,"minecraft:baked_potato":9,"minecraft:bucket":1,"minecraft:bread":36,"minecraft:bow":1,"minecraft:iron_chestplate":1,"minecraft:shield":1,"minecraft:stick":12,"minecraft:iron_ingot":11,"minecraft:stone_pickaxe":1,"minecraft:iron_pickaxe":1,"minecraft:stone_sword":1,"minecraft:torch":8},"minecraft:killed_by":{"minecraft:zombie":2},"minecraft:used":{"minecraft:knowledge_book":36,"minecraft:wheat_seeds":18,"biomesoplenty:jacaranda_door":2,"minecraft:water_bucket":4,"minecraft:stone_sword":7,"minecraft:stone_pickaxe":70,"minecraft:baked_potato":16,"minecraft:wooden_pickaxe":11,"minecraft:shield":8,"minecraft:iron_sword":64,"minecraft:torch":4,"simplefarming:pear":3,"minecraft:rotten_flesh":2,"minecraft:iron_chestplate":1,"minecraft:dirt":45,"minecraft:carrot":38,"minecraft:white_bed":2,"born_in_chaos_v1:corpse_maggot":2,"minecraft:bread":25,"minecraft:iron_pickaxe":59,"minecraft:golden_leggings":1,"biomesoplenty:jacaranda_sapling":1,"minecraft:coal_block":3,"minecraft:cobblestone":7,"minecraft:bow":27,"minecraft:pumpkin_pie":2,"minecraft:bucket":4,"minecraft:cooked_beef":2,"minecraft:egg":2,"minecraft:potato":4,"minecraft:experience_bottle":1},"minecraft:killed":{"zombie_more:cursed_zombie":1,"born_in_chaos_v1:baby_skeleton_minion":1,"minecraft:sheep":2,"minecraft:skeleton":2,"minecraft:pillager":1,"minecraft:chicken":4,"born_in_chaos_v1:corpse_fly":2,"minecraft:cow":1},"minecraft:custom":{"minecraft:interact_with_furnace":24,"minecraft:mob_kills":14,"tombstone:raider_killed":1,"minecraft:interact_with_crafting_table":18,"minecraft:open_barrel":2,"minecraft:interact_with_campfire":15,"minecraft:leave_game":4,"minecraft:time_since_death":40222,"minecraft:sleep_in_bed":1,"minecraft:climb_one_cm":4823,"minecraft:time_since_rest":38643,"minecraft:sprint_one_cm":251431,"minecraft:damage_taken":5561,"minecraft:walk_one_cm":439457,"minecraft:damage_blocked_by_shield":300,"minecraft:drop":76,"minecraft:damage_dealt":2135,"minecraft:swim_one_cm":10255,"minecraft:fly_one_cm":280197,"minecraft:open_chest":34,"minecraft:crouch_one_cm":3184,"minecraft:play_time":148238,"tombstone:undead_killed":4,"minecraft:deaths":10,"minecraft:sneak_time":1545,"minecraft:walk_under_water_one_cm":6079,"minecraft:jump":1434,"minecraft:walk_on_water_one_cm":21362,"minecraft:total_world_time":148238,"minecraft:fall_one_cm":41704},"minecraft:picked_up":{"born_in_chaos_v1:corpse_maggot":2,"minecraft:charcoal":24,"minecraft:wheat":114,"minecraft:feather":2,"minecraft:lilac":1,"minecraft:chicken":7,"minecraft:leather":1,"minecraft:golden_leggings":1,"minecraft:potato":24,"biomesoplenty:jacaranda_door":2,"minecraft:oak_log":2,"minecraft:brewing_stand":1,"minecraft:string":10,"minecraft:dirt":42,"minecraft:white_banner":1,"minecraft:lantern":4,"minecraft:item_frame":29,"minecraft:armor_stand":1,"minecraft:bone":8,"minecraft:experience_bottle":1,"minecraft:wheat_seeds":138,"minecraft:beef":2,"minecraft:coal_block":16,"minecraft:iron_sword":1,"minecraft:egg":2,"minecraft:golden_helmet":1,"simplefarming:pear":3,"minecraft:copper_ingot":2,"minecraft:gravel":2,"tombstone:grave_dust":2,"minecraft:carrot":37,"minecraft:white_bed":2,"minecraft:stone_pressure_plate":1,"minecraft:arrow":29,"minecraft:rotten_flesh":29,"biomesoplenty:jacaranda_log":5,"minecraft:pumpkin_pie":2,"simplefarming:strawberries":4,"minecraft:iron_block":1,"minecraft:emerald":1,"minecraft:baked_potato":15,"minecraft:oak_sapling":1,"minecraft:coal":18,"minecraft:cobblestone":21},"minecraft:dropped":{"minecraft:wheat_seeds":65,"minecraft:lilac":1,"alexsmobs:animal_dictionary":1,"minecraft:feather":2,"minecraft:cobblestone":6,"minecraft:rotten_flesh":48,"minecraft:lantern":4,"minecraft:oak_planks":2,"minecraft:carrot":3,"minecraft:item_frame":16,"minecraft:dirt":11,"tombstone:grave_key":1,"minecraft:stone_pressure_plate":1,"minecraft:string":3,"minecraft:bone":6,"minecraft:armor_stand":1,"minecraft:bread":5},"minecraft:mined":{"biomesoplenty:jacaranda_leaves":3,"minecraft:stone_pressure_plate":1,"minecraft:white_bed":1,"alexscaves:azure_neodymium_pillar":1,"minecraft:brewing_stand":1,"biomesoplenty:bush":1,"minecraft:grass_block":13,"minecraft:campfire":12,"minecraft:coal_block":16,"minecraft:tall_grass":1,"minecraft:cobblestone":8,"alexscaves:galena":8,"biomesoplenty:jacaranda_log":5,"alexscaves:galena_iron_ore":15,"minecraft:wheat":3,"minecraft:lilac":1,"alexscaves:scarlet_neodymium_node":3,"minecraft:grass":4,"minecraft:oak_log":2,"minecraft:coal_ore":20,"minecraft:gravel":2,"minecraft:dirt":22,"minecraft:cobweb":2,"simplefarming:strawberry_bush":4,"minecraft:stone_bricks":6,"minecraft:stone":13,"minecraft:iron_block":1,"alexscaves:scarlet_neodymium_pillar":24,"minecraft:oak_leaves":19}},"DataVersion":3465}