{"stats":{"minecraft:crafted":{"minecraft:oak_planks":44,"minecraft:cooked_mutton":9,"minecraft:bow":1,"minecraft:iron_boots":1,"sophisticatedbackpacks:backpack":2,"biomesoplenty:jacaranda_planks":20,"minecraft:cooked_porkchop":3,"minecraft:crafting_table":6,"minecraft:wooden_pickaxe":1,"minecraft:baked_potato":36,"minecraft:birch_planks":24,"minecraft:iron_chestplate":1,"minecraft:shield":2,"minecraft:stick":56,"quark:oak_chest":2,"minecraft:iron_ingot":15,"minecraft:iron_pickaxe":3,"minecraft:stone_sword":1,"minecraft:redstone":54,"minecraft:bone_meal":63,"minecraft:iron_axe":1,"minecraft:stone_pickaxe":1,"minecraft:dark_oak_planks":8,"sophisticatedbackpacks:iron_backpack":3,"minecraft:cooked_beef":7,"minecraft:diamond_sword":2,"minecraft:iron_sword":2,"minecraft:bucket":2,"minecraft:bread":40,"minecraft:iron_leggings":1,"minecraft:white_bed":2,"minecraft:torch":64},"minecraft:killed_by":{"minecraft:zombie":41,"alexscaves:teletor":1,"minecraft:skeleton":1},"minecraft:broken":{"minecraft:golden_helmet":1,"minecraft:iron_chestplate":1,"minecraft:iron_leggings":1,"minecraft:golden_leggings":1,"minecraft:iron_sword":4,"minecraft:shield":2,"minecraft:iron_pickaxe":2},"minecraft:used":{"minecraft:waxed_exposed_cut_copper":6,"minecraft:spruce_slab":3,"minecraft:shield":84,"minecraft:iron_sword":977,"simplefarming:cherries":1,"alexscaves:galena":13,"minecraft:rotten_flesh":2,"minecraft:iron_chestplate":1,"minecraft:carrot":191,"simplefarming:blueberries":2,"minecraft:tuff":3,"simplefarming:raspberries":3,"born_in_chaos_v1:corpse_maggot":4,"born_in_chaos_v1:smoked_flesh":3,"minecraft:cyan_terracotta":2,"minecraft:stone_bricks":11,"biomesoplenty:jacaranda_sapling":1,"minecraft:bow":47,"minecraft:furnace":1,"minecraft:egg":2,"minecraft:potato":4,"minecraft:diorite":3,"minecraft:stone_pickaxe":76,"minecraft:oak_planks":6,"minecraft:wooden_pickaxe":11,"minecraft:redstone_block":1,"minecraft:cookie":1,"minecraft:white_wool":9,"simplefarming:strawberries":10,"minecraft:golden_apple":2,"minecraft:glow_berries":8,"minecraft:note_block":1,"minecraft:dripstone_block":4,"simplyswords:iron_greathammer":191,"minecraft:bread":35,"minecraft:lectern":11,"tombstone:grave_key":13,"minecraft:iron_door":2,"minecraft:diamond_sword":470,"minecraft:coal_block":9,"minecraft:andesite":1,"minecraft:bone_meal":62,"minecraft:cobweb":20,"minecraft:experience_bottle":1,"minecraft:stone_sword":7,"minecraft:spruce_planks":13,"minecraft:cooked_chicken":1,"minecraft:torch":33,"minecraft:dirt":81,"minecraft:iron_axe":35,"minecraft:iron_boots":1,"minecraft:barrel":1,"tombstone:gift":2,"minecraft:cooked_beef":10,"minecraft:cobbled_deepslate":34,"minecraft:iron_leggings":1,"minecraft:knowledge_book":168,"minecraft:wheat_seeds":18,"minecraft:cooked_mutton":10,"biomesoplenty:jacaranda_door":2,"minecraft:water_bucket":5,"minecraft:birch_planks":23,"minecraft:polished_andesite":2,"minecraft:baked_potato":46,"minecraft:smooth_sandstone_slab":4,"simplefarming:pear":12,"minecraft:crafting_table":7,"minecraft:white_bed":8,"simplefarming:blackberries":8,"minecraft:apple":1,"minecraft:waxed_exposed_cut_copper_stairs":2,"minecraft:iron_pickaxe":599,"minecraft:golden_leggings":1,"minecraft:cobblestone":12,"minecraft:potion":6,"minecraft:cooked_porkchop":3,"minecraft:bucket":6,"minecraft:pumpkin_pie":2,"minecraft:splash_potion":1},"minecraft:killed":{"zombie_more:cursed_zombie":6,"zombie_more:tank_zombie":1,"minecraft:witch":1,"born_in_chaos_v1:door_knight_not_despawn":1,"minecraft:spider":7,"born_in_chaos_v1:siamese_skeletonsright":1,"born_in_chaos_v1:baby_skeleton_minion":1,"minecraft:skeleton":16,"minecraft:chicken":4,"undead_revamp2:thepregnant":1,"undead_revamp2:thespitter":1,"minecraft:pig":2,"minecraft:creeper":5,"minecraft:sheep":12,"born_in_chaos_v1:zombie_fisherman":1,"minecraft:pillager":1,"minecraft:zombie":142,"zombie_more:explosive_zombie":1,"alexsmobs:terrapin":2,"born_in_chaos_v1:corpse_fly":3,"born_in_chaos_v1:door_knight":1,"minecraft:cow":12,"born_in_chaos_v1:siamese_skeletonsleft":1,"quark:toretoise":2,"born_in_chaos_v1:maggot":34,"alexsmobs:bison":1,"born_in_chaos_v1:corpse_fish":1,"undead_revamp2:sucker":1,"born_in_chaos_v1:fallen_chaos_knight":1,"born_in_chaos_v1:baby_skeleton":3,"zombie_more:crawler_zombie":2,"undead_revamp2:the_moonflower":1,"born_in_chaos_v1:decrepit_skeleton":5},"minecraft:custom":{"minecraft:interact_with_crafting_table":50,"minecraft:open_barrel":166,"minecraft:leave_game":7,"minecraft:time_since_death":1778,"minecraft:sprint_one_cm":1823986,"minecraft:damage_blocked_by_shield":5400,"minecraft:drop":387,"minecraft:play_noteblock":3,"minecraft:talked_to_villager":11,"minecraft:play_time":697046,"minecraft:deaths":97,"minecraft:jump":8519,"minecraft:walk_on_water_one_cm":402279,"minecraft:interact_with_furnace":70,"minecraft:sleep_in_bed":7,"tombstone:sneak_grave":1,"minecraft:damage_dealt":54579,"minecraft:crouch_one_cm":77989,"tombstone:undead_killed":187,"minecraft:interact_with_smoker":3,"minecraft:mob_kills":286,"minecraft:interact_with_campfire":15,"minecraft:damage_dealt_resisted":560,"minecraft:climb_one_cm":238923,"minecraft:walk_one_cm":1652768,"minecraft:damage_dealt_absorbed":170,"minecraft:sneak_time":63667,"minecraft:walk_under_water_one_cm":160075,"minecraft:total_world_time":697046,"tombstone:raider_killed":2,"minecraft:time_since_rest":357,"minecraft:damage_taken":39676,"minecraft:damage_absorbed":60,"minecraft:trigger_trapped_chest":3,"minecraft:swim_one_cm":103419,"minecraft:fly_one_cm":1496477,"minecraft:open_chest":137,"minecraft:fall_one_cm":185144},"minecraft:picked_up":{"minecraft:iron_chestplate":1,"minecraft:wheat":114,"minecraft:iron_trapdoor":2,"minecraft:redstone_block":7,"minecraft:diamond_sword":1,"minecraft:potion":1,"minecraft:knowledge_book":1,"tombstone:grave_key":2,"minecraft:brewing_stand":1,"minecraft:polished_deepslate":28,"minecraft:string":50,"minecraft:raw_copper":15,"zombie_more:acid_drool":3,"minecraft:armor_stand":1,"minecraft:sticky_piston":2,"minecraft:experience_bottle":1,"minecraft:smooth_stone":2,"minecraft:cobbled_deepslate":31,"minecraft:bucket":1,"minecraft:spruce_planks":47,"minecraft:waxed_exposed_cut_copper":6,"quark:cyan_shard":15,"minecraft:iron_pickaxe":1,"minecraft:coal_block":22,"minecraft:furnace":3,"minecraft:golden_helmet":1,"minecraft:stick":38,"minecraft:torch":4,"minecraft:porkchop":3,"simplefarming:raspberries":3,"minecraft:pointed_dripstone":3,"tombstone:grave_dust":12,"minecraft:diorite":3,"minecraft:green_terracotta":1,"minecraft:brown_carpet":1,"minecraft:rotten_flesh":321,"minecraft:iron_block":1,"minecraft:cyan_terracotta":2,"minecraft:iron_bars":12,"minecraft:cobblestone":42,"minecraft:birch_log":4,"born_in_chaos_v1:staffof_magic_arrows":1,"minecraft:cooked_beef":3,"minecraft:feather":2,"minecraft:lilac":1,"minecraft:iron_door":3,"born_in_chaos_v1:spiritual_dust":3,"minecraft:water_bucket":1,"minecraft:andesite":5,"minecraft:golden_leggings":1,"minecraft:potato":24,"minecraft:flint":5,"minecraft:tuff":6,"minecraft:smooth_sandstone_stairs":2,"minecraft:dirt":99,"minecraft:lantern":4,"zombie_more:crawler_gut":1,"alexscaves:galena":63,"minecraft:bone":52,"minecraft:bow":1,"minecraft:wheat_seeds":139,"simplefarming:blueberry_bush":2,"minecraft:powered_rail":1,"minecraft:oak_planks":8,"simplyswords:iron_greathammer":1,"minecraft:dark_oak_log":2,"minecraft:barrel":2,"minecraft:bundle":3,"minecraft:polished_andesite":2,"minecraft:black_concrete":5,"simplefarming:cherries":7,"minecraft:bread":2,"minecraft:spruce_sign":1,"minecraft:golden_horse_armor":1,"minecraft:emerald":1,"minecraft:oak_sapling":2,"minecraft:charcoal":152,"minecraft:crafting_table":3,"minecraft:nether_wart":63,"minecraft:chicken":7,"minecraft:ladder":4,"born_in_chaos_v1:seedof_chaos":1,"minecraft:stone_stairs":2,"minecraft:flint_and_steel":2,"minecraft:quartz_slab":1,"minecraft:item_frame":31,"minecraft:beef":27,"minecraft:iron_nugget":60,"minecraft:spruce_slab":3,"minecraft:lectern":13,"minecraft:quartz_stairs":2,"minecraft:chest":1,"minecraft:birch_sapling":2,"minecraft:piston":2,"minecraft:egg":2,"minecraft:raw_iron":3,"simplefarming:pear":12,"minecraft:copper_ingot":40,"zombie_more:cursed_heart":1,"minecraft:note_block":1,"sophisticatedbackpacks:backpack":1,"minecraft:stone_button":1,"minecraft:cookie":1,"minecraft:carrot":392,"minecraft:redstone":4,"minecraft:stone_pressure_plate":1,"minecraft:dark_oak_planks":2,"minecraft:smooth_sandstone_slab":43,"minecraft:tnt":2,"minecraft:arrow":49,"biomesoplenty:jacaranda_log":5,"minecraft:pumpkin_pie":2,"simplefarming:strawberries":10,"minecraft:glow_berries":4,"minecraft:mutton":18,"minecraft:white_wool":19,"minecraft:cracked_deepslate_tiles":2,"born_in_chaos_v1:fused_bone":4,"born_in_chaos_v1:corpse_maggot":21,"born_in_chaos_v1:monster_flesh":4,"minecraft:leather":17,"minecraft:birch_planks":4,"biomesoplenty:jacaranda_door":2,"minecraft:oak_log":11,"simplefarming:rye_seeds":2,"biomesoplenty:jacaranda_planks":3,"minecraft:gunpowder":30,"minecraft:white_banner":1,"tombstone:gift":2,"minecraft:cooked_mutton":1,"minecraft:smooth_sandstone":2,"minecraft:apple":1,"minecraft:stone_bricks":13,"minecraft:iron_ingot":25,"minecraft:stone_pickaxe":1,"minecraft:cooked_chicken":1,"minecraft:cobweb":4,"minecraft:glass_bottle":4,"minecraft:iron_sword":1,"minecraft:polished_andesite_stairs":2,"quark:white_shard":5,"born_in_chaos_v1:ethereal_spirit":1,"minecraft:dripstone_block":4,"simplefarming:blueberries":2,"minecraft:gravel":3,"born_in_chaos_v1:dark_rod":2,"minecraft:white_bed":8,"minecraft:waxed_exposed_cut_copper_stairs":4,"minecraft:spider_eye":2,"simplefarming:blackberries":8,"minecraft:slime_ball":66,"minecraft:polished_diorite":2,"minecraft:gray_wool":1,"minecraft:baked_potato":29,"minecraft:melon_seeds":8,"minecraft:coal":18,"minecraft:ender_pearl":5},"minecraft:dropped":{"minecraft:piston":2,"minecraft:baked_potato":19,"minecraft:ender_pearl":2,"minecraft:glass_bottle":6,"minecraft:crafting_table":1,"minecraft:lantern":4,"minecraft:leather":1,"minecraft:item_frame":16,"alexscaves:galena":51,"born_in_chaos_v1:monster_flesh":4,"minecraft:dirt":56,"simplefarming:rye_seeds":2,"minecraft:stone_button":1,"minecraft:mutton":1,"minecraft:cracked_deepslate_tiles":2,"minecraft:black_concrete":5,"minecraft:dark_oak_planks":8,"minecraft:white_wool":4,"minecraft:bone":16,"minecraft:armor_stand":1,"minecraft:gravel":3,"minecraft:iron_nugget":4,"alexsmobs:animal_dictionary":1,"simplefarming:cherries":6,"minecraft:birch_sapling":2,"minecraft:wheat":2,"minecraft:smooth_sandstone_stairs":2,"minecraft:pointed_dripstone":3,"tombstone:gift":2,"minecraft:rotten_flesh":193,"born_in_chaos_v1:smoked_flesh":1,"minecraft:oak_planks":4,"minecraft:white_bed":2,"minecraft:carrot":28,"minecraft:gunpowder":1,"minecraft:melon_seeds":8,"born_in_chaos_v1:corpse_maggot":9,"zombie_more:acid_drool":1,"minecraft:ladder":2,"minecraft:chest":1,"minecraft:bread":10,"minecraft:wheat_seeds":66,"minecraft:lilac":1,"minecraft:feather":2,"minecraft:knowledge_book":1,"minecraft:prismarine_crystals":3,"minecraft:cobblestone":12,"minecraft:copper_ingot":5,"minecraft:stick":22,"minecraft:cobweb":4,"tombstone:grave_key":8,"born_in_chaos_v1:fused_bone":2,"minecraft:iron_door":1,"tombstone:grave_dust":3,"minecraft:polished_andesite_stairs":1,"minecraft:smooth_sandstone_slab":27,"minecraft:smooth_stone":2,"minecraft:smooth_sandstone":2,"minecraft:string":9,"minecraft:bucket":1,"minecraft:polished_deepslate":14,"minecraft:polished_diorite":2,"minecraft:furnace":1,"minecraft:green_terracotta":1,"minecraft:stone_sword":1,"minecraft:raw_copper":15,"minecraft:tuff":3,"minecraft:raw_iron":1,"minecraft:flint_and_steel":2,"minecraft:andesite":3,"minecraft:quartz_stairs":1,"quark:cyan_shard":15,"minecraft:stone_pressure_plate":1,"minecraft:barrel":1,"minecraft:bow":1,"minecraft:stone_pickaxe":1},"minecraft:mined":{"minecraft:stone_pressure_plate":1,"minecraft:spruce_planks":14,"minecraft:white_bed":4,"minecraft:sculk_vein":2,"alexscaves:azure_neodymium_pillar":1,"minecraft:brewing_stand":1,"minecraft:granite":1,"minecraft:cave_vines_plant":3,"minecraft:stone_brick_wall":2,"minecraft:grass_block":30,"minecraft:coal_block":16,"minecraft:deepslate_tile_stairs":1,"minecraft:spawner":31,"minecraft:smooth_stone":5,"minecraft:sculk_catalyst":1,"minecraft:sticky_piston":1,"alexscaves:scarlet_neodymium_node":3,"minecraft:pointed_dripstone":1,"minecraft:cave_vines":10,"minecraft:iron_bars":8,"minecraft:smooth_sandstone_stairs":1,"minecraft:iron_block":1,"minecraft:piston_head":1,"biomesoplenty:jacaranda_leaves":3,"minecraft:cyan_terracotta":1,"minecraft:note_block":1,"minecraft:clay":1,"minecraft:torch":1,"minecraft:chest":1,"alexscaves:energized_galena_scarlet":11,"minecraft:spruce_wall_sign":1,"minecraft:glass":3,"minecraft:cobblestone":26,"minecraft:oak_planks":6,"minecraft:smooth_sandstone_slab":27,"minecraft:iron_door":3,"minecraft:wall_torch":3,"minecraft:white_terracotta":1,"minecraft:stone_stairs":2,"minecraft:powered_rail":1,"minecraft:birch_log":4,"horror_element_mod:spiked_villager":1,"minecraft:wheat":3,"minecraft:lilac":1,"minecraft:grass":33,"minecraft:oak_log":11,"minecraft:dirt":59,"minecraft:waxed_exposed_cut_copper_stairs":4,"minecraft:oak_leaves":33,"minecraft:deepslate":36,"minecraft:tuff":4,"minecraft:dark_oak_log":2,"minecraft:cyan_stained_glass":1,"minecraft:mangrove_roots":2,"minecraft:sea_lantern":3,"minecraft:ladder":5,"biomesoplenty:bush":5,"minecraft:white_stained_glass":3,"alexscaves:galena":60,"biomesoplenty:jacaranda_log":5,"minecraft:furnace":2,"alexscaves:energized_galena_azure":9,"minecraft:andesite":5,"minecraft:black_concrete":1,"minecraft:polished_deepslate":11,"biomesoplenty:high_grass":6,"minecraft:deepslate_iron_ore":1,"minecraft:stone":21,"simplefarming:strawberry_bush":4,"simplefarming:blueberry_bush":2,"minecraft:redstone_block":7,"minecraft:brown_carpet":1,"minecraft:basalt":2,"minecraft:smooth_sandstone":15,"minecraft:crafting_table":2,"minecraft:lectern":12,"minecraft:campfire":12,"biomesoplenty:high_grass_plant":10,"minecraft:tall_grass":3,"minecraft:sculk":49,"minecraft:diorite":1,"minecraft:birch_planks":4,"alexscaves:galena_iron_ore":17,"minecraft:birch_leaves":4,"minecraft:coal_ore":20,"minecraft:dripstone_block":5,"minecraft:gravel":4,"minecraft:cobweb":23,"minecraft:cracked_stone_bricks":1,"minecraft:stone_bricks":24,"minecraft:polished_andesite":7,"minecraft:waxed_exposed_cut_copper":7,"minecraft:iron_trapdoor":3,"alexscaves:scarlet_neodymium_pillar":24}},"DataVersion":3465}