{"stats":{"minecraft:crafted":{"minecraft:oak_planks":8,"minecraft:cooked_mutton":9,"minecraft:bow":1,"minecraft:stone_pickaxe":1,"minecraft:dark_oak_planks":8,"minecraft:cooked_beef":5,"biomesoplenty:jacaranda_planks":20,"minecraft:cooked_porkchop":3,"minecraft:crafting_table":1,"minecraft:wooden_pickaxe":1,"minecraft:baked_potato":20,"minecraft:iron_sword":2,"minecraft:bucket":1,"minecraft:bread":40,"minecraft:iron_chestplate":1,"minecraft:shield":1,"minecraft:stick":32,"minecraft:iron_ingot":11,"minecraft:iron_pickaxe":2,"minecraft:stone_sword":1,"minecraft:white_bed":1,"minecraft:torch":36},"minecraft:killed_by":{"minecraft:zombie":18,"alexscaves:teletor":1},"minecraft:broken":{"minecraft:golden_helmet":1,"minecraft:iron_chestplate":1,"minecraft:golden_leggings":1,"minecraft:iron_sword":2,"minecraft:iron_pickaxe":1},"minecraft:used":{"minecraft:stone_sword":7,"minecraft:spruce_planks":10,"minecraft:shield":37,"minecraft:iron_sword":710,"alexscaves:galena":11,"minecraft:rotten_flesh":2,"minecraft:iron_chestplate":1,"minecraft:torch":18,"minecraft:dirt":60,"minecraft:carrot":69,"simplefarming:blueberries":2,"born_in_chaos_v1:corpse_maggot":2,"born_in_chaos_v1:smoked_flesh":3,"biomesoplenty:jacaranda_sapling":1,"minecraft:bow":40,"minecraft:furnace":1,"tombstone:gift":2,"minecraft:egg":2,"minecraft:cooked_beef":5,"minecraft:potato":4,"minecraft:cooked_mutton":10,"minecraft:knowledge_book":123,"minecraft:wheat_seeds":18,"biomesoplenty:jacaranda_door":2,"minecraft:water_bucket":4,"minecraft:baked_potato":38,"minecraft:stone_pickaxe":76,"minecraft:smooth_sandstone_slab":4,"minecraft:wooden_pickaxe":11,"minecraft:redstone_block":1,"simplefarming:pear":3,"minecraft:white_wool":9,"simplefarming:strawberries":4,"minecraft:crafting_table":1,"minecraft:white_bed":5,"minecraft:bread":32,"minecraft:iron_pickaxe":285,"minecraft:iron_door":2,"minecraft:golden_leggings":1,"minecraft:coal_block":3,"minecraft:cobblestone":7,"minecraft:potion":2,"minecraft:cooked_porkchop":3,"minecraft:bucket":4,"minecraft:pumpkin_pie":2,"minecraft:splash_potion":1,"minecraft:experience_bottle":1},"minecraft:killed":{"zombie_more:cursed_zombie":1,"zombie_more:tank_zombie":1,"born_in_chaos_v1:door_knight_not_despawn":1,"minecraft:spider":5,"born_in_chaos_v1:maggot":16,"born_in_chaos_v1:baby_skeleton_minion":1,"minecraft:skeleton":7,"minecraft:chicken":4,"alexsmobs:bison":1,"born_in_chaos_v1:corpse_fish":1,"undead_revamp2:sucker":1,"undead_revamp2:thespitter":1,"minecraft:pig":2,"born_in_chaos_v1:baby_skeleton":3,"undead_revamp2:the_moonflower":1,"minecraft:creeper":1,"born_in_chaos_v1:decrepit_skeleton":3,"minecraft:sheep":9,"born_in_chaos_v1:zombie_fisherman":1,"minecraft:pillager":1,"minecraft:zombie":48,"zombie_more:explosive_zombie":1,"alexsmobs:terrapin":2,"born_in_chaos_v1:corpse_fly":2,"born_in_chaos_v1:door_knight":1,"minecraft:cow":2},"minecraft:custom":{"minecraft:mob_kills":122,"minecraft:interact_with_crafting_table":24,"minecraft:open_barrel":37,"minecraft:interact_with_campfire":15,"minecraft:damage_dealt_resisted":430,"minecraft:leave_game":4,"minecraft:time_since_death":3706,"minecraft:climb_one_cm":95558,"minecraft:sprint_one_cm":672449,"minecraft:walk_one_cm":923941,"minecraft:damage_blocked_by_shield":1620,"minecraft:drop":210,"minecraft:damage_dealt_absorbed":90,"minecraft:play_time":334238,"minecraft:deaths":49,"minecraft:sneak_time":29129,"minecraft:walk_under_water_one_cm":90346,"minecraft:jump":4366,"minecraft:walk_on_water_one_cm":123755,"minecraft:total_world_time":334238,"minecraft:interact_with_furnace":52,"tombstone:raider_killed":1,"minecraft:sleep_in_bed":4,"minecraft:time_since_rest":2991,"minecraft:damage_taken":21961,"minecraft:trigger_trapped_chest":3,"minecraft:damage_dealt":21280,"minecraft:swim_one_cm":32566,"minecraft:fly_one_cm":611936,"minecraft:open_chest":74,"minecraft:crouch_one_cm":35250,"tombstone:undead_killed":71,"minecraft:interact_with_smoker":3,"minecraft:fall_one_cm":94770},"minecraft:picked_up":{"minecraft:iron_chestplate":1,"minecraft:charcoal":29,"minecraft:crafting_table":1,"minecraft:wheat":114,"minecraft:redstone_block":6,"minecraft:ladder":4,"minecraft:chicken":7,"minecraft:knowledge_book":1,"minecraft:brewing_stand":1,"zombie_more:acid_drool":1,"minecraft:string":18,"minecraft:flint_and_steel":1,"minecraft:armor_stand":1,"minecraft:item_frame":29,"minecraft:experience_bottle":1,"minecraft:smooth_stone":2,"minecraft:bucket":1,"minecraft:spruce_planks":10,"minecraft:beef":5,"quark:cyan_shard":15,"minecraft:iron_nugget":7,"minecraft:iron_pickaxe":1,"minecraft:spruce_slab":3,"minecraft:piston":2,"minecraft:coal_block":16,"minecraft:chest":1,"minecraft:furnace":3,"minecraft:egg":2,"minecraft:stick":17,"minecraft:golden_helmet":1,"minecraft:raw_iron":3,"simplefarming:pear":3,"minecraft:copper_ingot":25,"minecraft:torch":2,"sophisticatedbackpacks:backpack":1,"minecraft:porkchop":3,"tombstone:grave_dust":5,"minecraft:carrot":48,"minecraft:green_terracotta":1,"minecraft:stone_pressure_plate":1,"minecraft:dark_oak_planks":2,"minecraft:smooth_sandstone_slab":23,"minecraft:arrow":37,"minecraft:rotten_flesh":174,"biomesoplenty:jacaranda_log":5,"minecraft:pumpkin_pie":2,"simplefarming:strawberries":4,"minecraft:iron_block":1,"minecraft:iron_bars":2,"minecraft:mutton":12,"minecraft:white_wool":16,"minecraft:cobblestone":23,"minecraft:cracked_deepslate_tiles":2,"born_in_chaos_v1:corpse_maggot":2,"minecraft:feather":2,"minecraft:lilac":1,"born_in_chaos_v1:monster_flesh":4,"minecraft:iron_door":3,"minecraft:andesite":2,"minecraft:leather":2,"minecraft:golden_leggings":1,"minecraft:potato":24,"biomesoplenty:jacaranda_door":2,"minecraft:smooth_sandstone_stairs":2,"minecraft:oak_log":2,"biomesoplenty:jacaranda_planks":3,"minecraft:gunpowder":12,"minecraft:dirt":62,"tombstone:gift":2,"minecraft:lantern":4,"minecraft:white_banner":1,"alexscaves:galena":60,"minecraft:cooked_mutton":1,"minecraft:smooth_sandstone":2,"minecraft:bone":32,"minecraft:apple":1,"minecraft:bow":1,"minecraft:wheat_seeds":138,"minecraft:iron_ingot":9,"minecraft:stone_pickaxe":1,"minecraft:cobweb":4,"minecraft:powered_rail":1,"simplefarming:blueberry_bush":2,"minecraft:oak_planks":4,"minecraft:iron_sword":1,"simplefarming:blueberries":2,"minecraft:gravel":3,"minecraft:white_bed":4,"minecraft:barrel":1,"minecraft:spider_eye":1,"minecraft:dark_oak_log":2,"minecraft:polished_diorite":2,"minecraft:gray_wool":1,"minecraft:bread":2,"minecraft:emerald":1,"minecraft:baked_potato":18,"minecraft:melon_seeds":8,"minecraft:oak_sapling":2,"minecraft:coal":18,"minecraft:ender_pearl":3},"minecraft:mined":{"minecraft:stone_pressure_plate":1,"minecraft:white_bed":1,"minecraft:sculk_vein":2,"minecraft:dark_oak_log":2,"alexscaves:azure_neodymium_pillar":1,"minecraft:cyan_stained_glass":1,"minecraft:mangrove_roots":2,"minecraft:brewing_stand":1,"minecraft:ladder":4,"biomesoplenty:bush":5,"minecraft:grass_block":21,"minecraft:coal_block":16,"alexscaves:galena":54,"minecraft:spawner":16,"biomesoplenty:jacaranda_log":5,"minecraft:furnace":1,"minecraft:sculk_catalyst":1,"alexscaves:energized_galena_azure":9,"alexscaves:scarlet_neodymium_node":3,"minecraft:polished_deepslate":2,"minecraft:cave_vines":1,"minecraft:iron_bars":2,"minecraft:iron_block":1,"minecraft:stone":13,"simplefarming:strawberry_bush":4,"simplefarming:blueberry_bush":2,"biomesoplenty:jacaranda_leaves":3,"minecraft:redstone_block":6,"minecraft:smooth_sandstone":2,"minecraft:chest":1,"alexscaves:energized_galena_scarlet":11,"minecraft:campfire":12,"minecraft:glass":3,"minecraft:cobblestone":8,"minecraft:tall_grass":3,"minecraft:smooth_sandstone_slab":16,"minecraft:oak_planks":4,"minecraft:sculk":49,"minecraft:iron_door":3,"minecraft:wall_torch":2,"minecraft:powered_rail":1,"alexscaves:galena_iron_ore":17,"horror_element_mod:spiked_villager":1,"minecraft:wheat":3,"minecraft:lilac":1,"minecraft:grass":18,"minecraft:coal_ore":20,"minecraft:oak_log":2,"minecraft:gravel":2,"minecraft:dirt":46,"minecraft:cobweb":2,"minecraft:stone_bricks":8,"minecraft:iron_trapdoor":2,"minecraft:oak_leaves":33,"alexscaves:scarlet_neodymium_pillar":24},"minecraft:dropped":{"minecraft:bread":10,"minecraft:piston":2,"minecraft:wheat_seeds":65,"minecraft:lilac":1,"minecraft:glass_bottle":2,"minecraft:crafting_table":1,"minecraft:knowledge_book":1,"minecraft:feather":2,"minecraft:cobblestone":6,"minecraft:lantern":4,"minecraft:item_frame":16,"minecraft:stick":10,"minecraft:cobweb":4,"born_in_chaos_v1:monster_flesh":4,"alexscaves:galena":51,"minecraft:dirt":43,"tombstone:grave_key":2,"minecraft:cracked_deepslate_tiles":2,"minecraft:iron_door":1,"tombstone:grave_dust":2,"minecraft:smooth_sandstone_slab":7,"minecraft:smooth_sandstone":2,"minecraft:smooth_stone":2,"minecraft:bucket":1,"minecraft:white_wool":4,"minecraft:dark_oak_planks":8,"minecraft:string":9,"minecraft:polished_diorite":2,"minecraft:armor_stand":1,"minecraft:bone":16,"minecraft:gravel":3,"minecraft:furnace":1,"minecraft:green_terracotta":1,"minecraft:stone_sword":1,"alexsmobs:animal_dictionary":1,"minecraft:smooth_sandstone_stairs":2,"minecraft:raw_iron":1,"tombstone:gift":2,"minecraft:rotten_flesh":151,"born_in_chaos_v1:smoked_flesh":1,"minecraft:oak_planks":2,"minecraft:carrot":22,"minecraft:flint_and_steel":1,"minecraft:andesite":2,"minecraft:melon_seeds":8,"minecraft:ladder":2,"minecraft:chest":1,"quark:cyan_shard":12,"minecraft:stone_pressure_plate":1,"minecraft:barrel":1,"minecraft:bow":1,"minecraft:stone_pickaxe":1}},"DataVersion":3465}