{"stats":{"minecraft:crafted":{"minecraft:oak_planks":8,"minecraft:cooked_mutton":9,"minecraft:bow":1,"minecraft:stone_pickaxe":1,"minecraft:dark_oak_planks":8,"minecraft:cooked_beef":5,"biomesoplenty:jacaranda_planks":20,"minecraft:cooked_porkchop":3,"minecraft:crafting_table":1,"minecraft:wooden_pickaxe":1,"minecraft:baked_potato":20,"minecraft:iron_sword":2,"minecraft:bucket":1,"minecraft:bread":40,"minecraft:iron_chestplate":1,"minecraft:shield":1,"minecraft:stick":32,"minecraft:iron_ingot":11,"minecraft:iron_pickaxe":2,"minecraft:stone_sword":1,"minecraft:white_bed":1,"minecraft:torch":36},"minecraft:killed_by":{"minecraft:zombie":26,"alexscaves:teletor":1},"minecraft:broken":{"minecraft:golden_helmet":1,"minecraft:iron_chestplate":1,"minecraft:golden_leggings":1,"minecraft:iron_sword":4,"minecraft:iron_pickaxe":1},"minecraft:used":{"minecraft:waxed_exposed_cut_copper":5,"minecraft:stone_sword":7,"minecraft:spruce_slab":3,"minecraft:shield":37,"minecraft:spruce_planks":10,"minecraft:iron_sword":977,"alexscaves:galena":11,"minecraft:rotten_flesh":2,"minecraft:iron_chestplate":1,"minecraft:torch":18,"minecraft:dirt":60,"minecraft:carrot":69,"simplefarming:blueberries":2,"born_in_chaos_v1:corpse_maggot":3,"born_in_chaos_v1:smoked_flesh":3,"biomesoplenty:jacaranda_sapling":1,"minecraft:bow":40,"minecraft:furnace":1,"minecraft:cooked_beef":5,"tombstone:gift":2,"minecraft:egg":2,"minecraft:potato":4,"minecraft:knowledge_book":127,"minecraft:cooked_mutton":10,"minecraft:wheat_seeds":18,"biomesoplenty:jacaranda_door":2,"minecraft:water_bucket":4,"minecraft:polished_andesite":1,"minecraft:stone_pickaxe":76,"minecraft:baked_potato":38,"minecraft:smooth_sandstone_slab":4,"minecraft:wooden_pickaxe":11,"minecraft:redstone_block":1,"simplefarming:pear":3,"minecraft:white_wool":9,"simplefarming:strawberries":4,"minecraft:crafting_table":1,"minecraft:white_bed":5,"minecraft:apple":1,"minecraft:waxed_exposed_cut_copper_stairs":2,"minecraft:bread":34,"minecraft:iron_pickaxe":378,"minecraft:iron_door":2,"minecraft:golden_leggings":1,"minecraft:coal_block":3,"minecraft:cobblestone":7,"minecraft:potion":2,"minecraft:cooked_porkchop":3,"minecraft:andesite":1,"minecraft:bucket":4,"minecraft:pumpkin_pie":2,"minecraft:splash_potion":1,"minecraft:experience_bottle":1},"minecraft:killed":{"zombie_more:cursed_zombie":1,"zombie_more:tank_zombie":1,"born_in_chaos_v1:door_knight_not_despawn":1,"minecraft:spider":5,"born_in_chaos_v1:baby_skeleton_minion":1,"born_in_chaos_v1:maggot":24,"minecraft:skeleton":7,"minecraft:chicken":4,"alexsmobs:bison":1,"born_in_chaos_v1:corpse_fish":1,"undead_revamp2:sucker":1,"undead_revamp2:thespitter":1,"minecraft:pig":2,"born_in_chaos_v1:baby_skeleton":3,"undead_revamp2:the_moonflower":1,"minecraft:creeper":1,"born_in_chaos_v1:decrepit_skeleton":3,"minecraft:sheep":9,"minecraft:pillager":1,"born_in_chaos_v1:zombie_fisherman":1,"minecraft:zombie":71,"zombie_more:explosive_zombie":1,"alexsmobs:terrapin":2,"born_in_chaos_v1:corpse_fly":2,"born_in_chaos_v1:door_knight":1,"minecraft:cow":2},"minecraft:custom":{"minecraft:mob_kills":155,"minecraft:interact_with_crafting_table":24,"minecraft:open_barrel":44,"minecraft:interact_with_campfire":15,"minecraft:damage_dealt_resisted":500,"minecraft:leave_game":4,"minecraft:time_since_death":7158,"minecraft:climb_one_cm":103654,"minecraft:sprint_one_cm":745889,"minecraft:walk_one_cm":982782,"minecraft:damage_blocked_by_shield":1620,"minecraft:drop":235,"minecraft:damage_dealt_absorbed":90,"minecraft:play_time":372620,"minecraft:deaths":59,"minecraft:sneak_time":39388,"minecraft:walk_under_water_one_cm":111500,"minecraft:jump":4576,"minecraft:walk_on_water_one_cm":176515,"minecraft:total_world_time":372620,"minecraft:interact_with_furnace":52,"tombstone:raider_killed":1,"minecraft:sleep_in_bed":4,"minecraft:time_since_rest":6481,"minecraft:damage_taken":24973,"minecraft:trigger_trapped_chest":3,"minecraft:damage_dealt":28633,"minecraft:fly_one_cm":649385,"minecraft:swim_one_cm":38792,"minecraft:open_chest":82,"minecraft:crouch_one_cm":47104,"tombstone:undead_killed":94,"minecraft:interact_with_smoker":3,"minecraft:fall_one_cm":97629},"minecraft:picked_up":{"minecraft:charcoal":29,"minecraft:iron_chestplate":1,"minecraft:crafting_table":1,"minecraft:wheat":114,"minecraft:redstone_block":6,"minecraft:chicken":7,"minecraft:ladder":4,"minecraft:knowledge_book":1,"minecraft:brewing_stand":1,"minecraft:string":18,"minecraft:raw_copper":15,"minecraft:flint_and_steel":1,"zombie_more:acid_drool":1,"minecraft:armor_stand":1,"minecraft:item_frame":29,"minecraft:experience_bottle":1,"minecraft:smooth_stone":2,"minecraft:bucket":1,"minecraft:spruce_planks":10,"minecraft:waxed_exposed_cut_copper":5,"minecraft:beef":5,"quark:cyan_shard":15,"minecraft:iron_nugget":17,"minecraft:iron_pickaxe":1,"minecraft:spruce_slab":3,"minecraft:coal_block":16,"minecraft:chest":1,"minecraft:piston":2,"minecraft:egg":2,"minecraft:furnace":3,"minecraft:golden_helmet":1,"minecraft:stick":17,"minecraft:raw_iron":3,"simplefarming:pear":3,"minecraft:copper_ingot":32,"minecraft:torch":2,"sophisticatedbackpacks:backpack":1,"minecraft:porkchop":3,"tombstone:grave_dust":5,"minecraft:carrot":48,"minecraft:green_terracotta":1,"minecraft:stone_pressure_plate":1,"minecraft:dark_oak_planks":2,"minecraft:smooth_sandstone_slab":23,"minecraft:tnt":2,"minecraft:arrow":37,"minecraft:rotten_flesh":198,"biomesoplenty:jacaranda_log":5,"minecraft:pumpkin_pie":2,"simplefarming:strawberries":4,"minecraft:iron_block":1,"minecraft:mutton":12,"minecraft:iron_bars":2,"minecraft:white_wool":16,"minecraft:cobblestone":23,"minecraft:cracked_deepslate_tiles":2,"born_in_chaos_v1:corpse_maggot":7,"minecraft:feather":2,"minecraft:lilac":1,"born_in_chaos_v1:monster_flesh":4,"minecraft:iron_door":3,"minecraft:andesite":3,"minecraft:leather":2,"minecraft:golden_leggings":1,"minecraft:potato":24,"biomesoplenty:jacaranda_door":2,"minecraft:smooth_sandstone_stairs":2,"minecraft:oak_log":2,"biomesoplenty:jacaranda_planks":3,"minecraft:gunpowder":16,"minecraft:dirt":64,"minecraft:lantern":4,"tombstone:gift":2,"minecraft:white_banner":1,"alexscaves:galena":60,"minecraft:cooked_mutton":1,"minecraft:smooth_sandstone":2,"minecraft:bone":36,"minecraft:apple":1,"minecraft:bow":1,"minecraft:wheat_seeds":138,"minecraft:stone_pickaxe":1,"minecraft:iron_ingot":9,"minecraft:cobweb":4,"simplefarming:blueberry_bush":2,"minecraft:powered_rail":1,"minecraft:iron_sword":1,"minecraft:oak_planks":4,"minecraft:gravel":3,"simplefarming:blueberries":2,"minecraft:white_bed":4,"minecraft:waxed_exposed_cut_copper_stairs":2,"minecraft:dark_oak_log":2,"minecraft:spider_eye":1,"minecraft:barrel":1,"minecraft:polished_andesite":1,"minecraft:polished_diorite":2,"minecraft:gray_wool":1,"minecraft:emerald":1,"minecraft:bread":2,"minecraft:baked_potato":18,"minecraft:melon_seeds":8,"minecraft:oak_sapling":2,"minecraft:coal":18,"minecraft:ender_pearl":3},"minecraft:mined":{"minecraft:stone_pressure_plate":1,"minecraft:white_bed":1,"minecraft:sculk_vein":2,"minecraft:dark_oak_log":2,"alexscaves:azure_neodymium_pillar":1,"minecraft:cyan_stained_glass":1,"minecraft:mangrove_roots":2,"minecraft:brewing_stand":1,"minecraft:ladder":4,"biomesoplenty:bush":5,"minecraft:grass_block":21,"minecraft:coal_block":16,"alexscaves:galena":54,"minecraft:spawner":24,"biomesoplenty:jacaranda_log":5,"minecraft:furnace":1,"minecraft:sculk_catalyst":1,"alexscaves:energized_galena_azure":9,"minecraft:andesite":1,"alexscaves:scarlet_neodymium_node":3,"minecraft:polished_deepslate":2,"minecraft:cave_vines":1,"minecraft:iron_bars":2,"simplefarming:strawberry_bush":4,"minecraft:stone":13,"minecraft:iron_block":1,"simplefarming:blueberry_bush":2,"biomesoplenty:jacaranda_leaves":3,"minecraft:redstone_block":6,"minecraft:smooth_sandstone":2,"minecraft:chest":1,"alexscaves:energized_galena_scarlet":11,"minecraft:campfire":12,"minecraft:glass":3,"minecraft:tall_grass":3,"minecraft:cobblestone":8,"minecraft:wall_torch":2,"minecraft:oak_planks":4,"minecraft:sculk":49,"minecraft:smooth_sandstone_slab":16,"minecraft:iron_door":3,"minecraft:powered_rail":1,"alexscaves:galena_iron_ore":17,"minecraft:wheat":3,"horror_element_mod:spiked_villager":1,"minecraft:lilac":1,"minecraft:grass":18,"minecraft:oak_log":2,"minecraft:coal_ore":20,"minecraft:gravel":2,"minecraft:dirt":47,"minecraft:waxed_exposed_cut_copper_stairs":2,"minecraft:cobweb":2,"minecraft:stone_bricks":8,"minecraft:polished_andesite":1,"minecraft:waxed_exposed_cut_copper":5,"minecraft:oak_leaves":33,"minecraft:iron_trapdoor":2,"alexscaves:scarlet_neodymium_pillar":24},"minecraft:dropped":{"minecraft:bread":10,"minecraft:piston":2,"minecraft:wheat_seeds":65,"minecraft:lilac":1,"minecraft:glass_bottle":2,"minecraft:crafting_table":1,"minecraft:feather":2,"minecraft:knowledge_book":1,"minecraft:cobblestone":6,"minecraft:lantern":4,"minecraft:copper_ingot":5,"minecraft:item_frame":16,"alexscaves:galena":51,"minecraft:stick":10,"minecraft:dirt":43,"born_in_chaos_v1:monster_flesh":4,"minecraft:cobweb":4,"tombstone:grave_key":3,"minecraft:cracked_deepslate_tiles":2,"minecraft:iron_door":1,"tombstone:grave_dust":2,"minecraft:smooth_sandstone_slab":7,"minecraft:smooth_sandstone":2,"minecraft:smooth_stone":2,"minecraft:bucket":1,"minecraft:string":9,"minecraft:dark_oak_planks":8,"minecraft:white_wool":4,"minecraft:bone":16,"minecraft:armor_stand":1,"minecraft:gravel":3,"minecraft:polished_diorite":2,"minecraft:furnace":1,"minecraft:green_terracotta":1,"alexsmobs:animal_dictionary":1,"minecraft:stone_sword":1,"minecraft:raw_copper":15,"minecraft:smooth_sandstone_stairs":2,"minecraft:raw_iron":1,"tombstone:gift":2,"minecraft:rotten_flesh":151,"born_in_chaos_v1:smoked_flesh":1,"minecraft:oak_planks":2,"minecraft:flint_and_steel":1,"minecraft:carrot":22,"minecraft:ladder":2,"minecraft:andesite":2,"minecraft:melon_seeds":8,"born_in_chaos_v1:corpse_maggot":4,"minecraft:chest":1,"quark:cyan_shard":12,"minecraft:stone_pressure_plate":1,"minecraft:barrel":1,"minecraft:bow":1,"minecraft:stone_pickaxe":1}},"DataVersion":3465}