{"stats":{"minecraft:killed":{"born_in_chaos_v1:corpse_fly":1,"minecraft:cow":1},"minecraft:used":{"minecraft:knowledge_book":4,"minecraft:wheat_seeds":18,"minecraft:stone_sword":7,"minecraft:stone_pickaxe":42,"minecraft:wooden_pickaxe":11,"minecraft:iron_sword":1,"minecraft:rotten_flesh":2,"minecraft:carrot":26,"minecraft:white_bed":2,"born_in_chaos_v1:corpse_maggot":2,"minecraft:bread":1,"minecraft:golden_leggings":1,"biomesoplenty:jacaranda_sapling":1,"minecraft:coal_block":3,"minecraft:cooked_beef":2,"minecraft:experience_bottle":1},"minecraft:killed_by":{"minecraft:zombie":1},"minecraft:picked_up":{"born_in_chaos_v1:corpse_maggot":2,"minecraft:wheat":49,"minecraft:leather":1,"minecraft:golden_leggings":1,"minecraft:potato":18,"minecraft:oak_log":2,"minecraft:dirt":6,"minecraft:string":3,"minecraft:lantern":4,"minecraft:armor_stand":1,"minecraft:item_frame":6,"minecraft:experience_bottle":1,"minecraft:bone":5,"minecraft:wheat_seeds":78,"minecraft:beef":2,"minecraft:coal_block":13,"minecraft:iron_sword":1,"minecraft:golden_helmet":1,"minecraft:copper_ingot":2,"minecraft:white_bed":2,"minecraft:carrot":28,"minecraft:stone_pressure_plate":1,"minecraft:arrow":3,"minecraft:rotten_flesh":24,"biomesoplenty:jacaranda_log":5,"minecraft:pumpkin_pie":2,"minecraft:iron_block":1,"minecraft:coal":18,"minecraft:cobblestone":11},"minecraft:mined":{"biomesoplenty:jacaranda_leaves":2,"minecraft:stone_pressure_plate":1,"minecraft:white_bed":1,"minecraft:grass_block":4,"minecraft:coal_block":13,"biomesoplenty:jacaranda_log":5,"minecraft:grass":2,"minecraft:coal_ore":18,"minecraft:oak_log":2,"minecraft:dirt":2,"minecraft:cobweb":2,"minecraft:stone":11,"minecraft:iron_block":1,"minecraft:oak_leaves":3},"minecraft:crafted":{"minecraft:cooked_beef":2,"minecraft:oak_planks":8,"biomesoplenty:jacaranda_planks":20,"minecraft:wooden_pickaxe":1,"minecraft:bread":8,"minecraft:stick":8,"minecraft:iron_ingot":9,"minecraft:stone_pickaxe":1,"minecraft:stone_sword":1},"minecraft:dropped":{"minecraft:rotten_flesh":44,"minecraft:lantern":4,"minecraft:carrot":3,"minecraft:item_frame":3,"minecraft:dirt":1,"minecraft:stone_pressure_plate":1},"minecraft:custom":{"minecraft:interact_with_furnace":7,"minecraft:mob_kills":2,"minecraft:interact_with_crafting_table":7,"minecraft:leave_game":1,"minecraft:time_since_death":6346,"minecraft:sleep_in_bed":1,"minecraft:climb_one_cm":2252,"minecraft:time_since_rest":5364,"minecraft:sprint_one_cm":77943,"minecraft:damage_taken":2403,"minecraft:walk_one_cm":169030,"minecraft:drop":53,"minecraft:damage_dealt":258,"minecraft:fly_one_cm":79080,"minecraft:open_chest":13,"minecraft:crouch_one_cm":44,"minecraft:play_time":53037,"minecraft:deaths":6,"minecraft:sneak_time":121,"minecraft:jump":518,"minecraft:walk_on_water_one_cm":1140,"minecraft:total_world_time":53037,"minecraft:fall_one_cm":18127}},"DataVersion":3465}