{"stats":{"minecraft:killed":{"minecraft:sheep":2,"minecraft:pillager":1,"minecraft:chicken":3,"born_in_chaos_v1:corpse_fly":2,"minecraft:cow":1},"minecraft:used":{"minecraft:knowledge_book":4,"minecraft:wheat_seeds":18,"minecraft:water_bucket":3,"minecraft:stone_sword":7,"minecraft:stone_pickaxe":64,"minecraft:baked_potato":6,"minecraft:wooden_pickaxe":11,"minecraft:shield":7,"minecraft:iron_sword":24,"minecraft:rotten_flesh":2,"minecraft:carrot":34,"minecraft:white_bed":2,"born_in_chaos_v1:corpse_maggot":2,"minecraft:bread":1,"minecraft:golden_leggings":1,"biomesoplenty:jacaranda_sapling":1,"minecraft:coal_block":3,"minecraft:bucket":4,"minecraft:egg":2,"minecraft:cooked_beef":2,"minecraft:potato":4,"minecraft:experience_bottle":1},"minecraft:killed_by":{"minecraft:zombie":2},"minecraft:picked_up":{"minecraft:charcoal":24,"born_in_chaos_v1:corpse_maggot":2,"minecraft:wheat":64,"minecraft:feather":1,"minecraft:lilac":1,"minecraft:chicken":3,"minecraft:leather":1,"minecraft:golden_leggings":1,"minecraft:potato":24,"minecraft:oak_log":2,"minecraft:brewing_stand":1,"minecraft:dirt":11,"minecraft:string":6,"minecraft:lantern":4,"minecraft:white_banner":1,"minecraft:armor_stand":1,"minecraft:item_frame":29,"minecraft:experience_bottle":1,"minecraft:bone":8,"minecraft:wheat_seeds":79,"minecraft:beef":2,"minecraft:coal_block":16,"minecraft:iron_sword":1,"minecraft:egg":2,"minecraft:golden_helmet":1,"minecraft:copper_ingot":2,"minecraft:white_bed":2,"minecraft:carrot":37,"minecraft:stone_pressure_plate":1,"minecraft:arrow":27,"minecraft:rotten_flesh":24,"biomesoplenty:jacaranda_log":5,"minecraft:pumpkin_pie":2,"simplefarming:strawberries":4,"minecraft:iron_block":1,"minecraft:emerald":1,"minecraft:baked_potato":15,"minecraft:coal":18,"minecraft:cobblestone":11},"minecraft:mined":{"biomesoplenty:jacaranda_leaves":2,"minecraft:stone_pressure_plate":1,"minecraft:white_bed":1,"minecraft:brewing_stand":1,"biomesoplenty:bush":1,"minecraft:grass_block":4,"minecraft:campfire":12,"minecraft:coal_block":16,"minecraft:tall_grass":1,"biomesoplenty:jacaranda_log":5,"minecraft:lilac":1,"minecraft:grass":4,"minecraft:oak_log":2,"minecraft:coal_ore":18,"minecraft:dirt":2,"minecraft:cobweb":2,"simplefarming:strawberry_bush":4,"minecraft:stone_bricks":6,"minecraft:stone":11,"minecraft:iron_block":1,"minecraft:oak_leaves":3},"minecraft:crafted":{"minecraft:cooked_beef":2,"minecraft:oak_planks":8,"biomesoplenty:jacaranda_planks":20,"minecraft:wooden_pickaxe":1,"minecraft:baked_potato":9,"minecraft:bucket":1,"minecraft:bread":17,"minecraft:shield":1,"minecraft:stick":8,"minecraft:iron_ingot":9,"minecraft:stone_pickaxe":1,"minecraft:stone_sword":1},"minecraft:dropped":{"minecraft:wheat_seeds":65,"minecraft:lilac":1,"minecraft:feather":1,"minecraft:cobblestone":6,"minecraft:rotten_flesh":44,"minecraft:oak_planks":2,"minecraft:lantern":4,"minecraft:carrot":3,"minecraft:item_frame":16,"minecraft:dirt":11,"tombstone:grave_key":1,"minecraft:stone_pressure_plate":1,"minecraft:string":3,"minecraft:bone":3,"minecraft:armor_stand":1},"minecraft:custom":{"minecraft:interact_with_furnace":15,"minecraft:mob_kills":9,"tombstone:raider_killed":1,"minecraft:interact_with_crafting_table":11,"minecraft:open_barrel":2,"minecraft:interact_with_campfire":15,"minecraft:leave_game":2,"minecraft:time_since_death":1197,"minecraft:sleep_in_bed":1,"minecraft:climb_one_cm":4823,"minecraft:time_since_rest":550,"minecraft:sprint_one_cm":136386,"minecraft:damage_taken":3240,"minecraft:walk_one_cm":241184,"minecraft:damage_blocked_by_shield":240,"minecraft:drop":67,"minecraft:damage_dealt":908,"minecraft:swim_one_cm":2716,"minecraft:fly_one_cm":113821,"minecraft:open_chest":17,"minecraft:crouch_one_cm":837,"minecraft:play_time":84505,"minecraft:deaths":8,"minecraft:sneak_time":455,"minecraft:walk_under_water_one_cm":4251,"minecraft:jump":789,"minecraft:walk_on_water_one_cm":8423,"minecraft:total_world_time":84505,"minecraft:fall_one_cm":22642}},"DataVersion":3465}