{"stats":{"minecraft:crafted":{"minecraft:oak_planks":44,"minecraft:cooked_mutton":9,"minecraft:bow":1,"minecraft:iron_boots":1,"sophisticatedbackpacks:backpack":2,"biomesoplenty:jacaranda_planks":20,"minecraft:cooked_porkchop":13,"minecraft:crafting_table":7,"minecraft:wooden_pickaxe":1,"minecraft:baked_potato":36,"minecraft:birch_planks":24,"minecraft:iron_chestplate":1,"minecraft:shield":3,"minecraft:stick":72,"quark:oak_chest":2,"minecraft:iron_ingot":15,"minecraft:iron_pickaxe":5,"minecraft:stone_sword":1,"minecraft:redstone":54,"minecraft:furnace":3,"minecraft:bone_meal":126,"minecraft:iron_axe":1,"minecraft:stone_pickaxe":1,"biomesoplenty:magic_planks":128,"minecraft:dark_oak_planks":8,"sophisticatedbackpacks:iron_backpack":3,"minecraft:cooked_beef":7,"minecraft:diamond_sword":2,"minecraft:iron_sword":2,"minecraft:bucket":2,"minecraft:bread":40,"minecraft:iron_leggings":1,"minecraft:white_bed":3,"minecraft:torch":64},"minecraft:killed_by":{"minecraft:zombie":47,"alexscaves:teletor":1,"minecraft:player":1,"minecraft:skeleton":3},"minecraft:broken":{"minecraft:golden_helmet":1,"minecraft:diamond_helmet":1,"minecraft:iron_chestplate":1,"minecraft:iron_leggings":1,"minecraft:golden_leggings":1,"minecraft:iron_sword":4,"minecraft:shield":2,"minecraft:iron_pickaxe":3},"minecraft:used":{"minecraft:waxed_exposed_cut_copper":6,"minecraft:polished_deepslate":8,"minecraft:spruce_slab":3,"minecraft:shield":94,"minecraft:iron_sword":977,"simplefarming:cherries":1,"alexscaves:galena":13,"minecraft:rotten_flesh":2,"minecraft:iron_chestplate":1,"born_in_chaos_v1:soul_cutlass":1,"minecraft:carrot":434,"simplefarming:blueberries":2,"jeg:custom_smg":77,"minecraft:tuff":3,"simplefarming:raspberries":3,"born_in_chaos_v1:corpse_maggot":4,"born_in_chaos_v1:smoked_flesh":3,"minecraft:cyan_terracotta":2,"minecraft:stone_bricks":11,"biomesoplenty:jacaranda_sapling":1,"minecraft:bow":47,"minecraft:furnace":6,"minecraft:egg":2,"minecraft:potato":4,"minecraft:diorite":4,"minecraft:diamond_boots":2,"minecraft:stone_pickaxe":76,"minecraft:oak_planks":10,"minecraft:wooden_pickaxe":11,"minecraft:redstone_block":1,"minecraft:cookie":1,"minecraft:white_wool":9,"simplefarming:strawberries":10,"minecraft:golden_apple":3,"minecraft:glow_berries":8,"minecraft:note_block":1,"minecraft:dripstone_block":4,"biomesoplenty:jacaranda_planks":1,"simplyswords:iron_greathammer":225,"minecraft:bread":35,"minecraft:lectern":11,"tombstone:grave_key":16,"minecraft:iron_door":2,"minecraft:gravel":2,"minecraft:diamond_sword":990,"minecraft:coal_block":9,"minecraft:andesite":2,"minecraft:bone_meal":62,"minecraft:experience_bottle":1,"minecraft:cobweb":20,"simplyswords:iron_claymore":10,"minecraft:stone_sword":7,"minecraft:spruce_planks":17,"minecraft:cooked_chicken":1,"minecraft:torch":35,"minecraft:dirt":96,"minecraft:stone_stairs":3,"minecraft:iron_axe":97,"minecraft:iron_boots":1,"minecraft:barrel":1,"tombstone:gift":2,"minecraft:cooked_beef":19,"minecraft:cobbled_deepslate":35,"minecraft:iron_leggings":1,"minecraft:knowledge_book":169,"minecraft:wheat_seeds":18,"minecraft:cooked_mutton":10,"biomesoplenty:jacaranda_door":2,"minecraft:water_bucket":5,"minecraft:birch_planks":23,"minecraft:polished_andesite":2,"minecraft:baked_potato":48,"minecraft:smooth_sandstone_slab":4,"simplefarming:pear":12,"minecraft:crafting_table":10,"simplefarming:blackberries":8,"minecraft:white_bed":8,"minecraft:oak_log":5,"minecraft:apple":1,"minecraft:waxed_exposed_cut_copper_stairs":2,"minecraft:iron_pickaxe":722,"tombstone:magic_scroll":2,"minecraft:golden_leggings":1,"minecraft:cobblestone":12,"minecraft:potion":6,"minecraft:cooked_porkchop":5,"minecraft:bucket":6,"minecraft:pumpkin_pie":2,"minecraft:splash_potion":1},"minecraft:killed":{"zombie_more:cursed_zombie":10,"minecraft:cave_spider":6,"zombie_more:tank_zombie":2,"born_in_chaos_v1:mr_pumpkin":16,"minecraft:witch":1,"born_in_chaos_v1:zombie_lumberjack":1,"born_in_chaos_v1:door_knight_not_despawn":1,"minecraft:spider":8,"undead_revamp2:thesmoker":1,"born_in_chaos_v1:siamese_skeletonsright":1,"born_in_chaos_v1:baby_skeleton_minion":1,"minecraft:skeleton":25,"minecraft:bee":2,"minecraft:chicken":4,"born_in_chaos_v1:skeleton_thrasher":1,"undead_revamp2:thepregnant":1,"undead_revamp2:thespitter":1,"zombie_more:boomer_zombie":1,"minecraft:pig":9,"minecraft:creeper":7,"minecraft:sheep":17,"minecraft:pillager":1,"born_in_chaos_v1:zombie_fisherman":1,"minecraft:zombie":168,"zombie_more:explosive_zombie":1,"alexsmobs:terrapin":2,"born_in_chaos_v1:corpse_fly":3,"minecraft:stray":2,"born_in_chaos_v1:door_knight":1,"born_in_chaos_v1:siamese_skeletonsleft":1,"minecraft:cow":15,"minecraft:vex":1,"quark:toretoise":2,"born_in_chaos_v1:skeleton_thrasher_not_despawn":1,"undead_revamp2:bomber":1,"born_in_chaos_v1:maggot":36,"alexsmobs:blue_jay":1,"born_in_chaos_v1:corpse_fish":1,"alexsmobs:bison":1,"undead_revamp2:sucker":1,"born_in_chaos_v1:barrel_zombie":1,"born_in_chaos_v1:fallen_chaos_knight":1,"born_in_chaos_v1:felsteed":1,"born_in_chaos_v1:baby_skeleton":5,"zombie_more:crawler_zombie":3,"undead_revamp2:the_moonflower":3,"born_in_chaos_v1:decrepit_skeleton":14},"minecraft:custom":{"minecraft:interact_with_crafting_table":63,"minecraft:open_barrel":188,"minecraft:leave_game":10,"minecraft:time_since_death":42677,"minecraft:sprint_one_cm":2724655,"minecraft:damage_blocked_by_shield":6060,"minecraft:drop":608,"minecraft:play_noteblock":3,"minecraft:talked_to_villager":11,"minecraft:play_time":887357,"minecraft:deaths":119,"minecraft:jump":10937,"minecraft:walk_on_water_one_cm":434438,"minecraft:interact_with_furnace":100,"minecraft:sleep_in_bed":9,"tombstone:sneak_grave":1,"minecraft:damage_dealt":75829,"minecraft:crouch_one_cm":88786,"tombstone:undead_killed":250,"minecraft:interact_with_smoker":3,"minecraft:interact_with_anvil":1,"minecraft:mob_kills":400,"minecraft:interact_with_campfire":15,"minecraft:damage_dealt_resisted":3451,"minecraft:climb_one_cm":270172,"minecraft:walk_one_cm":2120483,"minecraft:damage_dealt_absorbed":264,"minecraft:sneak_time":70499,"minecraft:walk_under_water_one_cm":188138,"minecraft:total_world_time":887357,"tombstone:raider_killed":2,"minecraft:tune_noteblock":2,"minecraft:time_since_rest":40278,"minecraft:damage_taken":53397,"minecraft:damage_absorbed":60,"minecraft:trigger_trapped_chest":3,"minecraft:swim_one_cm":131421,"minecraft:fly_one_cm":1998580,"minecraft:open_chest":150,"minecraft:fall_one_cm":235826},"minecraft:picked_up":{"minecraft:wooden_axe":1,"minecraft:iron_chestplate":1,"minecraft:wheat":114,"minecraft:redstone_block":7,"minecraft:iron_trapdoor":2,"minecraft:prismarine_shard":4,"minecraft:diamond_sword":1,"minecraft:potion":1,"minecraft:knowledge_book":1,"minecraft:stone_brick_stairs":1,"tombstone:grave_key":2,"minecraft:brewing_stand":1,"minecraft:polished_deepslate_wall":6,"minecraft:polished_deepslate":38,"minecraft:string":62,"minecraft:raw_copper":50,"zombie_more:acid_drool":4,"minecraft:armor_stand":1,"minecraft:sticky_piston":2,"minecraft:experience_bottle":1,"minecraft:smooth_stone":2,"minecraft:cobbled_deepslate":34,"minecraft:bucket":1,"minecraft:spruce_planks":52,"minecraft:waxed_exposed_cut_copper":6,"quark:cyan_shard":15,"minecraft:redstone_torch":1,"minecraft:calcite":7,"minecraft:iron_pickaxe":1,"minecraft:coal_block":22,"minecraft:furnace":4,"minecraft:golden_helmet":1,"minecraft:stick":41,"born_in_chaos_v1:shattered_skull":1,"jeg:pistol_ammo":87,"minecraft:torch":4,"minecraft:porkchop":17,"simplefarming:raspberries":10,"tombstone:grave_dust":17,"minecraft:pointed_dripstone":3,"minecraft:diorite":16,"minecraft:green_terracotta":1,"minecraft:brown_carpet":1,"minecraft:rotten_flesh":402,"minecraft:iron_block":1,"minecraft:cyan_terracotta":2,"minecraft:iron_bars":17,"minecraft:cobblestone":135,"minecraft:birch_log":4,"born_in_chaos_v1:staffof_magic_arrows":1,"minecraft:feather":2,"minecraft:cooked_beef":21,"minecraft:lilac":1,"minecraft:iron_door":3,"born_in_chaos_v1:spiritual_dust":3,"minecraft:water_bucket":1,"minecraft:andesite":5,"minecraft:golden_leggings":1,"minecraft:potato":24,"minecraft:flint":6,"minecraft:tuff":6,"minecraft:smooth_sandstone_stairs":2,"minecraft:dirt":150,"minecraft:lantern":4,"zombie_more:crawler_gut":1,"alexscaves:galena":63,"born_in_chaos_v1:monster_skin":7,"minecraft:bone":85,"minecraft:bow":1,"minecraft:wheat_seeds":139,"simplefarming:blueberry_bush":2,"minecraft:diamond_helmet":1,"minecraft:powered_rail":1,"minecraft:oak_planks":55,"simplefarming:corn_seeds":2,"minecraft:cooked_porkchop":4,"minecraft:ink_sac":2,"simplyswords:iron_greathammer":1,"minecraft:dark_oak_log":2,"minecraft:barrel":2,"minecraft:bundle":4,"minecraft:polished_andesite":2,"minecraft:black_concrete":5,"jeg:custom_smg":2,"simplefarming:cherries":7,"minecraft:spruce_sign":1,"minecraft:bread":2,"minecraft:golden_horse_armor":1,"minecraft:emerald":1,"minecraft:oak_sapling":8,"sophisticatedbackpacks:gold_backpack":1,"minecraft:charcoal":152,"minecraft:crafting_table":5,"minecraft:nether_wart":63,"minecraft:chicken":7,"minecraft:ladder":4,"born_in_chaos_v1:seedof_chaos":1,"minecraft:stone_stairs":3,"minecraft:moss_carpet":1,"minecraft:flint_and_steel":2,"minecraft:quartz_slab":1,"minecraft:item_frame":31,"minecraft:beef":34,"minecraft:iron_nugget":63,"minecraft:spruce_slab":3,"minecraft:lectern":13,"minecraft:quartz_stairs":2,"minecraft:chest":1,"minecraft:birch_sapling":2,"minecraft:piston":2,"minecraft:phantom_membrane":4,"minecraft:egg":3,"minecraft:raw_iron":12,"simplefarming:pear":12,"simplefarming:cantaloupe_seeds":1,"minecraft:copper_ingot":41,"zombie_more:cursed_heart":1,"sophisticatedbackpacks:backpack":1,"minecraft:note_block":1,"minecraft:stone_button":1,"minecraft:cookie":1,"minecraft:carrot":526,"minecraft:redstone":4,"minecraft:stone_pressure_plate":1,"minecraft:dark_oak_planks":3,"minecraft:smooth_sandstone_slab":43,"minecraft:tnt":2,"minecraft:arrow":62,"minecraft:diamond_chestplate":1,"biomesoplenty:jacaranda_log":5,"minecraft:pumpkin_pie":2,"simplefarming:strawberries":10,"minecraft:glow_berries":4,"minecraft:mutton":26,"minecraft:white_wool":23,"born_in_chaos_v1:fused_bone":4,"minecraft:cracked_deepslate_tiles":2,"born_in_chaos_v1:corpse_maggot":21,"born_in_chaos_v1:monster_flesh":14,"born_in_chaos_v1:pumpkin_staff":1,"minecraft:leather":21,"minecraft:birch_planks":4,"biomesoplenty:jacaranda_door":2,"simplyswords:iron_claymore":1,"simplefarming:rye_seeds":2,"minecraft:oak_log":16,"minecraft:golden_boots":1,"biomesoplenty:jacaranda_planks":12,"minecraft:gunpowder":44,"minecraft:white_banner":1,"tombstone:gift":2,"minecraft:cooked_mutton":1,"minecraft:smooth_sandstone":2,"born_in_chaos_v1:soul_cutlass":1,"minecraft:apple":1,"minecraft:stone_bricks":13,"minecraft:iron_ingot":27,"minecraft:stone_pickaxe":1,"minecraft:cooked_chicken":1,"minecraft:cobweb":4,"biomesoplenty:magic_log":32,"minecraft:glass_bottle":4,"minecraft:iron_sword":1,"sophisticatedbackpacks:diamond_backpack":1,"minecraft:book":6,"minecraft:polished_andesite_stairs":2,"minecraft:smooth_basalt":5,"quark:white_shard":5,"born_in_chaos_v1:ethereal_spirit":1,"minecraft:dripstone_block":6,"simplefarming:blueberries":4,"minecraft:gravel":9,"born_in_chaos_v1:dark_rod":2,"minecraft:white_bed":8,"minecraft:waxed_exposed_cut_copper_stairs":4,"minecraft:spider_eye":2,"simplefarming:blackberries":8,"minecraft:slime_ball":67,"minecraft:polished_diorite":2,"minecraft:gray_wool":1,"minecraft:baked_potato":31,"minecraft:melon_seeds":8,"minecraft:coal":137,"minecraft:ender_pearl":5},"minecraft:mined":{"minecraft:stone_pressure_plate":1,"minecraft:spruce_planks":19,"minecraft:white_bed":4,"minecraft:sculk_vein":2,"alexscaves:azure_neodymium_pillar":1,"minecraft:brewing_stand":1,"minecraft:granite":17,"minecraft:cave_vines_plant":3,"minecraft:stone_brick_wall":2,"minecraft:grass_block":55,"minecraft:coal_block":16,"minecraft:deepslate_tile_stairs":1,"minecraft:spawner":31,"minecraft:tall_seagrass":1,"minecraft:smooth_stone":5,"minecraft:sculk_catalyst":1,"minecraft:fire":16,"minecraft:sticky_piston":1,"alexscaves:scarlet_neodymium_node":3,"minecraft:pointed_dripstone":1,"minecraft:cave_vines":10,"minecraft:iron_bars":13,"minecraft:smooth_sandstone_stairs":1,"minecraft:iron_block":1,"minecraft:piston_head":1,"biomesoplenty:jacaranda_leaves":3,"minecraft:cyan_terracotta":1,"minecraft:clay":1,"minecraft:note_block":1,"minecraft:torch":1,"minecraft:chest":1,"alexscaves:energized_galena_scarlet":11,"minecraft:mushroom_stem":1,"minecraft:spruce_wall_sign":1,"minecraft:glass":3,"minecraft:cobblestone":29,"minecraft:oak_planks":6,"minecraft:iron_door":3,"minecraft:smooth_sandstone_slab":27,"minecraft:wall_torch":3,"minecraft:white_terracotta":1,"minecraft:stone_stairs":3,"biomesoplenty:magic_leaves":1,"minecraft:powered_rail":1,"minecraft:birch_log":4,"minecraft:wheat":3,"horror_element_mod:spiked_villager":1,"minecraft:lilac":6,"minecraft:grass":63,"minecraft:oak_log":11,"minecraft:dirt":67,"minecraft:waxed_exposed_cut_copper_stairs":4,"minecraft:polished_deepslate_wall":6,"minecraft:oak_leaves":54,"minecraft:deepslate":38,"minecraft:tuff":4,"minecraft:dark_oak_log":2,"minecraft:cyan_stained_glass":1,"minecraft:mangrove_roots":2,"minecraft:sea_lantern":3,"minecraft:ladder":5,"biomesoplenty:bush":5,"minecraft:white_stained_glass":3,"alexscaves:galena":60,"biomesoplenty:jacaranda_log":5,"minecraft:furnace":2,"alexscaves:energized_galena_azure":9,"minecraft:andesite":5,"minecraft:black_concrete":1,"biomesoplenty:magic_log":32,"minecraft:polished_deepslate":19,"minecraft:bookshelf":10,"biomesoplenty:high_grass":11,"minecraft:deepslate_iron_ore":1,"minecraft:stone":78,"simplefarming:strawberry_bush":4,"simplefarming:blueberry_bush":2,"minecraft:redstone_block":7,"minecraft:brown_carpet":1,"minecraft:basalt":2,"minecraft:smooth_sandstone":15,"minecraft:crafting_table":3,"minecraft:campfire":12,"minecraft:lectern":12,"biomesoplenty:high_grass_plant":31,"minecraft:copper_ore":10,"minecraft:tall_grass":7,"biomesoplenty:sprout":7,"minecraft:sculk":49,"minecraft:diorite":2,"minecraft:birch_planks":4,"alexscaves:galena_iron_ore":17,"biomesoplenty:pink_daffodil":1,"minecraft:birch_leaves":5,"minecraft:bee_nest":1,"minecraft:coal_ore":22,"minecraft:gravel":11,"minecraft:dripstone_block":5,"minecraft:cobweb":23,"minecraft:cracked_stone_bricks":1,"minecraft:polished_andesite":7,"minecraft:stone_bricks":24,"minecraft:waxed_exposed_cut_copper":7,"minecraft:iron_trapdoor":3,"alexscaves:scarlet_neodymium_pillar":24},"minecraft:dropped":{"minecraft:piston":2,"minecraft:cooked_beef":9,"minecraft:baked_potato":19,"minecraft:glass_bottle":6,"minecraft:ender_pearl":2,"minecraft:crafting_table":1,"minecraft:cooked_porkchop":10,"minecraft:lantern":4,"minecraft:leather":1,"minecraft:item_frame":18,"alexscaves:galena":51,"born_in_chaos_v1:monster_flesh":4,"minecraft:dirt":108,"simplefarming:rye_seeds":2,"minecraft:stone_button":1,"minecraft:mutton":1,"minecraft:cracked_deepslate_tiles":2,"minecraft:phantom_membrane":4,"minecraft:black_concrete":5,"minecraft:dark_oak_planks":8,"minecraft:white_wool":4,"minecraft:bone":17,"minecraft:armor_stand":1,"minecraft:gravel":3,"minecraft:iron_nugget":4,"alexsmobs:animal_dictionary":1,"minecraft:cobbled_deepslate":1,"simplefarming:cherries":6,"minecraft:wheat":2,"minecraft:smooth_sandstone_stairs":2,"minecraft:birch_sapling":2,"tombstone:gift":2,"minecraft:pointed_dripstone":3,"minecraft:rotten_flesh":195,"born_in_chaos_v1:smoked_flesh":1,"minecraft:oak_planks":11,"minecraft:white_bed":3,"sophisticatedbackpacks:diamond_backpack":1,"minecraft:carrot":194,"minecraft:gunpowder":13,"minecraft:ladder":2,"minecraft:melon_seeds":8,"minecraft:chest":1,"zombie_more:acid_drool":1,"born_in_chaos_v1:corpse_maggot":9,"minecraft:stone_brick_stairs":1,"minecraft:golden_boots":1,"minecraft:bread":10,"minecraft:wheat_seeds":66,"minecraft:lilac":1,"minecraft:dripstone_block":2,"minecraft:feather":2,"minecraft:knowledge_book":1,"minecraft:prismarine_crystals":3,"minecraft:cobblestone":26,"minecraft:copper_ingot":41,"minecraft:stick":22,"minecraft:cobweb":4,"jeg:custom_smg":1,"minecraft:diorite":11,"minecraft:ink_sac":1,"minecraft:torch":1,"tombstone:grave_key":8,"minecraft:wooden_axe":1,"born_in_chaos_v1:fused_bone":2,"minecraft:iron_door":1,"tombstone:grave_dust":3,"minecraft:polished_andesite_stairs":1,"minecraft:smooth_sandstone_slab":27,"minecraft:smooth_stone":2,"minecraft:smooth_sandstone":2,"minecraft:string":9,"minecraft:polished_deepslate_wall":6,"minecraft:bucket":1,"minecraft:smooth_basalt":5,"minecraft:polished_deepslate":18,"minecraft:polished_diorite":2,"minecraft:furnace":1,"minecraft:green_terracotta":1,"minecraft:stone_sword":1,"minecraft:raw_copper":15,"minecraft:tuff":3,"minecraft:raw_iron":1,"minecraft:flint_and_steel":2,"minecraft:diamond_chestplate":1,"minecraft:andesite":3,"minecraft:quartz_stairs":1,"minecraft:oak_sapling":3,"quark:cyan_shard":15,"minecraft:stone_pressure_plate":1,"minecraft:barrel":1,"minecraft:spider_eye":1,"minecraft:bow":1,"minecraft:stone_pickaxe":1,"minecraft:calcite":7,"jeg:pistol_ammo":10,"simplyswords:iron_claymore":1}},"DataVersion":3465}