{"stats":{"minecraft:crafted":{"minecraft:oak_planks":8,"minecraft:bow":1,"minecraft:stone_pickaxe":1,"minecraft:cooked_beef":2,"biomesoplenty:jacaranda_planks":20,"minecraft:cooked_porkchop":2,"minecraft:wooden_pickaxe":1,"minecraft:baked_potato":9,"minecraft:bucket":1,"minecraft:bread":36,"minecraft:iron_chestplate":1,"minecraft:shield":1,"minecraft:stick":28,"minecraft:iron_ingot":11,"minecraft:iron_pickaxe":1,"minecraft:stone_sword":1,"minecraft:torch":36},"minecraft:killed_by":{"minecraft:zombie":2,"alexscaves:teletor":1},"minecraft:used":{"minecraft:stone_sword":7,"minecraft:shield":20,"minecraft:iron_sword":111,"alexscaves:galena":11,"minecraft:rotten_flesh":2,"minecraft:iron_chestplate":1,"minecraft:torch":15,"minecraft:dirt":54,"minecraft:carrot":39,"born_in_chaos_v1:corpse_maggot":2,"biomesoplenty:jacaranda_sapling":1,"minecraft:bow":34,"minecraft:egg":2,"minecraft:cooked_beef":2,"minecraft:potato":4,"minecraft:knowledge_book":48,"minecraft:wheat_seeds":18,"biomesoplenty:jacaranda_door":2,"minecraft:water_bucket":4,"minecraft:baked_potato":27,"minecraft:stone_pickaxe":76,"minecraft:wooden_pickaxe":11,"simplefarming:pear":3,"simplefarming:strawberries":4,"minecraft:white_bed":2,"minecraft:bread":26,"minecraft:iron_pickaxe":135,"minecraft:iron_door":2,"minecraft:golden_leggings":1,"minecraft:coal_block":3,"minecraft:cobblestone":7,"minecraft:cooked_porkchop":2,"minecraft:bucket":4,"minecraft:pumpkin_pie":2,"minecraft:splash_potion":1,"minecraft:experience_bottle":1},"minecraft:killed":{"zombie_more:cursed_zombie":1,"born_in_chaos_v1:baby_skeleton_minion":1,"minecraft:skeleton":4,"minecraft:chicken":4,"alexsmobs:bison":1,"undead_revamp2:thespitter":1,"minecraft:pig":1,"minecraft:sheep":4,"minecraft:pillager":1,"minecraft:zombie":1,"alexsmobs:terrapin":1,"born_in_chaos_v1:corpse_fly":2,"minecraft:cow":2},"minecraft:custom":{"minecraft:mob_kills":24,"minecraft:interact_with_crafting_table":21,"minecraft:open_barrel":8,"minecraft:interact_with_campfire":15,"minecraft:leave_game":4,"minecraft:time_since_death":30793,"minecraft:climb_one_cm":10967,"minecraft:sprint_one_cm":394314,"minecraft:walk_one_cm":622964,"minecraft:damage_blocked_by_shield":975,"minecraft:drop":114,"minecraft:play_time":214238,"minecraft:deaths":15,"minecraft:sneak_time":9292,"minecraft:walk_under_water_one_cm":85403,"minecraft:jump":3386,"minecraft:walk_on_water_one_cm":76548,"minecraft:total_world_time":214238,"minecraft:interact_with_furnace":34,"tombstone:raider_killed":1,"minecraft:sleep_in_bed":1,"minecraft:time_since_rest":30210,"minecraft:damage_taken":8453,"minecraft:damage_dealt":3434,"minecraft:swim_one_cm":27380,"minecraft:fly_one_cm":415388,"minecraft:open_chest":53,"minecraft:crouch_one_cm":19462,"tombstone:undead_killed":8,"minecraft:interact_with_smoker":1,"minecraft:fall_one_cm":66404},"minecraft:picked_up":{"minecraft:charcoal":24,"minecraft:wheat":114,"minecraft:ladder":2,"minecraft:chicken":7,"minecraft:brewing_stand":1,"minecraft:string":10,"minecraft:armor_stand":1,"minecraft:item_frame":29,"minecraft:experience_bottle":1,"minecraft:beef":5,"quark:cyan_shard":3,"minecraft:iron_pickaxe":1,"minecraft:coal_block":16,"minecraft:furnace":1,"minecraft:egg":2,"minecraft:golden_helmet":1,"minecraft:raw_iron":3,"simplefarming:pear":3,"minecraft:copper_ingot":2,"minecraft:torch":2,"minecraft:porkchop":2,"tombstone:grave_dust":2,"minecraft:carrot":37,"minecraft:stone_pressure_plate":1,"minecraft:arrow":31,"minecraft:rotten_flesh":29,"biomesoplenty:jacaranda_log":5,"minecraft:pumpkin_pie":2,"simplefarming:strawberries":4,"minecraft:iron_block":1,"minecraft:mutton":6,"minecraft:cobblestone":23,"born_in_chaos_v1:corpse_maggot":2,"minecraft:feather":2,"minecraft:lilac":1,"minecraft:iron_door":2,"minecraft:leather":2,"minecraft:golden_leggings":1,"minecraft:potato":24,"biomesoplenty:jacaranda_door":2,"minecraft:oak_log":2,"minecraft:gunpowder":3,"minecraft:dirt":54,"minecraft:lantern":4,"minecraft:white_banner":1,"alexscaves:galena":60,"minecraft:bone":13,"minecraft:wheat_seeds":138,"minecraft:stone_pickaxe":1,"minecraft:iron_sword":1,"minecraft:gravel":2,"minecraft:white_bed":2,"minecraft:dark_oak_log":2,"minecraft:emerald":1,"minecraft:baked_potato":18,"minecraft:oak_sapling":2,"minecraft:coal":18},"minecraft:mined":{"minecraft:stone_pressure_plate":1,"minecraft:white_bed":1,"minecraft:dark_oak_log":2,"alexscaves:azure_neodymium_pillar":1,"minecraft:cyan_stained_glass":1,"minecraft:brewing_stand":1,"minecraft:ladder":4,"biomesoplenty:bush":5,"minecraft:grass_block":18,"minecraft:coal_block":16,"alexscaves:galena":54,"biomesoplenty:jacaranda_log":5,"minecraft:sculk_catalyst":1,"alexscaves:energized_galena_azure":9,"alexscaves:scarlet_neodymium_node":3,"minecraft:polished_deepslate":2,"minecraft:iron_block":1,"minecraft:stone":13,"simplefarming:strawberry_bush":4,"biomesoplenty:jacaranda_leaves":3,"alexscaves:energized_galena_scarlet":11,"minecraft:campfire":12,"minecraft:glass":3,"minecraft:cobblestone":8,"minecraft:tall_grass":1,"minecraft:sculk":3,"minecraft:iron_door":2,"minecraft:wall_torch":2,"alexscaves:galena_iron_ore":17,"minecraft:wheat":3,"minecraft:lilac":1,"minecraft:grass":5,"minecraft:coal_ore":20,"minecraft:oak_log":2,"minecraft:gravel":2,"minecraft:dirt":33,"minecraft:cobweb":2,"minecraft:stone_bricks":8,"minecraft:iron_trapdoor":1,"minecraft:oak_leaves":21,"alexscaves:scarlet_neodymium_pillar":24},"minecraft:dropped":{"minecraft:bread":10,"minecraft:wheat_seeds":65,"minecraft:lilac":1,"minecraft:feather":2,"minecraft:cobblestone":6,"minecraft:lantern":4,"minecraft:item_frame":16,"alexscaves:galena":51,"minecraft:dirt":18,"tombstone:grave_key":1,"tombstone:grave_dust":2,"minecraft:string":3,"minecraft:armor_stand":1,"minecraft:bone":6,"minecraft:gravel":2,"minecraft:stone_sword":1,"alexsmobs:animal_dictionary":1,"minecraft:raw_iron":1,"minecraft:rotten_flesh":48,"minecraft:oak_planks":2,"minecraft:carrot":22,"minecraft:stone_pressure_plate":1,"minecraft:stone_pickaxe":1}},"DataVersion":3465}