{"stats":{"minecraft:crafted":{"minecraft:oak_planks":48,"securitycraft:mine":6,"minecraft:cooked_mutton":13,"minecraft:bow":1,"minecraft:iron_boots":1,"sophisticatedbackpacks:backpack":2,"biomesoplenty:jacaranda_planks":20,"minecraft:cooked_porkchop":13,"minecraft:crafting_table":11,"minecraft:wooden_pickaxe":1,"minecraft:baked_potato":48,"minecraft:copper_ingot":1,"minecraft:birch_planks":24,"minecraft:iron_chestplate":1,"minecraft:shield":5,"minecraft:stick":72,"quark:oak_chest":2,"minecraft:iron_ingot":32,"minecraft:iron_pickaxe":5,"minecraft:stone_sword":1,"minecraft:redstone":54,"minecraft:furnace":4,"minecraft:bone_meal":126,"minecraft:iron_axe":1,"minecraft:stone_pickaxe":1,"biomesoplenty:magic_planks":128,"minecraft:dark_oak_planks":8,"sophisticatedbackpacks:iron_backpack":3,"minecraft:cooked_beef":7,"minecraft:diamond_sword":2,"minecraft:iron_sword":2,"minecraft:bucket":2,"securitycraft:cobblestone_mine":2,"minecraft:bread":80,"minecraft:iron_leggings":1,"minecraft:white_bed":3,"minecraft:torch":64},"minecraft:killed_by":{"minecraft:zombie":47,"alexscaves:teletor":1,"minecraft:player":1,"minecraft:skeleton":5},"minecraft:broken":{"minecraft:golden_helmet":1,"minecraft:diamond_helmet":1,"minecraft:iron_chestplate":1,"minecraft:iron_leggings":1,"minecraft:golden_leggings":1,"minecraft:iron_sword":4,"minecraft:shield":3,"minecraft:iron_pickaxe":4},"minecraft:used":{"minecraft:waxed_exposed_cut_copper":6,"minecraft:polished_deepslate":8,"minecraft:spruce_slab":3,"minecraft:shield":136,"minecraft:iron_sword":977,"simplefarming:cherries":1,"alexscaves:galena":13,"minecraft:rotten_flesh":2,"minecraft:iron_chestplate":1,"simplefarming:blueberries":2,"minecraft:carrot":453,"born_in_chaos_v1:soul_cutlass":10,"jeg:custom_smg":77,"minecraft:tuff":3,"simplefarming:raspberries":10,"born_in_chaos_v1:corpse_maggot":4,"born_in_chaos_v1:smoked_flesh":3,"minecraft:cyan_terracotta":2,"minecraft:stone_bricks":11,"biomesoplenty:jacaranda_sapling":1,"minecraft:bow":47,"minecraft:furnace":7,"minecraft:egg":2,"immersive_aircraft:biplane":8,"minecraft:potato":4,"minecraft:diorite":4,"minecraft:diamond_boots":2,"minecraft:stone_pickaxe":76,"minecraft:oak_planks":10,"minecraft:wooden_pickaxe":11,"minecraft:redstone_block":1,"minecraft:cookie":1,"minecraft:white_wool":9,"simplefarming:strawberries":10,"minecraft:golden_apple":3,"minecraft:glow_berries":8,"minecraft:note_block":1,"minecraft:dripstone_block":4,"biomesoplenty:jacaranda_planks":1,"simplyswords:iron_greathammer":225,"born_in_chaos_v1:monster_flesh":1,"minecraft:bread":51,"minecraft:lectern":11,"tombstone:grave_key":21,"minecraft:iron_door":2,"minecraft:gravel":2,"minecraft:fire_charge":1,"minecraft:diamond_sword":2167,"minecraft:coal_block":9,"minecraft:andesite":2,"minecraft:bone_meal":62,"minecraft:experience_bottle":1,"minecraft:cobweb":20,"simplyswords:iron_claymore":10,"minecraft:stone_sword":7,"minecraft:spruce_planks":17,"minecraft:cooked_chicken":1,"minecraft:torch":37,"minecraft:dirt":144,"minecraft:stone_stairs":3,"minecraft:iron_axe":171,"minecraft:iron_boots":1,"minecraft:barrel":1,"minecraft:golden_carrot":11,"tombstone:gift":2,"minecraft:cooked_beef":19,"minecraft:cobbled_deepslate":35,"minecraft:iron_leggings":1,"minecraft:knowledge_book":169,"minecraft:wheat_seeds":18,"minecraft:cooked_mutton":14,"biomesoplenty:jacaranda_door":2,"minecraft:water_bucket":6,"minecraft:birch_planks":23,"minecraft:polished_andesite":2,"minecraft:baked_potato":60,"minecraft:smooth_sandstone_slab":4,"simplefarming:pear":12,"securitycraft:cobblestone_mine":2,"minecraft:crafting_table":12,"simplefarming:blackberries":11,"minecraft:white_bed":9,"minecraft:oak_log":5,"minecraft:apple":1,"minecraft:waxed_exposed_cut_copper_stairs":2,"minecraft:iron_pickaxe":1078,"tombstone:magic_scroll":2,"minecraft:golden_leggings":1,"minecraft:cobblestone":12,"minecraft:potion":6,"minecraft:cooked_porkchop":7,"minecraft:bucket":7,"minecraft:pumpkin_pie":2,"minecraft:splash_potion":1},"minecraft:killed":{"zombie_more:cursed_zombie":10,"born_in_chaos_v1:restless_spirit":3,"minecraft:cave_spider":7,"zombie_more:tank_zombie":2,"born_in_chaos_v1:mr_pumpkin":19,"minecraft:witch":1,"born_in_chaos_v1:zombie_lumberjack":1,"born_in_chaos_v1:door_knight_not_despawn":2,"minecraft:spider":8,"undead_revamp2:thesmoker":1,"born_in_chaos_v1:siamese_skeletonsright":1,"born_in_chaos_v1:baby_skeleton_minion":7,"minecraft:skeleton":27,"minecraft:bee":2,"minecraft:chicken":4,"born_in_chaos_v1:skeleton_thrasher":1,"undead_revamp2:thepregnant":1,"undead_revamp2:thespitter":1,"zombie_more:boomer_zombie":1,"minecraft:pig":9,"undead_revamp2:thebeartamer":1,"minecraft:creeper":7,"minecraft:sheep":20,"born_in_chaos_v1:zombie_fisherman":1,"minecraft:pillager":2,"minecraft:zombie":173,"zombie_more:explosive_zombie":1,"alexsmobs:terrapin":3,"born_in_chaos_v1:corpse_fly":4,"minecraft:stray":4,"born_in_chaos_v1:door_knight":2,"born_in_chaos_v1:siamese_skeletonsleft":1,"minecraft:cow":21,"minecraft:vex":1,"alexsmobs:raccoon":1,"quark:toretoise":2,"born_in_chaos_v1:skeleton_thrasher_not_despawn":1,"undead_revamp2:bomber":1,"born_in_chaos_v1:zombie_bruiser":1,"born_in_chaos_v1:maggot":36,"born_in_chaos_v1:pumpkinhead":1,"alexsmobs:blue_jay":1,"born_in_chaos_v1:corpse_fish":4,"alexsmobs:bison":1,"minecraft:drowned":1,"undead_revamp2:sucker":1,"born_in_chaos_v1:mr_pumpkin_controlled":1,"born_in_chaos_v1:barrel_zombie":1,"born_in_chaos_v1:fallen_chaos_knight":1,"born_in_chaos_v1:felsteed":1,"born_in_chaos_v1:bone_imp_minion":1,"born_in_chaos_v1:baby_skeleton":5,"zombie_more:crawler_zombie":3,"undead_revamp2:the_moonflower":4,"born_in_chaos_v1:decrepit_skeleton":17,"born_in_chaos_v1:bonescaller_not_despawn":1,"alexsmobs:crow":1,"minecraft:villager":2},"minecraft:custom":{"minecraft:interact_with_crafting_table":75,"minecraft:open_barrel":197,"minecraft:leave_game":11,"minecraft:time_since_death":14181,"minecraft:sprint_one_cm":3326549,"minecraft:damage_blocked_by_shield":7725,"minecraft:drop":723,"minecraft:play_noteblock":3,"minecraft:talked_to_villager":25,"minecraft:play_time":1112591,"minecraft:deaths":127,"minecraft:jump":13325,"minecraft:interact_with_brewingstand":1,"minecraft:walk_on_water_one_cm":485592,"minecraft:interact_with_furnace":137,"minecraft:sleep_in_bed":10,"tombstone:sneak_grave":1,"minecraft:damage_dealt":86431,"minecraft:crouch_one_cm":98051,"tombstone:undead_killed":276,"tombstone:villager_killed":2,"minecraft:interact_with_smoker":3,"minecraft:interact_with_anvil":1,"minecraft:mob_kills":455,"minecraft:interact_with_campfire":15,"minecraft:damage_dealt_resisted":6440,"minecraft:climb_one_cm":272032,"minecraft:walk_one_cm":2568525,"minecraft:damage_dealt_absorbed":264,"minecraft:sneak_time":77078,"minecraft:walk_under_water_one_cm":224351,"minecraft:total_world_time":1112591,"tombstone:raider_killed":3,"minecraft:tune_noteblock":2,"minecraft:time_since_rest":13493,"minecraft:damage_taken":58379,"minecraft:damage_absorbed":60,"minecraft:trigger_trapped_chest":3,"minecraft:swim_one_cm":215676,"minecraft:fly_one_cm":2334400,"minecraft:open_chest":168,"minecraft:fall_one_cm":281754},"minecraft:picked_up":{"minecraft:wooden_axe":1,"minecraft:iron_chestplate":2,"minecraft:wheat":234,"minecraft:redstone_block":7,"minecraft:prismarine_shard":4,"minecraft:iron_trapdoor":2,"minecraft:flower_pot":2,"minecraft:diamond_sword":1,"minecraft:potion":1,"minecraft:knowledge_book":1,"minecraft:stone_brick_stairs":1,"tombstone:grave_key":2,"minecraft:brewing_stand":1,"minecraft:polished_deepslate_wall":6,"born_in_chaos_v1:holiday_candy":24,"minecraft:polished_deepslate":38,"minecraft:string":98,"minecraft:raw_copper":275,"minecraft:sticky_piston":2,"zombie_more:acid_drool":4,"minecraft:armor_stand":1,"biomesoplenty:tall_lavender":4,"minecraft:experience_bottle":1,"minecraft:smooth_stone":2,"minecraft:cobbled_deepslate":34,"minecraft:bucket":1,"minecraft:spruce_planks":52,"minecraft:waxed_exposed_cut_copper":6,"quark:cyan_shard":15,"minecraft:redstone_torch":1,"minecraft:calcite":7,"minecraft:iron_pickaxe":2,"minecraft:coal_block":58,"minecraft:furnace":4,"minecraft:golden_helmet":1,"minecraft:stick":44,"born_in_chaos_v1:shattered_skull":1,"jeg:pistol_ammo":87,"minecraft:torch":6,"minecraft:porkchop":17,"simplefarming:raspberries":23,"minecraft:pointed_dripstone":4,"tombstone:grave_dust":19,"minecraft:diorite":16,"minecraft:green_terracotta":1,"minecraft:brown_carpet":1,"minecraft:rotten_flesh":411,"minecraft:iron_block":3,"minecraft:cyan_terracotta":2,"minecraft:iron_bars":17,"minecraft:cobblestone":270,"biomesoplenty:lavender":110,"minecraft:birch_log":7,"born_in_chaos_v1:staffof_magic_arrows":3,"minecraft:lilac":4,"minecraft:feather":2,"minecraft:cooked_beef":21,"minecraft:iron_door":3,"born_in_chaos_v1:spiritual_dust":3,"minecraft:water_bucket":1,"minecraft:andesite":5,"minecraft:golden_leggings":1,"minecraft:potato":50,"minecraft:flint":6,"minecraft:tuff":6,"minecraft:smooth_sandstone_stairs":2,"jeg:scrap":16,"minecraft:dirt":233,"minecraft:lantern":4,"zombie_more:crawler_gut":1,"alexscaves:galena":63,"born_in_chaos_v1:marigolds":2,"born_in_chaos_v1:monster_skin":7,"minecraft:bone":94,"minecraft:bow":1,"minecraft:wheat_seeds":276,"simplefarming:blueberry_bush":2,"minecraft:diamond_helmet":1,"minecraft:powered_rail":1,"minecraft:oak_planks":55,"simplefarming:corn_seeds":2,"minecraft:cooked_porkchop":4,"minecraft:sand":1,"minecraft:ink_sac":2,"simplyswords:iron_greathammer":1,"minecraft:dark_oak_log":2,"minecraft:barrel":2,"minecraft:bundle":5,"minecraft:polished_andesite":2,"minecraft:diamond":3,"minecraft:black_concrete":5,"biomesoplenty:magic_planks":32,"jeg:custom_smg":2,"minecraft:granite":4,"simplefarming:cherries":7,"minecraft:spruce_sign":1,"minecraft:bread":2,"minecraft:golden_horse_armor":1,"minecraft:emerald":1,"born_in_chaos_v1:rotten_fish":1,"minecraft:oak_sapling":11,"sophisticatedbackpacks:gold_backpack":1,"minecraft:charcoal":152,"minecraft:crafting_table":5,"minecraft:chicken":7,"minecraft:ladder":4,"minecraft:nether_wart":63,"born_in_chaos_v1:seedof_chaos":1,"minecraft:chain":2,"minecraft:stone_stairs":3,"minecraft:moss_carpet":1,"immersive_aircraft:biplane":10,"minecraft:flint_and_steel":2,"minecraft:item_frame":31,"minecraft:quartz_slab":1,"minecraft:beef":46,"minecraft:iron_nugget":64,"minecraft:spruce_slab":3,"minecraft:lectern":13,"minecraft:quartz_stairs":2,"minecraft:chest":1,"minecraft:birch_sapling":2,"minecraft:piston":2,"minecraft:phantom_membrane":4,"minecraft:egg":3,"minecraft:raw_iron":31,"simplefarming:pear":12,"simplefarming:cantaloupe_seeds":1,"minecraft:copper_ingot":41,"zombie_more:cursed_heart":1,"minecraft:note_block":1,"sophisticatedbackpacks:backpack":1,"minecraft:fire_charge":1,"minecraft:stone_button":1,"minecraft:cookie":1,"minecraft:carrot":533,"minecraft:redstone":58,"minecraft:stone_pressure_plate":1,"minecraft:dark_oak_planks":3,"minecraft:smooth_sandstone_slab":43,"minecraft:tnt":2,"minecraft:arrow":66,"minecraft:diamond_chestplate":1,"biomesoplenty:jacaranda_log":43,"minecraft:pumpkin_pie":2,"simplefarming:strawberries":10,"minecraft:gold_ingot":16,"minecraft:glow_berries":4,"minecraft:mutton":30,"minecraft:white_wool":27,"minecraft:cracked_deepslate_tiles":2,"born_in_chaos_v1:fused_bone":4,"born_in_chaos_v1:corpse_maggot":21,"born_in_chaos_v1:monster_flesh":14,"minecraft:golden_carrot":6,"born_in_chaos_v1:pumpkin_staff":6,"minecraft:leather":27,"minecraft:birch_planks":4,"biomesoplenty:jacaranda_door":2,"simplyswords:iron_claymore":1,"simplefarming:rye_seeds":2,"minecraft:oak_log":21,"minecraft:golden_boots":1,"biomesoplenty:jacaranda_planks":12,"minecraft:gunpowder":44,"tombstone:gift":2,"minecraft:white_banner":1,"minecraft:cooked_mutton":1,"minecraft:smooth_sandstone":2,"born_in_chaos_v1:soul_cutlass":4,"minecraft:apple":1,"minecraft:stone_bricks":13,"minecraft:iron_ingot":49,"minecraft:stone_pickaxe":1,"minecraft:cooked_chicken":1,"minecraft:cobweb":4,"biomesoplenty:magic_log":32,"minecraft:glass_bottle":4,"minecraft:iron_sword":2,"jeg:tech_trash":1,"sophisticatedbackpacks:diamond_backpack":1,"minecraft:book":6,"minecraft:polished_andesite_stairs":2,"minecraft:smooth_basalt":5,"quark:white_shard":5,"born_in_chaos_v1:ethereal_spirit":1,"simplefarming:blueberries":4,"minecraft:dripstone_block":6,"minecraft:gravel":9,"born_in_chaos_v1:dark_rod":2,"minecraft:white_bed":11,"minecraft:waxed_exposed_cut_copper_stairs":4,"minecraft:spider_eye":3,"simplefarming:blackberries":14,"minecraft:pumpkin_seeds":20,"minecraft:slime_ball":67,"simplefarming:strawberry_bush":1,"minecraft:polished_diorite":2,"minecraft:gray_wool":1,"minecraft:baked_potato":31,"minecraft:melon_seeds":8,"minecraft:coal":162,"minecraft:ender_pearl":5},"minecraft:mined":{"minecraft:stone_pressure_plate":1,"minecraft:spruce_planks":19,"minecraft:white_bed":7,"minecraft:potted_crimson_fungus":1,"minecraft:potted_crimson_roots":1,"minecraft:sculk_vein":2,"alexscaves:azure_neodymium_pillar":1,"minecraft:brewing_stand":1,"minecraft:granite":22,"minecraft:cave_vines_plant":3,"minecraft:stone_brick_wall":2,"minecraft:grass_block":89,"biomesoplenty:flowering_oak_leaves":1,"minecraft:coal_block":27,"minecraft:deepslate_tile_stairs":1,"minecraft:spawner":32,"minecraft:smooth_stone":5,"minecraft:tall_seagrass":1,"biomesoplenty:tall_lavender":34,"minecraft:sculk_catalyst":1,"minecraft:fire":16,"minecraft:iron_ore":13,"minecraft:sticky_piston":1,"biomesoplenty:lavender":574,"alexscaves:scarlet_neodymium_node":3,"minecraft:pointed_dripstone":1,"minecraft:cave_vines":10,"minecraft:iron_bars":13,"minecraft:smooth_sandstone_stairs":1,"minecraft:iron_block":2,"minecraft:piston_head":1,"biomesoplenty:jacaranda_leaves":15,"minecraft:cyan_terracotta":1,"minecraft:clay":1,"minecraft:note_block":1,"minecraft:torch":2,"minecraft:chest":1,"alexscaves:energized_galena_scarlet":11,"minecraft:mushroom_stem":1,"minecraft:spruce_wall_sign":1,"minecraft:glass":3,"minecraft:cobblestone":34,"minecraft:oak_planks":6,"minecraft:iron_door":3,"minecraft:smooth_sandstone_slab":27,"minecraft:wall_torch":3,"minecraft:chain":2,"minecraft:seagrass":2,"minecraft:white_terracotta":1,"minecraft:stone_stairs":3,"biomesoplenty:magic_leaves":1,"minecraft:powered_rail":1,"minecraft:birch_log":4,"minecraft:wheat":4,"horror_element_mod:spiked_villager":1,"minecraft:lilac":8,"minecraft:wither_rose":1,"minecraft:grass":452,"minecraft:oak_log":16,"minecraft:dirt":122,"minecraft:waxed_exposed_cut_copper_stairs":4,"minecraft:polished_deepslate_wall":6,"minecraft:oak_leaves":95,"minecraft:deepslate":38,"biomesoplenty:reed":1,"minecraft:tuff":4,"minecraft:dark_oak_log":2,"minecraft:cyan_stained_glass":1,"minecraft:mangrove_roots":2,"minecraft:sea_lantern":3,"minecraft:ladder":5,"biomesoplenty:bush":21,"minecraft:allium":1,"minecraft:white_stained_glass":3,"alexscaves:galena":60,"minecraft:large_fern":1,"farmersdelight:wild_onions":2,"biomesoplenty:jacaranda_log":43,"minecraft:furnace":2,"alexscaves:energized_galena_azure":9,"minecraft:andesite":16,"minecraft:black_concrete":1,"biomesoplenty:magic_log":32,"minecraft:polished_deepslate":19,"minecraft:bookshelf":10,"biomesoplenty:high_grass":11,"minecraft:deepslate_iron_ore":1,"minecraft:stone":238,"simplefarming:strawberry_bush":5,"simplefarming:blueberry_bush":2,"minecraft:redstone_block":7,"jeg:scrap_ore":7,"minecraft:brown_carpet":1,"minecraft:basalt":2,"minecraft:smooth_sandstone":15,"minecraft:crafting_table":3,"minecraft:lectern":12,"minecraft:campfire":12,"biomesoplenty:high_grass_plant":33,"minecraft:tall_grass":48,"minecraft:copper_ore":70,"biomesoplenty:sprout":7,"minecraft:sculk":49,"minecraft:diorite":32,"minecraft:birch_planks":4,"alexscaves:galena_iron_ore":17,"biomesoplenty:pink_daffodil":1,"minecraft:birch_leaves":7,"minecraft:bee_nest":1,"minecraft:coal_ore":22,"minecraft:gravel":11,"minecraft:dripstone_block":5,"minecraft:cobweb":29,"minecraft:cracked_stone_bricks":1,"minecraft:stone_bricks":24,"minecraft:polished_andesite":7,"minecraft:waxed_exposed_cut_copper":7,"minecraft:iron_trapdoor":3,"alexscaves:scarlet_neodymium_pillar":24},"minecraft:dropped":{"minecraft:piston":2,"immersive_aircraft:biplane":1,"minecraft:cooked_beef":9,"minecraft:baked_potato":19,"minecraft:diamond":6,"minecraft:ender_pearl":2,"minecraft:glass_bottle":6,"minecraft:crafting_table":1,"minecraft:cooked_porkchop":10,"biomesoplenty:magic_planks":96,"minecraft:lantern":4,"minecraft:leather":11,"minecraft:item_frame":18,"born_in_chaos_v1:monster_flesh":13,"alexscaves:galena":51,"minecraft:dirt":110,"simplefarming:rye_seeds":2,"minecraft:stone_button":1,"minecraft:mutton":1,"minecraft:cracked_deepslate_tiles":2,"minecraft:phantom_membrane":4,"simplefarming:blackberries":3,"minecraft:iron_pickaxe":1,"minecraft:black_concrete":5,"minecraft:dark_oak_planks":8,"minecraft:birch_log":3,"minecraft:white_wool":4,"minecraft:gold_ingot":32,"minecraft:armor_stand":1,"minecraft:bone":25,"minecraft:gravel":3,"minecraft:iron_nugget":4,"alexsmobs:animal_dictionary":1,"minecraft:cobbled_deepslate":1,"simplefarming:cherries":6,"minecraft:wheat":2,"minecraft:birch_sapling":2,"minecraft:smooth_sandstone_stairs":2,"tombstone:gift":3,"minecraft:pointed_dripstone":4,"minecraft:rotten_flesh":261,"born_in_chaos_v1:smoked_flesh":1,"minecraft:oak_planks":40,"minecraft:white_bed":5,"minecraft:carrot":194,"sophisticatedbackpacks:diamond_backpack":1,"minecraft:gunpowder":13,"minecraft:melon_seeds":8,"minecraft:chest":1,"minecraft:charcoal":64,"minecraft:ladder":2,"zombie_more:acid_drool":1,"born_in_chaos_v1:corpse_maggot":9,"minecraft:stone_brick_stairs":1,"biomesoplenty:tall_lavender":2,"minecraft:iron_ingot":103,"minecraft:golden_boots":1,"minecraft:bread":31,"minecraft:wheat_seeds":66,"minecraft:lilac":1,"minecraft:dripstone_block":2,"minecraft:feather":2,"minecraft:knowledge_book":1,"minecraft:prismarine_crystals":3,"minecraft:cobblestone":87,"minecraft:copper_ingot":43,"born_in_chaos_v1:soul_cutlass":3,"minecraft:stick":22,"biomesoplenty:jacaranda_log":38,"minecraft:cobweb":4,"minecraft:iron_block":1,"jeg:custom_smg":1,"born_in_chaos_v1:pumpkin_staff":5,"minecraft:diorite":11,"minecraft:golden_carrot":4,"minecraft:ink_sac":1,"minecraft:torch":1,"tombstone:grave_key":8,"minecraft:wooden_axe":1,"born_in_chaos_v1:fused_bone":2,"minecraft:iron_door":1,"minecraft:fire_charge":2,"tombstone:grave_dust":4,"minecraft:smooth_sandstone_slab":27,"minecraft:polished_andesite_stairs":1,"born_in_chaos_v1:staffof_magic_arrows":2,"minecraft:smooth_stone":2,"minecraft:string":44,"minecraft:smooth_sandstone":2,"minecraft:polished_deepslate_wall":6,"minecraft:bucket":1,"minecraft:smooth_basalt":5,"minecraft:polished_deepslate":18,"minecraft:redstone":81,"minecraft:polished_diorite":2,"minecraft:furnace":1,"minecraft:green_terracotta":1,"minecraft:stone_sword":1,"minecraft:raw_copper":15,"minecraft:tuff":3,"minecraft:raw_iron":1,"simplefarming:raspberries":13,"minecraft:flint_and_steel":2,"minecraft:shield":1,"minecraft:flower_pot":1,"minecraft:diamond_chestplate":1,"minecraft:bundle":1,"minecraft:spruce_planks":3,"minecraft:iron_chestplate":1,"minecraft:andesite":3,"minecraft:quartz_stairs":1,"minecraft:oak_sapling":5,"quark:cyan_shard":15,"minecraft:stone_pressure_plate":1,"minecraft:barrel":1,"minecraft:spider_eye":2,"minecraft:bow":1,"minecraft:stone_pickaxe":1,"minecraft:calcite":7,"jeg:pistol_ammo":10,"simplyswords:iron_claymore":1}},"DataVersion":3465}