{"stats":{"minecraft:crafted":{"minecraft:cooked_beef":2,"minecraft:oak_planks":8,"biomesoplenty:jacaranda_planks":20,"minecraft:wooden_pickaxe":1,"minecraft:baked_potato":9,"minecraft:bucket":1,"minecraft:bread":36,"minecraft:bow":1,"minecraft:iron_chestplate":1,"minecraft:shield":1,"minecraft:stick":28,"minecraft:iron_ingot":11,"minecraft:stone_pickaxe":1,"minecraft:iron_pickaxe":1,"minecraft:stone_sword":1,"minecraft:torch":36},"minecraft:killed_by":{"minecraft:zombie":2,"alexscaves:teletor":1},"minecraft:used":{"minecraft:knowledge_book":37,"minecraft:wheat_seeds":18,"biomesoplenty:jacaranda_door":2,"minecraft:water_bucket":4,"minecraft:stone_sword":7,"minecraft:stone_pickaxe":76,"minecraft:baked_potato":22,"minecraft:wooden_pickaxe":11,"minecraft:shield":18,"simplefarming:strawberries":4,"alexscaves:galena":11,"minecraft:iron_sword":73,"minecraft:torch":15,"simplefarming:pear":3,"minecraft:rotten_flesh":2,"minecraft:iron_chestplate":1,"minecraft:dirt":54,"minecraft:carrot":39,"minecraft:white_bed":2,"born_in_chaos_v1:corpse_maggot":2,"minecraft:bread":26,"minecraft:iron_pickaxe":121,"minecraft:golden_leggings":1,"biomesoplenty:jacaranda_sapling":1,"minecraft:coal_block":3,"minecraft:cobblestone":7,"minecraft:bow":28,"minecraft:pumpkin_pie":2,"minecraft:bucket":4,"minecraft:cooked_beef":2,"minecraft:egg":2,"minecraft:potato":4,"minecraft:experience_bottle":1},"minecraft:killed":{"zombie_more:cursed_zombie":1,"born_in_chaos_v1:baby_skeleton_minion":1,"minecraft:sheep":2,"minecraft:skeleton":4,"minecraft:pillager":1,"minecraft:chicken":4,"born_in_chaos_v1:corpse_fly":2,"minecraft:cow":1},"minecraft:custom":{"minecraft:interact_with_furnace":28,"minecraft:mob_kills":16,"tombstone:raider_killed":1,"minecraft:interact_with_crafting_table":20,"minecraft:open_barrel":7,"minecraft:interact_with_campfire":15,"minecraft:leave_game":4,"minecraft:time_since_death":6793,"minecraft:sleep_in_bed":1,"minecraft:climb_one_cm":4823,"minecraft:time_since_rest":6210,"minecraft:sprint_one_cm":317499,"minecraft:damage_taken":8038,"minecraft:walk_one_cm":542996,"minecraft:damage_blocked_by_shield":810,"minecraft:drop":111,"minecraft:damage_dealt":2535,"minecraft:swim_one_cm":20914,"minecraft:fly_one_cm":375606,"minecraft:open_chest":47,"minecraft:crouch_one_cm":17548,"minecraft:play_time":190238,"tombstone:undead_killed":6,"minecraft:deaths":15,"minecraft:sneak_time":8105,"minecraft:walk_under_water_one_cm":84466,"minecraft:jump":3038,"minecraft:walk_on_water_one_cm":67666,"minecraft:total_world_time":190238,"minecraft:fall_one_cm":56697},"minecraft:picked_up":{"born_in_chaos_v1:corpse_maggot":2,"minecraft:charcoal":24,"minecraft:wheat":114,"minecraft:feather":2,"minecraft:lilac":1,"minecraft:chicken":7,"minecraft:leather":1,"minecraft:golden_leggings":1,"minecraft:potato":24,"biomesoplenty:jacaranda_door":2,"minecraft:oak_log":2,"minecraft:brewing_stand":1,"minecraft:gunpowder":3,"alexscaves:galena":60,"minecraft:string":10,"minecraft:dirt":50,"minecraft:white_banner":1,"minecraft:lantern":4,"minecraft:item_frame":29,"minecraft:armor_stand":1,"minecraft:bone":11,"minecraft:experience_bottle":1,"minecraft:wheat_seeds":138,"minecraft:stone_pickaxe":1,"minecraft:beef":2,"minecraft:iron_pickaxe":1,"minecraft:coal_block":16,"minecraft:iron_sword":1,"minecraft:egg":2,"minecraft:golden_helmet":1,"minecraft:raw_iron":3,"simplefarming:pear":3,"minecraft:copper_ingot":2,"minecraft:torch":2,"minecraft:gravel":2,"tombstone:grave_dust":2,"minecraft:carrot":37,"minecraft:white_bed":2,"minecraft:stone_pressure_plate":1,"minecraft:arrow":31,"minecraft:rotten_flesh":29,"biomesoplenty:jacaranda_log":5,"minecraft:pumpkin_pie":2,"simplefarming:strawberries":4,"minecraft:iron_block":1,"minecraft:emerald":1,"minecraft:baked_potato":18,"minecraft:oak_sapling":1,"minecraft:coal":18,"minecraft:cobblestone":23},"minecraft:dropped":{"minecraft:wheat_seeds":65,"minecraft:stone_sword":1,"minecraft:lilac":1,"alexsmobs:animal_dictionary":1,"minecraft:raw_iron":1,"minecraft:feather":2,"minecraft:cobblestone":6,"minecraft:rotten_flesh":48,"minecraft:lantern":4,"minecraft:oak_planks":2,"minecraft:carrot":22,"minecraft:item_frame":16,"minecraft:dirt":18,"tombstone:grave_key":1,"tombstone:grave_dust":2,"minecraft:stone_pressure_plate":1,"minecraft:stone_pickaxe":1,"minecraft:string":3,"minecraft:bone":6,"minecraft:armor_stand":1,"minecraft:bread":10},"minecraft:mined":{"biomesoplenty:jacaranda_leaves":3,"minecraft:stone_pressure_plate":1,"minecraft:white_bed":1,"alexscaves:azure_neodymium_pillar":1,"minecraft:brewing_stand":1,"biomesoplenty:bush":1,"minecraft:grass_block":14,"alexscaves:energized_galena_scarlet":11,"minecraft:campfire":12,"minecraft:coal_block":16,"minecraft:tall_grass":1,"minecraft:cobblestone":8,"minecraft:wall_torch":2,"alexscaves:galena":54,"biomesoplenty:jacaranda_log":5,"alexscaves:galena_iron_ore":17,"alexscaves:energized_galena_azure":9,"minecraft:wheat":3,"minecraft:lilac":1,"alexscaves:scarlet_neodymium_node":3,"minecraft:grass":4,"minecraft:oak_log":2,"minecraft:coal_ore":20,"minecraft:gravel":2,"minecraft:dirt":30,"minecraft:cobweb":2,"simplefarming:strawberry_bush":4,"minecraft:stone_bricks":6,"minecraft:stone":13,"minecraft:iron_block":1,"alexscaves:scarlet_neodymium_pillar":24,"minecraft:oak_leaves":19}},"DataVersion":3465}