{"stats":{"minecraft:custom":{"minecraft:mob_kills":84,"minecraft:interact_with_crafting_table":80,"minecraft:open_barrel":11,"minecraft:damage_dealt_resisted":1166,"minecraft:leave_game":2,"minecraft:time_since_death":45561,"minecraft:climb_one_cm":3106,"minecraft:damage_resisted":27,"minecraft:sprint_one_cm":917455,"minecraft:walk_one_cm":1204795,"minecraft:damage_blocked_by_shield":2294,"minecraft:drop":59,"minecraft:deaths":28,"minecraft:play_time":291987,"minecraft:sneak_time":16374,"minecraft:walk_under_water_one_cm":24172,"minecraft:jump":3233,"minecraft:walk_on_water_one_cm":35642,"minecraft:total_world_time":291987,"minecraft:interact_with_furnace":126,"tombstone:raider_killed":2,"minecraft:sleep_in_bed":6,"minecraft:time_since_rest":3838,"minecraft:damage_taken":12140,"minecraft:damage_absorbed":80,"minecraft:damage_dealt":17726,"minecraft:swim_one_cm":24473,"minecraft:fly_one_cm":488488,"minecraft:open_chest":142,"minecraft:crouch_one_cm":57762,"tombstone:undead_killed":47,"minecraft:interact_with_smoker":2,"minecraft:fall_one_cm":61651},"minecraft:killed":{"zombie_more:cursed_zombie":1,"minecraft:cave_spider":4,"undead_revamp2:thehunter":1,"born_in_chaos_v1:restless_spirit":1,"minecraft:spider":2,"born_in_chaos_v1:siamese_skeletonsright":1,"undead_revamp2:theswarmer":1,"minecraft:phantom":5,"born_in_chaos_v1:maggot":8,"minecraft:skeleton":7,"born_in_chaos_v1:skeleton_thrasher":1,"undead_revamp2:thebidy":2,"undead_revamp2:therod":3,"alexsmobs:bison":1,"born_in_chaos_v1:corpse_fish":2,"undead_revamp2:sucker":2,"zombie_more:boomer_zombie":1,"zombie_more:crawler_zombie":2,"undead_revamp2:the_moonflower":2,"minecraft:creeper":2,"born_in_chaos_v1:decrepit_skeleton":2,"undead_revamp2:thebidyupside":1,"minecraft:pillager":2,"undead_revamp2:thesomnolence":1,"minecraft:zombie":18,"born_in_chaos_v1:corpse_fly":4,"born_in_chaos_v1:door_knight":2,"born_in_chaos_v1:siamese_skeletonsleft":1},"minecraft:crafted":{"minecraft:oak_door":3,"minecraft:oak_planks":56,"minecraft:stone_shovel":2,"minecraft:iron_nugget":9,"minecraft:furnace":4,"minecraft:stone_button":8,"minecraft:stone":8,"simplyswords:iron_warglaive":1,"minecraft:heavy_weighted_pressure_plate":1,"minecraft:flint_and_steel":1,"minecraft:iron_boots":1,"minecraft:bow":1,"minecraft:iron_axe":1,"minecraft:stone_pickaxe":9,"biomesoplenty:jacaranda_door":3,"minecraft:stone_hoe":1,"minecraft:cooked_beef":11,"sophisticatedbackpacks:backpack":1,"biomesoplenty:jacaranda_planks":352,"minecraft:crafting_table":3,"minecraft:baked_potato":5,"minecraft:wooden_pickaxe":1,"minecraft:iron_helmet":2,"minecraft:iron_sword":1,"minecraft:copper_ingot":70,"minecraft:bucket":1,"minecraft:stone_axe":2,"minecraft:air":0,"minecraft:iron_chestplate":2,"minecraft:shield":2,"quark:oak_chest":3,"minecraft:stick":48,"minecraft:iron_ingot":111,"minecraft:iron_pickaxe":1,"minecraft:iron_leggings":2,"minecraft:white_bed":1,"minecraft:torch":36,"minecraft:shears":1},"minecraft:used":{"minecraft:flint_and_steel":6,"minecraft:stone_shovel":91,"simplyswords:iron_warglaive":216,"minecraft:shield":31,"minecraft:iron_sword":154,"minecraft:cooked_chicken":2,"minecraft:stone_hoe":131,"minecraft:oak_door":2,"minecraft:torch":90,"minecraft:dirt":94,"simplefarming:raspberries":5,"minecraft:carrot":15,"simplefarming:blueberries":2,"minecraft:granite":2,"born_in_chaos_v1:corpse_maggot":7,"minecraft:lava_bucket":1,"minecraft:iron_axe":100,"minecraft:iron_helmet":1,"biomesoplenty:jacaranda_sapling":3,"minecraft:bow":11,"minecraft:furnace":10,"minecraft:oak_sapling":1,"tombstone:gift":3,"minecraft:cooked_beef":11,"minecraft:potato":13,"minecraft:knowledge_book":52,"minecraft:cooked_mutton":4,"minecraft:wheat_seeds":4,"biomesoplenty:jacaranda_door":3,"minecraft:water_bucket":13,"minecraft:diorite":2,"farmersdelight:skillet":3,"minecraft:stone_pickaxe":1108,"minecraft:baked_potato":16,"minecraft:oak_planks":30,"minecraft:wooden_pickaxe":3,"biomesoplenty:flowering_oak_sapling":2,"minecraft:sugar_cane":3,"simplefarming:strawberries":4,"minecraft:golden_apple":2,"minecraft:glow_berries":16,"minecraft:crafting_table":8,"minecraft:white_bed":4,"minecraft:shears":7,"biomesoplenty:jacaranda_planks":532,"minecraft:apple":5,"minecraft:bread":23,"minecraft:iron_pickaxe":191,"minecraft:stone_axe":256,"minecraft:cobblestone":116,"born_in_chaos_v1:rotten_fish":1,"minecraft:bucket":14,"minecraft:cooked_rabbit":2,"minecraft:andesite":7,"minecraft:chain":1,"quark:oak_chest":4,"biomesoplenty:jacaranda_leaves":5},"minecraft:mined":{"minecraft:white_bed":4,"minecraft:granite":1,"biomesoplenty:bush":10,"minecraft:grass_block":30,"biomesoplenty:flowering_oak_leaves":11,"minecraft:spawner":1,"biomesoplenty:jacaranda_log":119,"minecraft:furnace":7,"minecraft:iron_ore":107,"minecraft:fire":3,"minecraft:andesite":5,"biomesoplenty:high_grass":49,"biomesoplenty:webbing":6,"biomesoplenty:jacaranda_door":1,"minecraft:stone":966,"biomesoplenty:spider_egg":1,"biomesoplenty:jacaranda_leaves":44,"jeg:scrap_ore":54,"quark:oak_chest":2,"biomesoplenty:jacaranda_planks":119,"minecraft:crafting_table":7,"minecraft:torch":7,"biomesoplenty:high_grass_plant":146,"minecraft:copper_ore":27,"minecraft:tall_grass":6,"minecraft:cobblestone":6,"minecraft:oak_planks":32,"minecraft:sugar_cane":1,"minecraft:diorite":6,"minecraft:wall_torch":14,"minecraft:grass":147,"minecraft:oak_log":14,"minecraft:coal_ore":89,"minecraft:gravel":86,"minecraft:dirt":92,"biomesoplenty:stringy_cobweb":1,"minecraft:cobweb":43,"minecraft:stone_bricks":7,"minecraft:oak_leaves":31},"minecraft:dropped":{"minecraft:iron_ingot":1,"minecraft:wheat_seeds":14,"minecraft:oak_fence":2,"simplefarming:radish_seeds":3,"minecraft:cobblestone":90,"minecraft:glow_berries":2,"minecraft:leather":4,"minecraft:apple":2,"biomesoplenty:jacaranda_planks":26,"minecraft:stick":11,"biomesoplenty:jacaranda_log":2,"minecraft:rail":1,"minecraft:coal":8,"minecraft:dirt":16,"born_in_chaos_v1:fused_bone":4,"tombstone:grave_dust":3,"minecraft:oak_door":2,"minecraft:bone":1,"minecraft:gravel":64,"minecraft:cooked_chicken":2,"minecraft:iron_nugget":3,"minecraft:stone_shovel":1,"born_in_chaos_v1:ethereal_spirit":1,"minecraft:rotten_flesh":26,"minecraft:oak_planks":1,"minecraft:iron_boots":2,"minecraft:white_bed":1,"minecraft:cobblestone_slab":6,"minecraft:andesite":1,"born_in_chaos_v1:corpse_maggot":1,"minecraft:oak_sapling":1,"minecraft:wooden_pickaxe":1,"simplefarming:barley_seeds":1,"minecraft:stone_pickaxe":1,"simplyswords:iron_warglaive":1},"minecraft:picked_up":{"minecraft:crafting_table":7,"minecraft:wheat":15,"minecraft:ladder":1,"minecraft:cooked_rabbit":2,"biomesoplenty:jacaranda_sapling":3,"minecraft:chain":1,"tombstone:grave_key":1,"minecraft:string":50,"minecraft:raw_copper":84,"zombie_more:acid_drool":1,"minecraft:beef":15,"minecraft:cobblestone_slab":12,"minecraft:iron_nugget":8,"minecraft:phantom_membrane":1,"minecraft:sugar_cane":3,"simplefarming:barley_seeds":1,"minecraft:iron_boots":1,"minecraft:furnace":7,"minecraft:stick":10,"minecraft:raw_iron":107,"minecraft:oak_door":1,"minecraft:copper_ingot":14,"minecraft:oak_fence":2,"minecraft:torch":27,"simplefarming:raspberries":6,"tombstone:grave_dust":4,"minecraft:diorite":2,"minecraft:carrot":15,"minecraft:arrow":5,"minecraft:rotten_flesh":52,"biomesoplenty:jacaranda_log":113,"simplefarming:strawberries":4,"minecraft:glow_berries":2,"minecraft:white_wool":8,"minecraft:rail":1,"minecraft:cobblestone":1377,"born_in_chaos_v1:fused_bone":4,"born_in_chaos_v1:corpse_maggot":8,"minecraft:andesite":8,"minecraft:leather":2,"biomesoplenty:jacaranda_door":2,"minecraft:potato":18,"minecraft:flint":24,"minecraft:oak_log":14,"undead_revamp2:huntereye":1,"jeg:scrap":108,"biomesoplenty:jacaranda_planks":248,"minecraft:gunpowder":8,"minecraft:dirt":159,"zombie_more:crawler_gut":2,"minecraft:cooked_mutton":4,"minecraft:bone":16,"minecraft:apple":2,"minecraft:stone_bricks":1,"minecraft:wheat_seeds":21,"simplyswords:iron_warglaive":1,"minecraft:iron_ingot":5,"minecraft:cooked_chicken":4,"simplefarming:pear_sapling":1,"jeg:tech_trash":10,"minecraft:oak_planks":49,"simplefarming:radish_seeds":3,"born_in_chaos_v1:ethereal_spirit":1,"simplefarming:blueberries":5,"minecraft:gravel":153,"minecraft:white_bed":4,"biomesoplenty:jacaranda_leaves":5,"quark:oak_chest":2,"alexsmobs:animal_dictionary":1,"biomesoplenty:flowering_oak_sapling":2,"minecraft:bundle":1,"minecraft:slime_ball":6,"minecraft:granite":2,"minecraft:oak_sapling":6,"minecraft:baked_potato":14,"pfm:furniture_book":1,"tombstone:magic_scroll":1,"born_in_chaos_v1:rotten_fish":1,"minecraft:coal":138},"minecraft:killed_by":{"minecraft:player":1,"minecraft:cave_spider":1,"minecraft:skeleton":2,"minecraft:zombie":2},"minecraft:broken":{"minecraft:iron_boots":1,"minecraft:iron_leggings":1,"minecraft:stone_hoe":1,"minecraft:stone_pickaxe":8,"minecraft:shield":1,"minecraft:stone_axe":2,"minecraft:iron_helmet":1}},"DataVersion":3465}