{"stats":{"minecraft:dropped":{"minecraft:wooden_pickaxe":2},"minecraft:picked_up":{"minecraft:crafting_table":1,"minecraft:oak_log":5,"minecraft:dirt":10,"minecraft:cobblestone":27,"minecraft:raw_iron":10},"minecraft:custom":{"minecraft:time_since_rest":3530,"minecraft:deaths":1,"minecraft:crouch_one_cm":1196,"minecraft:play_time":8518,"minecraft:sprint_one_cm":25478,"minecraft:damage_taken":560,"minecraft:walk_one_cm":28748,"minecraft:sneak_time":657,"minecraft:drop":2,"minecraft:jump":199,"minecraft:damage_dealt":19,"minecraft:time_since_death":4812,"minecraft:climb_one_cm":1888,"minecraft:total_world_time":8518,"minecraft:interact_with_crafting_table":4,"minecraft:fall_one_cm":3164,"minecraft:fly_one_cm":36230},"minecraft:used":{"minecraft:knowledge_book":2,"minecraft:stone_axe":1,"minecraft:crafting_table":2,"minecraft:stone_pickaxe":33,"minecraft:wooden_pickaxe":5},"minecraft:crafted":{"minecraft:stone_sword":1,"minecraft:oak_planks":20,"minecraft:stone_axe":1,"minecraft:crafting_table":2,"minecraft:stick":12,"minecraft:stone_pickaxe":1,"minecraft:wooden_pickaxe":2},"minecraft:mined":{"biomesoplenty:bush":1,"minecraft:grass_block":4,"minecraft:oak_log":6,"minecraft:dirt":6,"minecraft:iron_ore":10,"minecraft:stone":27,"minecraft:crafting_table":1,"minecraft:oak_leaves":3}},"DataVersion":3465}