{"stats":{"minecraft:picked_up":{"minecraft:crafting_table":3,"minecraft:wheat":3,"minecraft:ladder":1,"minecraft:cooked_rabbit":2,"biomesoplenty:jacaranda_sapling":3,"tombstone:grave_key":1,"minecraft:cobblestone_slab":12,"minecraft:iron_nugget":2,"simplefarming:barley_seeds":1,"minecraft:phantom_membrane":1,"minecraft:iron_boots":1,"minecraft:furnace":5,"minecraft:stick":10,"minecraft:raw_iron":34,"minecraft:oak_door":1,"minecraft:copper_ingot":3,"minecraft:torch":18,"tombstone:grave_dust":1,"minecraft:carrot":2,"minecraft:rotten_flesh":14,"biomesoplenty:jacaranda_log":113,"simplefarming:strawberries":4,"minecraft:cobblestone":1340,"born_in_chaos_v1:fused_bone":4,"born_in_chaos_v1:corpse_maggot":4,"minecraft:flint":24,"minecraft:oak_log":14,"undead_revamp2:huntereye":1,"jeg:scrap":16,"biomesoplenty:jacaranda_planks":247,"minecraft:gunpowder":1,"minecraft:dirt":108,"zombie_more:crawler_gut":1,"minecraft:cooked_mutton":4,"minecraft:bone":6,"minecraft:apple":2,"minecraft:stone_bricks":1,"minecraft:wheat_seeds":5,"minecraft:cooked_chicken":4,"jeg:tech_trash":2,"minecraft:oak_planks":34,"simplefarming:radish_seeds":1,"born_in_chaos_v1:ethereal_spirit":1,"minecraft:gravel":153,"minecraft:white_bed":2,"biomesoplenty:jacaranda_leaves":5,"quark:oak_chest":2,"alexsmobs:animal_dictionary":1,"biomesoplenty:flowering_oak_sapling":2,"minecraft:bundle":1,"pfm:furniture_book":1,"minecraft:baked_potato":14,"tombstone:magic_scroll":1,"minecraft:oak_sapling":5,"minecraft:coal":72},"minecraft:custom":{"minecraft:mob_kills":25,"minecraft:interact_with_crafting_table":50,"minecraft:open_barrel":9,"minecraft:damage_dealt_resisted":383,"minecraft:leave_game":1,"minecraft:time_since_death":502,"minecraft:climb_one_cm":2774,"minecraft:damage_resisted":27,"minecraft:sprint_one_cm":285985,"minecraft:walk_one_cm":673311,"minecraft:damage_blocked_by_shield":621,"minecraft:drop":35,"minecraft:play_time":147325,"minecraft:deaths":11,"minecraft:sneak_time":8601,"minecraft:walk_under_water_one_cm":975,"minecraft:jump":1445,"minecraft:walk_on_water_one_cm":506,"minecraft:total_world_time":147325,"minecraft:interact_with_furnace":48,"minecraft:sleep_in_bed":3,"minecraft:time_since_rest":176,"minecraft:damage_taken":4490,"minecraft:damage_dealt":3742,"minecraft:fly_one_cm":213599,"minecraft:open_chest":102,"minecraft:crouch_one_cm":29087,"tombstone:undead_killed":14,"minecraft:interact_with_smoker":2,"minecraft:fall_one_cm":36293},"minecraft:killed":{"undead_revamp2:thehunter":1,"born_in_chaos_v1:siamese_skeletonsright":1,"minecraft:phantom":1,"born_in_chaos_v1:maggot":4,"minecraft:skeleton":1,"undead_revamp2:sucker":2,"zombie_more:crawler_zombie":1,"undead_revamp2:the_moonflower":1,"minecraft:creeper":2,"born_in_chaos_v1:decrepit_skeleton":1,"minecraft:zombie":3,"born_in_chaos_v1:corpse_fly":3,"born_in_chaos_v1:door_knight":2,"born_in_chaos_v1:siamese_skeletonsleft":1},"minecraft:dropped":{"minecraft:iron_ingot":1,"minecraft:wheat_seeds":2,"minecraft:cobblestone":80,"biomesoplenty:jacaranda_planks":26,"minecraft:coal":8,"biomesoplenty:jacaranda_log":2,"minecraft:dirt":16,"born_in_chaos_v1:fused_bone":4,"minecraft:bone":1,"minecraft:oak_door":2,"minecraft:gravel":64,"minecraft:cooked_chicken":2,"born_in_chaos_v1:ethereal_spirit":1,"minecraft:stone_shovel":1,"minecraft:iron_boots":2,"minecraft:cobblestone_slab":6,"born_in_chaos_v1:corpse_maggot":1,"simplefarming:barley_seeds":1,"minecraft:wooden_pickaxe":1},"minecraft:broken":{"minecraft:stone_hoe":1,"minecraft:stone_pickaxe":8,"minecraft:stone_axe":2},"minecraft:crafted":{"minecraft:oak_door":3,"minecraft:oak_planks":56,"minecraft:stone_shovel":2,"minecraft:iron_nugget":9,"minecraft:furnace":3,"simplyswords:iron_warglaive":1,"minecraft:flint_and_steel":1,"minecraft:iron_axe":1,"minecraft:stone_pickaxe":9,"minecraft:stone_hoe":1,"biomesoplenty:jacaranda_planks":340,"minecraft:crafting_table":2,"minecraft:iron_helmet":1,"minecraft:wooden_pickaxe":1,"minecraft:iron_sword":1,"minecraft:bucket":1,"minecraft:stone_axe":2,"minecraft:air":0,"minecraft:iron_chestplate":1,"minecraft:shield":1,"quark:oak_chest":2,"minecraft:stick":48,"minecraft:iron_ingot":32,"minecraft:iron_leggings":1,"minecraft:torch":36,"minecraft:shears":1},"minecraft:mined":{"minecraft:white_bed":2,"biomesoplenty:bush":6,"minecraft:grass_block":20,"biomesoplenty:flowering_oak_leaves":11,"biomesoplenty:jacaranda_log":119,"minecraft:furnace":5,"minecraft:iron_ore":35,"minecraft:fire":3,"minecraft:stone":936,"biomesoplenty:jacaranda_leaves":44,"jeg:scrap_ore":8,"quark:oak_chest":2,"biomesoplenty:jacaranda_planks":118,"minecraft:crafting_table":3,"minecraft:torch":2,"minecraft:tall_grass":1,"minecraft:oak_planks":17,"minecraft:wall_torch":11,"minecraft:grass":25,"minecraft:oak_log":14,"minecraft:coal_ore":36,"minecraft:dirt":65,"minecraft:gravel":86,"biomesoplenty:stringy_cobweb":1,"minecraft:stone_bricks":7,"minecraft:oak_leaves":30},"minecraft:used":{"minecraft:flint_and_steel":6,"minecraft:stone_shovel":91,"simplyswords:iron_warglaive":33,"minecraft:shield":7,"minecraft:iron_sword":24,"minecraft:stone_hoe":131,"minecraft:cooked_chicken":2,"minecraft:oak_door":2,"minecraft:torch":38,"minecraft:dirt":53,"minecraft:carrot":5,"born_in_chaos_v1:corpse_maggot":3,"minecraft:iron_axe":73,"minecraft:iron_helmet":1,"biomesoplenty:jacaranda_sapling":3,"minecraft:oak_sapling":1,"minecraft:furnace":8,"tombstone:gift":3,"minecraft:knowledge_book":29,"minecraft:water_bucket":6,"minecraft:stone_pickaxe":1046,"minecraft:baked_potato":6,"minecraft:oak_planks":30,"minecraft:wooden_pickaxe":3,"biomesoplenty:flowering_oak_sapling":2,"simplefarming:strawberries":4,"minecraft:crafting_table":5,"minecraft:white_bed":2,"minecraft:shears":7,"biomesoplenty:jacaranda_planks":532,"minecraft:apple":2,"minecraft:bread":14,"minecraft:stone_axe":256,"minecraft:cobblestone":38,"minecraft:bucket":7,"quark:oak_chest":4,"biomesoplenty:jacaranda_leaves":5}},"DataVersion":3465}