{"stats":{"minecraft:used":{"minecraft:trident":9,"minecraft:netherite_sword":8,"minecraft:stone_sword":126,"born_in_chaos_v1:ethereal_spirit":1,"minecraft:zombie_spawn_egg":33,"minecraft:iron_sword":2,"undead_revamp2:invisiblebidy_spawn_egg":2,"minecraft:rotten_flesh":2,"jeg:burst_rifle":33,"minecraft:torch":3,"minecraft:dirt":72,"minecraft:carrot":18,"minecraft:granite":4,"undead_revamp2:theskeeper_spawn_egg":1,"minecraft:iron_helmet":1,"undead_revamp2:thespectre_spawn_egg":1,"born_in_chaos_v1:gnawed_bones":1,"minecraft:stone_bricks":3,"minecraft:item_frame":2,"jeg:double_barrel_shotgun":23,"jeg:semi_auto_rifle":6,"tombstone:gift":3,"minecraft:potato":2,"minecraft:knowledge_book":32,"jeg:combat_rifle":30,"minecraft:stone_pickaxe":90,"minecraft:baked_potato":4,"minecraft:oak_planks":19,"undead_revamp2:invisiclogger_spawn_egg":1,"minecraft:andesite_slab":2,"minecraft:wooden_pickaxe":7,"minecraft:cherry_planks":16,"jeg:assault_rifle":6,"simplefarming:strawberries":1,"minecraft:crafting_table":4,"minecraft:dripstone_block":1,"minecraft:oak_log":1,"simplyswords:watching_warglaive":4,"minecraft:apple":5,"minecraft:bread":10,"minecraft:map":3,"minecraft:stone_button":1,"minecraft:gravel":8,"minecraft:golden_leggings":1,"jeg:scrap_workbench":1,"minecraft:stone_axe":14,"minecraft:wooden_sword":5,"minecraft:cobblestone":50,"minecraft:purple_bed":2,"jeg:blossom_rifle":89,"quark:oak_chest":1,"minecraft:stripped_oak_log":2,"minecraft:purple_wool":1,"minecraft:experience_bottle":4},"minecraft:dropped":{"minecraft:iron_ingot":1,"minecraft:bread":2,"minecraft:wheat_seeds":74,"minecraft:knowledge_book":26,"simplefarming:yam_seeds":1,"minecraft:golden_apple":64,"tombstone:bag_of_seeds":1,"jeg:shotgun_shell":48,"jeg:healing_talisman":16,"minecraft:torch":1,"tombstone:grave_key":3,"minecraft:rose_bush":9,"minecraft:map":1,"tombstone:grave_dust":5,"minecraft:purple_wool":2,"jeg:spectre_ammo":128,"minecraft:pink_petals":114,"jeg:tech_trash":1,"minecraft:iron_nugget":1,"minecraft:stone_sword":3,"alexsmobs:animal_dictionary":1,"tombstone:gift":1,"minecraft:rotten_flesh":7,"jeg:rifle_ammo":128,"minecraft:gunpowder":1,"minecraft:trident":1,"minecraft:wooden_pickaxe":1,"jeg:handmade_shell":80,"jeg:pistol_ammo":384},"minecraft:picked_up":{"minecraft:crafting_table":8,"minecraft:iron_chestplate":3,"minecraft:birch_door":2,"minecraft:wheat":4,"minecraft:purple_wool":17,"minecraft:wooden_pickaxe":2,"minecraft:knowledge_book":23,"jeg:scrap_workbench":3,"tombstone:grave_key":2,"minecraft:chain":1,"jeg:burst_rifle":2,"minecraft:string":6,"minecraft:raw_copper":43,"jeg:spectre_ammo":256,"zombie_more:acid_drool":3,"minecraft:item_frame":2,"minecraft:experience_bottle":1,"minecraft:beetroot":6,"minecraft:sea_pickle":2,"minecraft:netherite_sword":2,"minecraft:rose_bush":11,"born_in_chaos_v1:gnawed_bones":1,"minecraft:iron_nugget":2,"jeg:blossom_rifle":1,"minecraft:furnace":2,"jeg:semi_auto_rifle":1,"minecraft:golden_helmet":1,"minecraft:stick":17,"minecraft:raw_iron":9,"jeg:pistol_ammo":448,"undead_revamp2:primodialarmour_boots":1,"minecraft:torch":44,"undead_revamp2:windtext":2,"minecraft:dried_kelp":1,"minecraft:cherry_log":12,"minecraft:stone_button":1,"tombstone:grave_dust":12,"morevillagers:hunting_post":1,"minecraft:carrot":12,"jeg:healing_talisman":16,"minecraft:stone_sword":6,"minecraft:rotten_flesh":34,"minecraft:beetroot_seeds":3,"simplefarming:strawberries":1,"minecraft:hay_block":1,"jeg:rifle_ammo":159,"minecraft:white_wool":9,"minecraft:cobblestone":120,"minecraft:stripped_oak_log":3,"born_in_chaos_v1:corpse_maggot":4,"minecraft:pink_petals":114,"minecraft:cherry_planks":15,"minecraft:leather":4,"minecraft:golden_leggings":5,"minecraft:potato":1,"minecraft:filled_map":3,"minecraft:oak_log":9,"minecraft:golden_boots":1,"jeg:scrap":4,"aquamirae:abyssal_heaume":1,"minecraft:gunpowder":7,"tombstone:gift":2,"minecraft:map":8,"minecraft:lapis_lazuli":4,"minecraft:dirt":74,"minecraft:paper":6,"minecraft:lantern":2,"minecraft:white_banner":3,"jeg:combat_rifle":1,"man:cassette_1safetyinstructions":2,"minecraft:bone":1,"alexscaves:cloak_of_darkness":1,"minecraft:apple":21,"minecraft:stone_bricks":2,"minecraft:bow":4,"minecraft:wheat_seeds":74,"jeg:shotgun_shell":96,"aquamirae:terrible_leggings":1,"minecraft:iron_ingot":17,"minecraft:stone_pickaxe":7,"tombstone:bag_of_seeds":2,"minecraft:glass_bottle":1,"jeg:double_barrel_shotgun":1,"minecraft:iron_sword":1,"minecraft:oak_planks":36,"jeg:tech_trash":2,"minecraft:purple_concrete":3,"jeg:assault_rifle":1,"simplyswords:watching_warglaive":1,"born_in_chaos_v1:ethereal_spirit":1,"minecraft:dripstone_block":1,"minecraft:gravel":6,"jeg:telescopic_sight":1,"minecraft:dark_oak_log":2,"minecraft:leather_helmet":1,"jeg:handmade_shell":96,"minecraft:firework_rocket":85,"minecraft:purple_bed":2,"minecraft:slime_ball":2,"jeg:custom_smg":1,"minecraft:diamond":1,"minecraft:stone_axe":3,"minecraft:chainmail_leggings":1,"alexscaves:hood_of_darkness":1,"minecraft:iron_helmet":1,"minecraft:crossbow":1,"minecraft:golden_apple":64,"minecraft:bread":9,"minecraft:baked_potato":3,"pfm:furniture_book":1,"tombstone:magic_scroll":2,"minecraft:coal":79,"minecraft:andesite_slab":2,"minecraft:ender_pearl":1},"minecraft:mined":{"minecraft:cherry_log":2,"minecraft:grass_block":7,"minecraft:hay_block":1,"minecraft:oak_trapdoor":1,"minecraft:iron_ore":8,"minecraft:stripped_oak_log":3,"minecraft:stone":16,"horror_element_mod:spiked_body":1,"jeg:scrap_ore":2,"minecraft:cherry_planks":2,"minecraft:crafting_table":2,"minecraft:white_stained_glass_pane":1,"minecraft:rose_bush":2,"minecraft:tall_grass":2,"minecraft:cobblestone":13,"minecraft:copper_ore":12,"minecraft:oak_planks":2,"minecraft:wall_torch":1,"minecraft:pink_petals":1,"minecraft:purple_wool":8,"minecraft:purple_bed":1,"minecraft:purple_concrete":1,"minecraft:grass":3,"minecraft:oak_log":9,"minecraft:coal_ore":42,"minecraft:gravel":2,"minecraft:dripstone_block":1,"minecraft:dirt":32},"minecraft:custom":{"minecraft:mob_kills":55,"minecraft:interact_with_crafting_table":14,"minecraft:open_barrel":9,"minecraft:interact_with_campfire":1,"minecraft:bell_ring":1,"minecraft:damage_dealt_resisted":108,"minecraft:leave_game":7,"minecraft:time_since_death":0,"minecraft:climb_one_cm":1235,"minecraft:damage_resisted":4,"minecraft:sprint_one_cm":252524,"minecraft:walk_one_cm":539551,"minecraft:drop":170,"minecraft:talked_to_villager":5,"minecraft:play_time":204004,"minecraft:deaths":40,"minecraft:sneak_time":6972,"minecraft:walk_under_water_one_cm":18073,"tombstone:tomb_raiding":2,"minecraft:jump":2002,"minecraft:walk_on_water_one_cm":19439,"minecraft:total_world_time":204004,"minecraft:interact_with_furnace":6,"tombstone:raider_killed":2,"minecraft:pot_flower":1,"minecraft:sleep_in_bed":2,"minecraft:time_since_rest":0,"minecraft:damage_taken":13876,"minecraft:damage_dealt":7319,"minecraft:swim_one_cm":10880,"minecraft:fly_one_cm":300525,"minecraft:player_kills":1,"minecraft:open_chest":14,"minecraft:crouch_one_cm":17838,"tombstone:undead_killed":41,"minecraft:fall_one_cm":48045,"minecraft:inspect_dispenser":1},"minecraft:killed_by":{"minecraft:husk":2,"minecraft:zombie_villager":1,"minecraft:skeleton":1,"minecraft:zombie":6},"minecraft:broken":{"minecraft:golden_helmet":2,"minecraft:golden_leggings":1,"minecraft:wooden_sword":1},"minecraft:crafted":{"minecraft:cherry_planks":24,"minecraft:oak_planks":48,"minecraft:purple_bed":1,"minecraft:furnace":1,"minecraft:stone_pickaxe":3,"minecraft:dark_oak_planks":12,"minecraft:wheat":9,"minecraft:crafting_table":2,"minecraft:wooden_pickaxe":1,"minecraft:baked_potato":3,"minecraft:stone_axe":1,"minecraft:air":0,"minecraft:bread":3,"minecraft:stick":16,"quark:oak_chest":1,"minecraft:stone_sword":3,"minecraft:torch":28},"minecraft:killed":{"undead_revamp2:thehunter":2,"hordes:zombie_player":7,"born_in_chaos_v1:restless_spirit":1,"undead_revamp2:thesmoker":1,"born_in_chaos_v1:maggot":4,"undead_revamp2:thespectre":1,"zombie_more:boomer_zombie":1,"minecraft:husk":3,"man:managgresive":1,"undead_revamp2:the_moonflower":3,"minecraft:pillager":2,"minecraft:zombie":22,"born_in_chaos_v1:dread_hound":1,"born_in_chaos_v1:corpse_fly":3,"undead_revamp2:theskeeper":1}},"DataVersion":3465}