{"stats":{"minecraft:crafted":{"minecraft:oak_planks":60,"minecraft:cooked_chicken":3,"minecraft:stone":72,"minecraft:lever":3,"minecraft:heavy_weighted_pressure_plate":1,"minecraft:cooked_mutton":4,"minecraft:bow":1,"minecraft:iron_boots":2,"minecraft:stone_hoe":1,"sophisticatedbackpacks:backpack":2,"biomesoplenty:jacaranda_planks":480,"minecraft:crafting_table":5,"simplyswords:iron_claymore":1,"minecraft:iron_helmet":3,"minecraft:wooden_pickaxe":1,"minecraft:baked_potato":118,"minecraft:copper_ingot":85,"minecraft:campfire":1,"minecraft:iron_chestplate":3,"minecraft:shield":5,"minecraft:stick":84,"quark:oak_chest":3,"minecraft:iron_ingot":133,"minecraft:iron_pickaxe":6,"minecraft:shears":1,"minecraft:oak_door":3,"minecraft:stone_shovel":2,"minecraft:coal":27,"minecraft:iron_nugget":18,"minecraft:furnace":7,"minecraft:stone_button":8,"minecraft:bone_meal":84,"simplyswords:iron_warglaive":2,"minecraft:flint_and_steel":1,"minecraft:iron_axe":2,"born_in_chaos_v1:fried_maggot":6,"minecraft:stone_pickaxe":9,"biomesoplenty:jacaranda_door":3,"simplyswords:iron_cutlass":1,"sophisticatedbackpacks:iron_backpack":1,"minecraft:cooked_beef":29,"minecraft:coal_block":1,"simplyswords:iron_chakram":1,"minecraft:iron_sword":1,"minecraft:bucket":1,"minecraft:stone_axe":2,"minecraft:bread":1,"simplyswords:iron_greathammer":1,"minecraft:air":0,"minecraft:iron_leggings":3,"minecraft:white_bed":1,"minecraft:torch":56},"minecraft:killed_by":{"minecraft:cave_spider":1,"minecraft:zombie":17,"minecraft:player":1,"alexsmobs:bison":1,"undead_revamp2:thespitter":1,"minecraft:skeleton":4},"minecraft:broken":{"simplyswords:iron_chakram":1,"minecraft:iron_boots":3,"minecraft:iron_chestplate":2,"minecraft:iron_leggings":3,"simplyswords:iron_warglaive":2,"minecraft:stone_pickaxe":8,"minecraft:stone_axe":2,"minecraft:iron_sword":1,"simplyswords:iron_greathammer":1,"minecraft:stone_hoe":1,"minecraft:shield":4,"simplyswords:iron_cutlass":1,"minecraft:iron_axe":1,"minecraft:iron_pickaxe":4,"minecraft:iron_helmet":3},"minecraft:used":{"minecraft:polished_deepslate":6,"minecraft:dispenser":1,"minecraft:shield":109,"minecraft:iron_sword":219,"alexscaves:galena":262,"minecraft:green_terracotta":7,"minecraft:carrot":204,"minecraft:cracked_deepslate_tiles":2,"simplefarming:blueberries":2,"simplefarming:raspberries":5,"born_in_chaos_v1:corpse_maggot":17,"horror_element_mod:human_remains":4,"born_in_chaos_v1:smoked_flesh":4,"minecraft:lava_bucket":1,"minecraft:iron_helmet":1,"biomesoplenty:jacaranda_sapling":3,"minecraft:bow":27,"minecraft:furnace":16,"minecraft:oak_sapling":2,"minecraft:potato":43,"minecraft:diorite":3,"minecraft:stone_pickaxe":1108,"minecraft:oak_planks":38,"minecraft:polished_diorite_slab":6,"minecraft:wooden_pickaxe":3,"biomesoplenty:flowering_oak_sapling":2,"minecraft:sugar_cane":4,"simplefarming:strawberries":4,"minecraft:golden_apple":2,"minecraft:glow_berries":16,"simplyswords:iron_chakram":284,"biomesoplenty:jacaranda_planks":609,"minecraft:shears":7,"simplyswords:iron_greathammer":249,"born_in_chaos_v1:monster_flesh":1,"minecraft:bread":38,"minecraft:polished_granite":1,"minecraft:polished_andesite_slab":1,"born_in_chaos_v1:rotten_fish":1,"minecraft:chain":2,"minecraft:cooked_rabbit":2,"minecraft:andesite":7,"biomesoplenty:jacaranda_leaves":5,"minecraft:bone_meal":85,"simplyswords:iron_cutlass":250,"simplyswords:iron_claymore":133,"minecraft:flint_and_steel":8,"minecraft:stone_shovel":91,"undead_revamp2:blacpetalblock":1,"simplyswords:iron_warglaive":506,"born_in_chaos_v1:fried_maggot":6,"minecraft:stone_hoe":131,"minecraft:cooked_chicken":5,"minecraft:oak_door":2,"minecraft:torch":158,"minecraft:dirt":240,"minecraft:granite":2,"minecraft:iron_axe":206,"minecraft:smooth_sandstone":16,"minecraft:barrel":1,"farmersdelight:cooking_pot":1,"tombstone:gift":4,"minecraft:cooked_beef":29,"minecraft:observer":2,"minecraft:knowledge_book":119,"minecraft:wheat_seeds":4,"minecraft:cooked_mutton":7,"biomesoplenty:jacaranda_door":7,"minecraft:water_bucket":27,"farmersdelight:skillet":4,"minecraft:polished_andesite":1,"minecraft:baked_potato":102,"minecraft:smooth_sandstone_slab":3,"simplyswords:iron_twinblade":24,"minecraft:crafting_table":20,"minecraft:white_bed":7,"minecraft:apple":9,"minecraft:iron_pickaxe":1133,"minecraft:stone_axe":256,"minecraft:cobblestone":116,"minecraft:cooked_porkchop":2,"minecraft:bucket":28,"quark:oak_chest":4,"minecraft:smooth_stone":7},"minecraft:killed":{"zombie_more:cursed_zombie":2,"minecraft:cave_spider":4,"zombie_more:tank_zombie":3,"minecraft:witch":1,"born_in_chaos_v1:restless_spirit":3,"born_in_chaos_v1:door_knight_not_despawn":1,"minecraft:spider":6,"undead_revamp2:thesmoker":1,"born_in_chaos_v1:siamese_skeletonsright":1,"undead_revamp2:theswarmer":1,"born_in_chaos_v1:baby_skeleton_minion":2,"minecraft:skeleton":23,"born_in_chaos_v1:skeleton_thrasher":1,"undead_revamp2:therod":3,"undead_revamp2:thepregnant":1,"born_in_chaos_v1:firelight_not_despawn":2,"undead_revamp2:thespitter":1,"alexscaves:teletor":1,"alexscaves:notor":6,"zombie_more:boomer_zombie":3,"minecraft:pig":2,"minecraft:zombie_villager":1,"undead_revamp2:theheavy":1,"minecraft:creeper":9,"minecraft:sheep":3,"undead_revamp2:thebidyupside":1,"minecraft:pillager":2,"minecraft:zombie":141,"zombie_more:explosive_zombie":1,"born_in_chaos_v1:dread_hound":4,"born_in_chaos_v1:corpse_fly":7,"alexsmobs:fly":2,"born_in_chaos_v1:door_knight":2,"born_in_chaos_v1:siamese_skeletonsleft":1,"minecraft:cow":5,"undead_revamp2:thehunter":3,"undead_revamp2:bomber":1,"born_in_chaos_v1:zombie_bruiser":1,"born_in_chaos_v1:maggot":40,"minecraft:phantom":5,"undead_revamp2:thebidy":2,"born_in_chaos_v1:corpse_fish":4,"alexsmobs:bison":6,"minecraft:drowned":1,"undead_revamp2:sucker":4,"born_in_chaos_v1:barrel_zombie":1,"zombie_more:crawler_zombie":8,"undead_revamp2:the_moonflower":5,"minecraft:bat":1,"born_in_chaos_v1:decrepit_skeleton":5,"undead_revamp2:thesomnolence":1},"minecraft:custom":{"minecraft:interact_with_crafting_table":131,"minecraft:open_barrel":211,"minecraft:leave_game":7,"minecraft:time_since_death":2370,"minecraft:damage_resisted":27,"minecraft:sprint_one_cm":1954123,"minecraft:damage_blocked_by_shield":8894,"minecraft:drop":274,"minecraft:play_time":724024,"minecraft:deaths":73,"minecraft:jump":12981,"minecraft:walk_on_water_one_cm":139442,"minecraft:interact_with_furnace":208,"minecraft:interact_with_loom":1,"minecraft:sleep_in_bed":9,"tombstone:sneak_grave":4,"minecraft:damage_dealt":69858,"minecraft:crouch_one_cm":179911,"tombstone:undead_killed":221,"minecraft:interact_with_smoker":6,"minecraft:inspect_dispenser":2,"minecraft:interact_with_smithing_table":1,"minecraft:mob_kills":356,"minecraft:damage_dealt_resisted":1868,"minecraft:climb_one_cm":20382,"minecraft:walk_one_cm":2576409,"minecraft:damage_dealt_absorbed":30,"minecraft:sneak_time":54854,"minecraft:walk_under_water_one_cm":65698,"minecraft:total_world_time":724024,"tombstone:raider_killed":3,"minecraft:tune_noteblock":2,"minecraft:interact_with_stonecutter":1,"minecraft:time_since_rest":1658,"minecraft:damage_taken":36420,"minecraft:damage_absorbed":80,"minecraft:trigger_trapped_chest":3,"minecraft:swim_one_cm":69166,"minecraft:fly_one_cm":1563389,"minecraft:open_chest":309,"minecraft:fall_one_cm":202517},"minecraft:picked_up":{"minecraft:wheat":19,"minecraft:redstone_block":6,"minecraft:knowledge_book":3,"tombstone:grave_key":2,"minecraft:polished_deepslate":9,"minecraft:string":71,"minecraft:raw_copper":92,"zombie_more:acid_drool":3,"biomesoplenty:tall_lavender":1,"minecraft:pufferfish":1,"minecraft:smooth_stone":8,"minecraft:cobbled_deepslate":5,"minecraft:spruce_planks":22,"minecraft:redstone_torch":3,"minecraft:cobblestone_slab":12,"minecraft:smooth_quartz":1,"minecraft:iron_pickaxe":1,"minecraft:coal_block":6,"minecraft:iron_boots":1,"minecraft:furnace":9,"minecraft:stick":13,"born_in_chaos_v1:shattered_skull":1,"minecraft:oak_fence":2,"minecraft:torch":74,"alexscaves:raw_azure_neodymium":32,"minecraft:porkchop":5,"simplefarming:raspberries":6,"tombstone:grave_dust":15,"minecraft:pointed_dripstone":1,"minecraft:diorite":8,"minecraft:green_terracotta":7,"quark:clear_shard":36,"minecraft:rotten_flesh":321,"alexscaves:notor_gizmo":1,"minecraft:iron_bars":2,"minecraft:cobblestone":1557,"biomesoplenty:lavender":1,"minecraft:polished_diorite_slab":7,"minecraft:iron_door":2,"born_in_chaos_v1:spiritual_dust":1,"minecraft:andesite":9,"minecraft:potato":123,"alexsmobs:bison_fur":4,"minecraft:flint":25,"undead_revamp2:huntereye":1,"jeg:scrap":157,"minecraft:lapis_lazuli":1,"minecraft:dirt":320,"zombie_more:brain":1,"minecraft:polished_granite":1,"zombie_more:crawler_gut":3,"alexscaves:galena":661,"born_in_chaos_v1:monster_skin":2,"simplefarming:cucumber_seeds":1,"minecraft:bone":55,"undead_revamp2:blacpetalblock":2,"minecraft:wheat_seeds":57,"minecraft:mossy_stone_bricks":1,"minecraft:powered_rail":6,"minecraft:oak_planks":57,"minecraft:cooked_porkchop":2,"simplefarming:radish_seeds":3,"minecraft:sand":7,"minecraft:barrel":2,"alexsmobs:animal_dictionary":1,"simplyswords:iron_twinblade":2,"minecraft:bundle":9,"minecraft:polished_andesite":9,"minecraft:dispenser":1,"born_in_chaos_v1:fire_dust":2,"minecraft:black_concrete":44,"minecraft:granite":2,"minecraft:bone_meal":1,"minecraft:bread":6,"alexsmobs:maggot":1,"pfm:furniture_book":1,"minecraft:oak_sapling":8,"born_in_chaos_v1:rotten_fish":1,"minecraft:crimson_roots":4,"alexscaves:raw_scarlet_neodymium":33,"minecraft:fishing_rod":1,"minecraft:charcoal":33,"minecraft:crafting_table":16,"simplefarming:pea_seeds":2,"minecraft:allium":1,"minecraft:ladder":3,"born_in_chaos_v1:seedof_chaos":2,"minecraft:cooked_rabbit":2,"biomesoplenty:jacaranda_sapling":3,"minecraft:chain":2,"alexscaves:metal_swarf":12,"minecraft:flint_and_steel":1,"minecraft:quartz_slab":2,"minecraft:beef":76,"minecraft:observer":2,"minecraft:iron_nugget":60,"minecraft:sugar_cane":4,"minecraft:chest":1,"simplefarming:barley_seeds":1,"minecraft:piston":1,"minecraft:phantom_membrane":1,"minecraft:raw_iron":145,"minecraft:oak_door":1,"minecraft:copper_ingot":37,"simplefarming:yam_seeds":1,"simplyswords:iron_cutlass":1,"born_in_chaos_v1:pieceofdarkmetal":2,"minecraft:carrot":178,"minecraft:dark_oak_planks":8,"minecraft:smooth_sandstone_slab":3,"minecraft:arrow":18,"minecraft:diamond_chestplate":1,"biomesoplenty:jacaranda_log":125,"simplefarming:strawberries":12,"alexscaves:spelunkery_table":1,"tombstone:essence_of_undeath":2,"minecraft:skeleton_skull":1,"minecraft:glow_berries":2,"minecraft:mutton":4,"minecraft:rail":13,"minecraft:white_wool":21,"born_in_chaos_v1:fused_bone":4,"minecraft:cracked_deepslate_tiles":2,"born_in_chaos_v1:corpse_maggot":27,"simplefarming:soybean_seeds":1,"born_in_chaos_v1:monster_flesh":11,"minecraft:glow_ink_sac":13,"minecraft:leather":6,"minecraft:birch_planks":4,"biomesoplenty:jacaranda_door":4,"minecraft:oak_log":32,"biomesoplenty:jacaranda_planks":268,"minecraft:gunpowder":30,"tombstone:gift":1,"jeg:grenade":1,"minecraft:cooked_mutton":4,"minecraft:smooth_sandstone":16,"minecraft:apple":2,"minecraft:stone_bricks":3,"simplyswords:iron_warglaive":1,"born_in_chaos_v1:smoked_flesh":1,"minecraft:iron_ingot":21,"minecraft:cooked_chicken":4,"simplefarming:pear_sapling":1,"minecraft:polished_andesite_slab":1,"jeg:tech_trash":14,"quark:white_shard":6,"born_in_chaos_v1:ethereal_spirit":3,"simplefarming:blueberries":5,"minecraft:gravel":158,"minecraft:white_bed":7,"simplefarming:squash_seeds":2,"biomesoplenty:jacaranda_leaves":5,"quark:oak_chest":2,"minecraft:spider_eye":3,"biomesoplenty:flowering_oak_sapling":2,"minecraft:pumpkin_seeds":13,"minecraft:slime_ball":12,"minecraft:stone_axe":1,"minecraft:gray_wool":1,"alexscaves:azure_neodymium_pillar":21,"alexscaves:scarlet_neodymium_pillar":20,"minecraft:baked_potato":14,"tombstone:magic_scroll":4,"simplefarming:cotton_seeds":2,"minecraft:melon_seeds":8,"minecraft:red_concrete":39,"minecraft:coal":150,"minecraft:ender_pearl":9},"minecraft:dropped":{"minecraft:piston":1,"minecraft:birch_planks":4,"minecraft:oak_log":8,"minecraft:baked_potato":30,"minecraft:ender_pearl":1,"simplefarming:radish_seeds":3,"minecraft:glow_berries":2,"minecraft:leather":4,"minecraft:rail":1,"alexscaves:galena":256,"born_in_chaos_v1:monster_flesh":9,"minecraft:dirt":20,"simplefarming:pea_seeds":2,"minecraft:dispenser":1,"born_in_chaos_v1:monster_skin":1,"minecraft:sand":7,"minecraft:dark_oak_planks":2,"simplefarming:squash_seeds":2,"minecraft:white_wool":13,"minecraft:bone":7,"minecraft:oak_door":2,"minecraft:gravel":68,"minecraft:stone_axe":1,"minecraft:cooked_chicken":2,"minecraft:iron_nugget":46,"minecraft:cobbled_deepslate":3,"simplyswords:iron_twinblade":2,"tombstone:gift":1,"born_in_chaos_v1:ethereal_spirit":1,"minecraft:rotten_flesh":255,"minecraft:oak_planks":2,"minecraft:cooked_mutton":1,"minecraft:white_bed":1,"minecraft:carrot":31,"minecraft:chainmail_chestplate":1,"minecraft:skeleton_skull":1,"minecraft:charcoal":14,"minecraft:melon_seeds":8,"born_in_chaos_v1:corpse_maggot":2,"zombie_more:acid_drool":1,"minecraft:ladder":2,"simplefarming:strawberries":8,"minecraft:iron_bars":2,"simplefarming:barley_seeds":1,"minecraft:beef":16,"biomesoplenty:tall_lavender":1,"minecraft:bread":2,"minecraft:iron_ingot":1,"minecraft:wheat_seeds":47,"biomesoplenty:lavender":1,"minecraft:oak_fence":2,"minecraft:cobblestone":116,"minecraft:knowledge_book":4,"minecraft:observer":1,"minecraft:apple":2,"minecraft:copper_ingot":4,"biomesoplenty:jacaranda_planks":29,"minecraft:polished_andesite":8,"minecraft:coal_block":5,"minecraft:pufferfish":1,"minecraft:coal":11,"minecraft:stick":14,"biomesoplenty:jacaranda_log":2,"minecraft:gray_wool":1,"simplefarming:soybean_seeds":1,"quark:clear_shard":36,"minecraft:diorite":5,"minecraft:torch":33,"tombstone:grave_key":1,"minecraft:smooth_quartz":1,"born_in_chaos_v1:fused_bone":4,"minecraft:iron_door":2,"tombstone:grave_dust":12,"minecraft:smooth_stone":1,"minecraft:string":15,"simplefarming:cotton_seeds":2,"simplyswords:iron_cutlass":1,"minecraft:polished_deepslate":8,"minecraft:polished_diorite_slab":7,"minecraft:raw_copper":8,"minecraft:stone_shovel":1,"minecraft:iron_boots":2,"sophisticatedbackpacks:backpack":1,"alexscaves:metal_swarf":12,"minecraft:pumpkin_seeds":13,"minecraft:flint_and_steel":1,"minecraft:cobblestone_slab":6,"minecraft:allium":1,"simplefarming:cucumber_seeds":1,"minecraft:spruce_planks":22,"minecraft:bundle":6,"minecraft:andesite":1,"minecraft:mossy_stone_bricks":1,"minecraft:oak_sapling":2,"minecraft:barrel":1,"minecraft:stone_bricks":2,"minecraft:spider_eye":2,"minecraft:stone_pickaxe":1,"minecraft:wooden_pickaxe":1,"simplyswords:iron_warglaive":1,"minecraft:quartz_slab":2},"minecraft:mined":{"minecraft:spruce_planks":3,"minecraft:white_bed":7,"minecraft:sculk_vein":2,"alexscaves:azure_neodymium_pillar":22,"minecraft:granite":1,"minecraft:grass_block":40,"biomesoplenty:flowering_oak_leaves":12,"minecraft:coal_block":1,"minecraft:spawner":17,"minecraft:smooth_stone":3,"biomesoplenty:tall_lavender":2,"minecraft:iron_ore":119,"minecraft:fire":6,"alexscaves:scarlet_neodymium_node":1,"minecraft:iron_bars":2,"biomesoplenty:webbing":6,"minecraft:smooth_sandstone_stairs":2,"biomesoplenty:jacaranda_leaves":45,"biomesoplenty:jacaranda_planks":136,"minecraft:torch":8,"alexscaves:energized_galena_neutral":1,"alexscaves:energized_galena_scarlet":24,"minecraft:glass":6,"minecraft:cobblestone":31,"minecraft:sugar_cane":2,"minecraft:oak_planks":41,"minecraft:smooth_sandstone_slab":3,"minecraft:wall_torch":23,"minecraft:powered_rail":1,"minecraft:cracked_deepslate_tiles":2,"minecraft:grass":186,"minecraft:oak_log":24,"minecraft:dirt":163,"minecraft:smooth_quartz":1,"minecraft:tripwire_hook":1,"minecraft:deepslate":2,"minecraft:oak_leaves":34,"alexscaves:spelunkery_table":1,"minecraft:oak_door":1,"minecraft:mangrove_roots":8,"biomesoplenty:bush":12,"horror_element_mod:light_on":1,"minecraft:white_stained_glass":3,"minecraft:polished_andesite_slab":1,"alexscaves:galena":438,"biomesoplenty:jacaranda_log":131,"minecraft:furnace":9,"alexscaves:energized_galena_azure":18,"minecraft:andesite":5,"minecraft:green_terracotta":7,"minecraft:black_concrete":44,"minecraft:polished_deepslate":5,"biomesoplenty:high_grass":49,"biomesoplenty:jacaranda_door":3,"minecraft:stripped_oak_log":1,"biomesoplenty:spider_egg":1,"minecraft:stone":1128,"minecraft:redstone_block":6,"minecraft:glass_pane":1,"jeg:scrap_ore":76,"quark:oak_chest":2,"alexscaves:azure_neodymium_node":1,"minecraft:stone_brick_slab":3,"minecraft:observer":1,"minecraft:polished_granite":1,"minecraft:crafting_table":16,"minecraft:smooth_sandstone":16,"undead_revamp2:blacpetalblock":1,"minecraft:copper_ore":27,"alexscaves:metal_swarf":6,"biomesoplenty:high_grass_plant":146,"minecraft:tall_grass":19,"minecraft:red_concrete":39,"minecraft:sculk":2,"minecraft:diorite":8,"alexscaves:galena_iron_ore":18,"horror_element_mod:human_remains":1,"minecraft:coal_ore":97,"minecraft:gravel":86,"biomesoplenty:stringy_cobweb":1,"minecraft:cobweb":43,"minecraft:stone_bricks":7,"alexscaves:scarlet_neodymium_pillar":9}},"DataVersion":3465}