{"stats":{"minecraft:broken":{"minecraft:golden_helmet":2,"minecraft:golden_leggings":1,"minecraft:wooden_sword":1},"minecraft:killed":{"undead_revamp2:thehunter":2,"hordes:zombie_player":5,"born_in_chaos_v1:restless_spirit":1,"undead_revamp2:thesmoker":1,"born_in_chaos_v1:maggot":2,"zombie_more:boomer_zombie":1,"undead_revamp2:the_moonflower":3,"minecraft:pillager":2,"minecraft:zombie":1,"born_in_chaos_v1:dread_hound":1,"born_in_chaos_v1:corpse_fly":3},"minecraft:mined":{"minecraft:cherry_log":2,"minecraft:grass_block":7,"minecraft:hay_block":1,"minecraft:oak_trapdoor":1,"minecraft:iron_ore":8,"minecraft:stripped_oak_log":3,"minecraft:stone":16,"horror_element_mod:spiked_body":1,"jeg:scrap_ore":2,"minecraft:cherry_planks":2,"minecraft:crafting_table":2,"minecraft:white_stained_glass_pane":1,"minecraft:rose_bush":2,"minecraft:copper_ore":12,"minecraft:cobblestone":13,"minecraft:oak_planks":2,"minecraft:wall_torch":1,"minecraft:pink_petals":1,"minecraft:purple_wool":8,"minecraft:purple_bed":1,"minecraft:purple_concrete":1,"minecraft:grass":3,"minecraft:oak_log":9,"minecraft:coal_ore":42,"minecraft:dripstone_block":1,"minecraft:gravel":2,"minecraft:dirt":32},"minecraft:custom":{"minecraft:mob_kills":22,"minecraft:interact_with_crafting_table":14,"minecraft:open_barrel":9,"minecraft:interact_with_campfire":1,"minecraft:bell_ring":1,"minecraft:damage_dealt_resisted":86,"minecraft:leave_game":6,"minecraft:time_since_death":4305,"minecraft:climb_one_cm":979,"minecraft:damage_resisted":4,"minecraft:sprint_one_cm":239492,"minecraft:walk_one_cm":445290,"minecraft:drop":142,"minecraft:talked_to_villager":5,"minecraft:play_time":174169,"minecraft:deaths":29,"minecraft:sneak_time":5394,"minecraft:walk_under_water_one_cm":18073,"tombstone:tomb_raiding":2,"minecraft:jump":1815,"minecraft:walk_on_water_one_cm":19359,"minecraft:total_world_time":174169,"minecraft:interact_with_furnace":6,"tombstone:raider_killed":2,"minecraft:pot_flower":1,"minecraft:sleep_in_bed":2,"minecraft:time_since_rest":3810,"minecraft:damage_taken":10132,"minecraft:damage_dealt":5518,"minecraft:swim_one_cm":10880,"minecraft:fly_one_cm":214405,"minecraft:player_kills":1,"minecraft:open_chest":14,"minecraft:crouch_one_cm":16380,"tombstone:undead_killed":13,"minecraft:fall_one_cm":45402,"minecraft:inspect_dispenser":1},"minecraft:crafted":{"minecraft:cherry_planks":24,"minecraft:oak_planks":48,"minecraft:purple_bed":1,"minecraft:furnace":1,"minecraft:stone_pickaxe":3,"minecraft:dark_oak_planks":12,"minecraft:wheat":9,"minecraft:crafting_table":2,"minecraft:baked_potato":3,"minecraft:wooden_pickaxe":1,"minecraft:stone_axe":1,"minecraft:air":0,"minecraft:bread":3,"minecraft:stick":16,"quark:oak_chest":1,"minecraft:stone_sword":3,"minecraft:torch":28},"minecraft:picked_up":{"minecraft:birch_door":2,"minecraft:crafting_table":6,"minecraft:iron_chestplate":1,"minecraft:wheat":4,"minecraft:purple_wool":14,"minecraft:wooden_pickaxe":2,"minecraft:knowledge_book":21,"jeg:scrap_workbench":3,"tombstone:grave_key":1,"minecraft:chain":1,"minecraft:string":6,"minecraft:raw_copper":43,"zombie_more:acid_drool":2,"minecraft:item_frame":2,"minecraft:experience_bottle":1,"minecraft:beetroot":6,"minecraft:sea_pickle":2,"minecraft:rose_bush":11,"born_in_chaos_v1:gnawed_bones":1,"minecraft:furnace":1,"minecraft:golden_helmet":1,"minecraft:stick":17,"minecraft:raw_iron":9,"minecraft:torch":20,"minecraft:dried_kelp":1,"minecraft:cherry_log":10,"minecraft:stone_button":1,"tombstone:grave_dust":4,"morevillagers:hunting_post":1,"minecraft:carrot":12,"minecraft:stone_sword":5,"minecraft:rotten_flesh":25,"minecraft:beetroot_seeds":3,"simplefarming:strawberries":1,"minecraft:hay_block":1,"minecraft:cobblestone":120,"minecraft:white_wool":9,"minecraft:stripped_oak_log":3,"born_in_chaos_v1:corpse_maggot":4,"minecraft:pink_petals":114,"minecraft:cherry_planks":15,"minecraft:leather":4,"minecraft:golden_leggings":4,"minecraft:potato":1,"minecraft:filled_map":3,"minecraft:oak_log":9,"jeg:scrap":4,"minecraft:gunpowder":4,"minecraft:lapis_lazuli":4,"minecraft:map":6,"minecraft:white_banner":2,"minecraft:dirt":74,"minecraft:paper":6,"minecraft:lantern":2,"tombstone:gift":2,"man:cassette_1safetyinstructions":1,"minecraft:apple":9,"minecraft:stone_bricks":2,"minecraft:bow":2,"minecraft:wheat_seeds":74,"minecraft:stone_pickaxe":3,"minecraft:iron_ingot":14,"tombstone:bag_of_seeds":1,"minecraft:glass_bottle":1,"minecraft:iron_sword":1,"minecraft:oak_planks":20,"jeg:tech_trash":2,"minecraft:purple_concrete":2,"born_in_chaos_v1:ethereal_spirit":1,"minecraft:dripstone_block":1,"minecraft:gravel":6,"minecraft:dark_oak_log":2,"minecraft:firework_rocket":71,"minecraft:purple_bed":2,"minecraft:slime_ball":2,"minecraft:diamond":1,"minecraft:stone_axe":1,"minecraft:iron_helmet":1,"minecraft:crossbow":1,"minecraft:bread":9,"pfm:furniture_book":1,"minecraft:baked_potato":1,"minecraft:coal":79,"minecraft:andesite_slab":2,"minecraft:ender_pearl":1},"minecraft:used":{"minecraft:stone_sword":106,"born_in_chaos_v1:ethereal_spirit":1,"minecraft:iron_sword":2,"minecraft:rotten_flesh":2,"minecraft:torch":3,"minecraft:dirt":72,"minecraft:carrot":18,"minecraft:granite":4,"minecraft:iron_helmet":1,"born_in_chaos_v1:gnawed_bones":1,"minecraft:stone_bricks":3,"minecraft:item_frame":2,"tombstone:gift":3,"minecraft:potato":2,"minecraft:knowledge_book":32,"minecraft:stone_pickaxe":90,"minecraft:baked_potato":4,"minecraft:oak_planks":19,"minecraft:andesite_slab":2,"minecraft:wooden_pickaxe":7,"minecraft:cherry_planks":16,"simplefarming:strawberries":1,"minecraft:crafting_table":4,"minecraft:dripstone_block":1,"minecraft:oak_log":1,"minecraft:apple":3,"minecraft:bread":10,"minecraft:stone_button":1,"minecraft:map":3,"minecraft:gravel":8,"minecraft:golden_leggings":1,"jeg:scrap_workbench":1,"minecraft:stone_axe":14,"minecraft:wooden_sword":5,"minecraft:cobblestone":50,"minecraft:purple_bed":2,"quark:oak_chest":1,"minecraft:stripped_oak_log":2,"minecraft:purple_wool":1,"minecraft:experience_bottle":4},"minecraft:killed_by":{"minecraft:husk":1,"minecraft:zombie_villager":1,"minecraft:zombie":2},"minecraft:dropped":{"minecraft:bread":2,"minecraft:wheat_seeds":74,"minecraft:knowledge_book":26,"simplefarming:yam_seeds":1,"tombstone:bag_of_seeds":1,"minecraft:torch":1,"tombstone:grave_key":2,"minecraft:rose_bush":9,"tombstone:grave_dust":1,"minecraft:purple_wool":2,"minecraft:pink_petals":114,"jeg:tech_trash":1,"alexsmobs:animal_dictionary":1,"minecraft:stone_sword":2,"tombstone:gift":1,"minecraft:rotten_flesh":7,"minecraft:wooden_pickaxe":1}},"DataVersion":3465}