{"stats":{"minecraft:custom":{"minecraft:interact_with_furnace":15,"minecraft:mob_kills":10,"minecraft:interact_with_crafting_table":23,"minecraft:open_barrel":2,"minecraft:damage_dealt_resisted":53,"minecraft:leave_game":1,"minecraft:time_since_death":20463,"minecraft:damage_resisted":27,"minecraft:time_since_rest":19367,"minecraft:sprint_one_cm":85764,"minecraft:damage_taken":1392,"minecraft:walk_one_cm":340574,"minecraft:drop":25,"minecraft:damage_dealt":938,"minecraft:fly_one_cm":74383,"minecraft:open_chest":13,"minecraft:crouch_one_cm":21251,"minecraft:play_time":71409,"tombstone:undead_killed":3,"minecraft:deaths":4,"minecraft:sneak_time":6149,"minecraft:jump":517,"minecraft:total_world_time":71409,"minecraft:fall_one_cm":7698},"minecraft:broken":{"minecraft:stone_pickaxe":6,"minecraft:stone_axe":1},"minecraft:killed":{"zombie_more:crawler_zombie":1,"minecraft:creeper":1,"born_in_chaos_v1:maggot":3,"minecraft:zombie":2,"born_in_chaos_v1:corpse_fly":3},"minecraft:mined":{"biomesoplenty:jacaranda_leaves":25,"quark:oak_chest":2,"biomesoplenty:jacaranda_planks":108,"minecraft:crafting_table":3,"biomesoplenty:bush":5,"minecraft:grass_block":10,"biomesoplenty:flowering_oak_leaves":11,"minecraft:tall_grass":1,"minecraft:oak_planks":5,"minecraft:wall_torch":3,"biomesoplenty:jacaranda_log":83,"minecraft:iron_ore":11,"minecraft:grass":11,"minecraft:oak_log":14,"minecraft:coal_ore":22,"minecraft:gravel":86,"minecraft:dirt":55,"minecraft:stone":839,"minecraft:oak_leaves":30},"minecraft:picked_up":{"born_in_chaos_v1:corpse_maggot":3,"minecraft:crafting_table":3,"biomesoplenty:jacaranda_sapling":2,"minecraft:flint":24,"minecraft:oak_log":14,"tombstone:grave_key":1,"biomesoplenty:jacaranda_planks":237,"minecraft:dirt":90,"zombie_more:crawler_gut":1,"minecraft:bone":2,"minecraft:apple":2,"minecraft:wheat_seeds":4,"minecraft:cobblestone_slab":12,"minecraft:iron_nugget":2,"minecraft:oak_planks":22,"simplefarming:barley_seeds":1,"minecraft:phantom_membrane":1,"minecraft:stick":10,"minecraft:raw_iron":11,"minecraft:oak_door":1,"minecraft:torch":7,"born_in_chaos_v1:ethereal_spirit":1,"minecraft:gravel":153,"quark:oak_chest":2,"alexsmobs:animal_dictionary":1,"biomesoplenty:flowering_oak_sapling":2,"minecraft:rotten_flesh":2,"biomesoplenty:jacaranda_log":79,"pfm:furniture_book":1,"tombstone:magic_scroll":1,"minecraft:oak_sapling":5,"minecraft:coal":58,"minecraft:cobblestone":1244},"minecraft:crafted":{"minecraft:oak_door":3,"minecraft:oak_planks":56,"minecraft:stone_shovel":2,"biomesoplenty:jacaranda_planks":316,"minecraft:crafting_table":2,"minecraft:wooden_pickaxe":1,"minecraft:furnace":3,"minecraft:stone_axe":2,"minecraft:air":0,"minecraft:stick":48,"quark:oak_chest":2,"minecraft:iron_ingot":5,"minecraft:stone_pickaxe":8,"minecraft:torch":36},"minecraft:dropped":{"minecraft:gravel":64,"minecraft:wheat_seeds":2,"born_in_chaos_v1:ethereal_spirit":1,"minecraft:cobblestone":80,"biomesoplenty:jacaranda_planks":26,"minecraft:coal":8,"minecraft:cobblestone_slab":6,"minecraft:dirt":16,"born_in_chaos_v1:corpse_maggot":1,"minecraft:wooden_pickaxe":1,"simplefarming:barley_seeds":1,"minecraft:oak_door":2},"minecraft:used":{"minecraft:knowledge_book":3,"minecraft:stone_shovel":91,"minecraft:stone_pickaxe":891,"minecraft:oak_planks":22,"minecraft:wooden_pickaxe":3,"biomesoplenty:flowering_oak_sapling":2,"minecraft:oak_door":2,"minecraft:torch":26,"minecraft:dirt":49,"minecraft:crafting_table":5,"biomesoplenty:jacaranda_planks":514,"born_in_chaos_v1:corpse_maggot":2,"minecraft:apple":2,"minecraft:stone_axe":245,"biomesoplenty:jacaranda_sapling":2,"minecraft:cobblestone":23,"minecraft:oak_sapling":1,"minecraft:furnace":3,"tombstone:gift":1,"quark:oak_chest":4}},"DataVersion":3465}