{"stats":{"minecraft:dropped":{"minecraft:wooden_pickaxe":2},"minecraft:picked_up":{"minecraft:raw_iron":10,"minecraft:crafting_table":1,"minecraft:brown_wool":2,"alexsmobs:bison_fur":1,"minecraft:oak_log":9,"minecraft:string":1,"minecraft:spider_eye":1,"minecraft:arrow":2,"minecraft:bundle":1,"minecraft:dirt":10,"minecraft:bone":3,"minecraft:rotten_flesh":2,"minecraft:apple":1,"minecraft:beef":6,"minecraft:oak_sapling":1,"minecraft:coal":14,"minecraft:white_wool":3,"minecraft:cobblestone":27},"minecraft:custom":{"minecraft:time_since_rest":2958,"minecraft:interact_with_furnace":13,"minecraft:sprint_one_cm":63236,"minecraft:damage_taken":1826,"minecraft:walk_one_cm":67164,"minecraft:mob_kills":6,"minecraft:drop":2,"minecraft:damage_dealt":1615,"minecraft:interact_with_crafting_table":13,"minecraft:fly_one_cm":74762,"minecraft:open_chest":7,"tombstone:undead_killed":5,"minecraft:crouch_one_cm":2494,"minecraft:play_time":20518,"minecraft:deaths":5,"minecraft:sneak_time":1050,"minecraft:jump":439,"minecraft:time_since_death":3279,"minecraft:total_world_time":20518,"minecraft:climb_one_cm":1888,"minecraft:fall_one_cm":8281},"minecraft:used":{"minecraft:knowledge_book":2,"minecraft:apple":1,"minecraft:stone_sword":34,"minecraft:stone_pickaxe":47,"minecraft:wooden_pickaxe":5,"minecraft:rotten_flesh":1,"minecraft:stone_axe":16,"minecraft:cobblestone":1,"minecraft:crafting_table":3,"minecraft:furnace":2,"tombstone:gift":1,"quark:oak_chest":1},"minecraft:killed_by":{"minecraft:skeleton":1,"minecraft:zombie":1},"minecraft:crafted":{"minecraft:cooked_beef":6,"minecraft:oak_planks":36,"minecraft:shield":1,"minecraft:crafting_table":2,"minecraft:stick":12,"quark:oak_chest":1,"minecraft:iron_ingot":10,"minecraft:wooden_pickaxe":2,"minecraft:stone_pickaxe":1,"minecraft:stone_sword":1,"minecraft:furnace":2,"minecraft:stone_axe":1,"minecraft:shears":1,"minecraft:air":0},"minecraft:killed":{"minecraft:skeleton":1,"minecraft:zombie":2,"undead_revamp2:the_moonflower":1,"alexsmobs:bison":1,"born_in_chaos_v1:decrepit_skeleton":1},"minecraft:mined":{"minecraft:iron_ore":10,"minecraft:crafting_table":1,"minecraft:coal_ore":14,"biomesoplenty:bush":1,"minecraft:grass_block":4,"minecraft:oak_log":10,"minecraft:dirt":6,"minecraft:stone":27,"minecraft:oak_leaves":12}},"DataVersion":3465}