{"stats":{"minecraft:crafted":{"minecraft:oak_planks":60,"minecraft:cooked_chicken":3,"minecraft:stone":72,"minecraft:lever":3,"minecraft:heavy_weighted_pressure_plate":1,"minecraft:cooked_mutton":1,"minecraft:bow":1,"minecraft:iron_boots":2,"minecraft:stone_hoe":1,"sophisticatedbackpacks:backpack":1,"biomesoplenty:jacaranda_planks":436,"minecraft:crafting_table":3,"minecraft:wooden_pickaxe":1,"minecraft:baked_potato":118,"minecraft:iron_helmet":3,"minecraft:copper_ingot":85,"minecraft:campfire":1,"minecraft:iron_chestplate":3,"minecraft:shield":2,"minecraft:stick":72,"quark:oak_chest":3,"minecraft:iron_ingot":133,"minecraft:iron_pickaxe":4,"minecraft:shears":1,"minecraft:oak_door":3,"minecraft:stone_shovel":2,"minecraft:iron_nugget":9,"minecraft:furnace":6,"minecraft:stone_button":8,"minecraft:bone_meal":84,"simplyswords:iron_warglaive":1,"minecraft:flint_and_steel":1,"minecraft:iron_axe":1,"minecraft:stone_pickaxe":9,"biomesoplenty:jacaranda_door":3,"sophisticatedbackpacks:iron_backpack":1,"minecraft:cooked_beef":29,"minecraft:coal_block":1,"simplyswords:iron_chakram":1,"minecraft:iron_sword":1,"minecraft:bucket":1,"minecraft:stone_axe":2,"minecraft:bread":1,"minecraft:air":0,"minecraft:iron_leggings":3,"minecraft:white_bed":1,"minecraft:torch":56},"minecraft:killed_by":{"minecraft:cave_spider":1,"minecraft:zombie":3,"minecraft:player":1,"alexsmobs:bison":1,"undead_revamp2:thespitter":1,"minecraft:skeleton":3},"minecraft:broken":{"minecraft:iron_boots":2,"minecraft:iron_chestplate":1,"minecraft:iron_leggings":2,"simplyswords:iron_warglaive":1,"minecraft:stone_pickaxe":8,"minecraft:stone_axe":2,"minecraft:iron_sword":1,"minecraft:stone_hoe":1,"minecraft:shield":2,"minecraft:iron_pickaxe":3,"minecraft:iron_helmet":2},"minecraft:used":{"minecraft:dispenser":1,"minecraft:shield":63,"minecraft:iron_sword":219,"alexscaves:galena":162,"minecraft:carrot":59,"minecraft:cracked_deepslate_tiles":2,"simplefarming:blueberries":2,"simplefarming:raspberries":5,"born_in_chaos_v1:corpse_maggot":7,"minecraft:lava_bucket":1,"minecraft:iron_helmet":1,"biomesoplenty:jacaranda_sapling":3,"minecraft:bow":11,"minecraft:oak_sapling":2,"minecraft:furnace":13,"minecraft:potato":43,"minecraft:diorite":2,"minecraft:stone_pickaxe":1108,"minecraft:oak_planks":38,"minecraft:wooden_pickaxe":3,"biomesoplenty:flowering_oak_sapling":2,"minecraft:sugar_cane":4,"simplefarming:strawberries":4,"minecraft:golden_apple":2,"minecraft:glow_berries":16,"simplyswords:iron_chakram":281,"minecraft:shears":7,"biomesoplenty:jacaranda_planks":582,"minecraft:bread":30,"born_in_chaos_v1:rotten_fish":1,"minecraft:cooked_rabbit":2,"minecraft:andesite":7,"minecraft:chain":1,"biomesoplenty:jacaranda_leaves":5,"minecraft:bone_meal":85,"minecraft:flint_and_steel":8,"minecraft:stone_shovel":91,"undead_revamp2:blacpetalblock":1,"simplyswords:iron_warglaive":256,"minecraft:stone_hoe":131,"minecraft:cooked_chicken":5,"minecraft:oak_door":2,"minecraft:torch":139,"minecraft:dirt":141,"minecraft:granite":2,"minecraft:iron_axe":179,"farmersdelight:cooking_pot":1,"tombstone:gift":4,"minecraft:cooked_beef":23,"minecraft:observer":2,"minecraft:knowledge_book":111,"minecraft:wheat_seeds":4,"minecraft:cooked_mutton":5,"biomesoplenty:jacaranda_door":7,"minecraft:water_bucket":16,"farmersdelight:skillet":4,"minecraft:baked_potato":102,"minecraft:crafting_table":14,"minecraft:white_bed":5,"minecraft:apple":5,"minecraft:iron_pickaxe":905,"minecraft:stone_axe":256,"minecraft:cobblestone":116,"minecraft:cooked_porkchop":2,"minecraft:bucket":18,"quark:oak_chest":4},"minecraft:killed":{"zombie_more:cursed_zombie":1,"minecraft:cave_spider":4,"zombie_more:tank_zombie":1,"born_in_chaos_v1:restless_spirit":1,"minecraft:spider":2,"undead_revamp2:thesmoker":1,"born_in_chaos_v1:siamese_skeletonsright":1,"born_in_chaos_v1:baby_skeleton_minion":2,"undead_revamp2:theswarmer":1,"minecraft:skeleton":14,"born_in_chaos_v1:skeleton_thrasher":1,"undead_revamp2:therod":3,"undead_revamp2:thepregnant":1,"born_in_chaos_v1:firelight_not_despawn":2,"undead_revamp2:thespitter":1,"alexscaves:teletor":1,"alexscaves:notor":6,"zombie_more:boomer_zombie":1,"minecraft:pig":2,"minecraft:creeper":2,"minecraft:sheep":3,"undead_revamp2:thebidyupside":1,"minecraft:pillager":2,"minecraft:zombie":35,"born_in_chaos_v1:dread_hound":2,"born_in_chaos_v1:corpse_fly":6,"alexsmobs:fly":2,"born_in_chaos_v1:door_knight":2,"born_in_chaos_v1:siamese_skeletonsleft":1,"minecraft:cow":5,"undead_revamp2:thehunter":3,"born_in_chaos_v1:zombie_bruiser":1,"born_in_chaos_v1:maggot":16,"minecraft:phantom":5,"undead_revamp2:thebidy":2,"alexsmobs:bison":6,"minecraft:drowned":1,"born_in_chaos_v1:corpse_fish":4,"undead_revamp2:sucker":4,"born_in_chaos_v1:barrel_zombie":1,"zombie_more:crawler_zombie":6,"undead_revamp2:the_moonflower":4,"born_in_chaos_v1:decrepit_skeleton":3,"undead_revamp2:thesomnolence":1},"minecraft:custom":{"minecraft:interact_with_crafting_table":111,"minecraft:open_barrel":13,"minecraft:leave_game":6,"minecraft:time_since_death":828,"minecraft:damage_resisted":27,"minecraft:sprint_one_cm":1459688,"minecraft:damage_blocked_by_shield":3479,"minecraft:drop":111,"minecraft:play_time":544264,"minecraft:deaths":42,"minecraft:jump":11249,"minecraft:walk_on_water_one_cm":74911,"minecraft:interact_with_furnace":197,"minecraft:sleep_in_bed":7,"minecraft:damage_dealt":32934,"minecraft:crouch_one_cm":108732,"tombstone:undead_killed":91,"minecraft:interact_with_smoker":6,"minecraft:interact_with_smithing_table":1,"minecraft:mob_kills":175,"minecraft:damage_dealt_resisted":1302,"minecraft:climb_one_cm":11032,"minecraft:walk_one_cm":2032093,"minecraft:damage_dealt_absorbed":30,"minecraft:sneak_time":26920,"minecraft:walk_under_water_one_cm":43102,"minecraft:total_world_time":544264,"tombstone:raider_killed":2,"minecraft:time_since_rest":790,"minecraft:damage_absorbed":80,"minecraft:damage_taken":22760,"minecraft:swim_one_cm":61152,"minecraft:fly_one_cm":1167358,"minecraft:open_chest":218,"minecraft:fall_one_cm":147494},"minecraft:picked_up":{"minecraft:wheat":19,"minecraft:knowledge_book":1,"tombstone:grave_key":2,"minecraft:polished_deepslate":4,"minecraft:string":50,"minecraft:raw_copper":84,"zombie_more:acid_drool":1,"biomesoplenty:tall_lavender":1,"minecraft:pufferfish":1,"minecraft:redstone_torch":3,"minecraft:cobblestone_slab":12,"minecraft:iron_pickaxe":1,"minecraft:coal_block":1,"minecraft:furnace":8,"minecraft:iron_boots":1,"minecraft:stick":10,"born_in_chaos_v1:shattered_skull":1,"minecraft:oak_fence":2,"minecraft:torch":69,"alexscaves:raw_azure_neodymium":32,"minecraft:porkchop":5,"simplefarming:raspberries":6,"tombstone:grave_dust":8,"minecraft:diorite":2,"quark:clear_shard":36,"minecraft:rotten_flesh":143,"alexscaves:notor_gizmo":1,"minecraft:cobblestone":1557,"biomesoplenty:lavender":1,"minecraft:iron_door":1,"born_in_chaos_v1:spiritual_dust":1,"minecraft:andesite":8,"minecraft:potato":123,"alexsmobs:bison_fur":4,"minecraft:flint":25,"undead_revamp2:huntereye":1,"jeg:scrap":157,"minecraft:lapis_lazuli":1,"minecraft:dirt":270,"zombie_more:crawler_gut":2,"alexscaves:galena":402,"minecraft:bone":29,"simplefarming:cucumber_seeds":1,"undead_revamp2:blacpetalblock":2,"minecraft:wheat_seeds":33,"minecraft:oak_planks":56,"minecraft:cooked_porkchop":2,"simplefarming:radish_seeds":3,"minecraft:sand":7,"alexsmobs:animal_dictionary":1,"minecraft:bundle":1,"minecraft:dispenser":1,"born_in_chaos_v1:fire_dust":2,"minecraft:bone_meal":1,"minecraft:granite":2,"minecraft:bread":6,"alexsmobs:maggot":1,"pfm:furniture_book":1,"born_in_chaos_v1:rotten_fish":1,"minecraft:oak_sapling":8,"minecraft:crimson_roots":4,"alexscaves:raw_scarlet_neodymium":33,"minecraft:fishing_rod":1,"minecraft:charcoal":16,"simplefarming:pea_seeds":2,"minecraft:crafting_table":11,"minecraft:allium":1,"minecraft:ladder":3,"born_in_chaos_v1:seedof_chaos":2,"minecraft:cooked_rabbit":2,"biomesoplenty:jacaranda_sapling":3,"minecraft:chain":1,"alexscaves:metal_swarf":12,"minecraft:beef":76,"minecraft:observer":2,"minecraft:iron_nugget":14,"minecraft:sugar_cane":4,"simplefarming:barley_seeds":1,"minecraft:phantom_membrane":1,"minecraft:raw_iron":145,"minecraft:oak_door":1,"minecraft:copper_ingot":22,"simplefarming:yam_seeds":1,"born_in_chaos_v1:pieceofdarkmetal":1,"minecraft:carrot":46,"minecraft:arrow":11,"biomesoplenty:jacaranda_log":125,"simplefarming:strawberries":12,"minecraft:glow_berries":2,"minecraft:mutton":4,"minecraft:cracked_deepslate_tiles":2,"minecraft:rail":1,"minecraft:white_wool":21,"born_in_chaos_v1:fused_bone":4,"born_in_chaos_v1:corpse_maggot":16,"simplefarming:soybean_seeds":1,"born_in_chaos_v1:monster_flesh":1,"minecraft:glow_ink_sac":13,"minecraft:leather":6,"biomesoplenty:jacaranda_door":4,"minecraft:oak_log":26,"biomesoplenty:jacaranda_planks":265,"minecraft:gunpowder":9,"minecraft:cooked_mutton":4,"minecraft:apple":2,"minecraft:stone_bricks":3,"simplyswords:iron_warglaive":1,"minecraft:iron_ingot":7,"minecraft:cooked_chicken":4,"simplefarming:pear_sapling":1,"jeg:tech_trash":14,"born_in_chaos_v1:ethereal_spirit":1,"minecraft:gravel":156,"simplefarming:blueberries":5,"minecraft:white_bed":6,"simplefarming:squash_seeds":2,"biomesoplenty:jacaranda_leaves":5,"quark:oak_chest":2,"biomesoplenty:flowering_oak_sapling":2,"minecraft:slime_ball":11,"minecraft:stone_axe":1,"minecraft:gray_wool":1,"alexscaves:scarlet_neodymium_pillar":20,"alexscaves:azure_neodymium_pillar":21,"minecraft:baked_potato":14,"tombstone:magic_scroll":3,"simplefarming:cotton_seeds":2,"minecraft:coal":147,"minecraft:ender_pearl":1},"minecraft:dropped":{"minecraft:baked_potato":30,"simplefarming:radish_seeds":3,"minecraft:glow_berries":2,"minecraft:leather":4,"minecraft:rail":1,"simplefarming:pea_seeds":2,"minecraft:dirt":16,"minecraft:dispenser":1,"simplefarming:squash_seeds":2,"minecraft:white_wool":5,"minecraft:bone":1,"minecraft:oak_door":2,"minecraft:gravel":66,"minecraft:stone_axe":1,"minecraft:iron_nugget":3,"minecraft:cooked_chicken":2,"born_in_chaos_v1:ethereal_spirit":1,"minecraft:rotten_flesh":84,"minecraft:oak_planks":1,"minecraft:white_bed":1,"born_in_chaos_v1:corpse_maggot":2,"minecraft:ladder":2,"minecraft:beef":16,"simplefarming:barley_seeds":1,"biomesoplenty:tall_lavender":1,"minecraft:iron_ingot":1,"minecraft:wheat_seeds":23,"biomesoplenty:lavender":1,"minecraft:oak_fence":2,"minecraft:cobblestone":90,"minecraft:knowledge_book":2,"minecraft:observer":1,"minecraft:apple":2,"biomesoplenty:jacaranda_planks":26,"minecraft:coal":8,"minecraft:pufferfish":1,"biomesoplenty:jacaranda_log":2,"minecraft:stick":14,"minecraft:gray_wool":1,"simplefarming:soybean_seeds":1,"quark:clear_shard":36,"minecraft:torch":33,"tombstone:grave_key":1,"born_in_chaos_v1:fused_bone":4,"tombstone:grave_dust":4,"minecraft:polished_deepslate":4,"simplefarming:cotton_seeds":2,"minecraft:stone_shovel":1,"minecraft:iron_boots":2,"minecraft:cobblestone_slab":6,"minecraft:allium":1,"simplefarming:cucumber_seeds":1,"minecraft:andesite":1,"minecraft:oak_sapling":1,"minecraft:stone_bricks":2,"minecraft:stone_pickaxe":1,"minecraft:wooden_pickaxe":1,"simplyswords:iron_warglaive":1},"minecraft:mined":{"minecraft:spruce_planks":3,"minecraft:white_bed":6,"minecraft:sculk_vein":2,"alexscaves:azure_neodymium_pillar":22,"minecraft:granite":1,"minecraft:grass_block":36,"biomesoplenty:flowering_oak_leaves":12,"minecraft:coal_block":1,"minecraft:spawner":1,"biomesoplenty:tall_lavender":2,"minecraft:iron_ore":119,"minecraft:fire":6,"alexscaves:scarlet_neodymium_node":1,"biomesoplenty:webbing":6,"biomesoplenty:jacaranda_leaves":45,"biomesoplenty:jacaranda_planks":133,"minecraft:torch":8,"alexscaves:energized_galena_neutral":1,"alexscaves:energized_galena_scarlet":24,"minecraft:glass":6,"minecraft:cobblestone":31,"minecraft:sugar_cane":2,"minecraft:oak_planks":40,"minecraft:wall_torch":19,"minecraft:grass":186,"minecraft:cracked_deepslate_tiles":2,"minecraft:oak_log":24,"minecraft:dirt":131,"minecraft:oak_leaves":34,"minecraft:oak_door":1,"biomesoplenty:bush":12,"horror_element_mod:light_on":1,"alexscaves:galena":370,"biomesoplenty:jacaranda_log":131,"minecraft:furnace":9,"alexscaves:energized_galena_azure":18,"minecraft:andesite":5,"biomesoplenty:high_grass":49,"biomesoplenty:jacaranda_door":3,"biomesoplenty:spider_egg":1,"minecraft:stone":1128,"minecraft:glass_pane":1,"jeg:scrap_ore":76,"quark:oak_chest":2,"alexscaves:azure_neodymium_node":1,"minecraft:observer":1,"minecraft:crafting_table":11,"undead_revamp2:blacpetalblock":1,"alexscaves:metal_swarf":6,"biomesoplenty:high_grass_plant":146,"minecraft:tall_grass":19,"minecraft:copper_ore":27,"minecraft:sculk":2,"minecraft:diorite":6,"alexscaves:galena_iron_ore":18,"minecraft:coal_ore":97,"minecraft:gravel":86,"biomesoplenty:stringy_cobweb":1,"minecraft:cobweb":43,"minecraft:stone_bricks":7,"alexscaves:scarlet_neodymium_pillar":9}},"DataVersion":3465}