{"stats":{"minecraft:crafted":{"minecraft:oak_planks":60,"minecraft:cooked_chicken":3,"minecraft:stone":72,"minecraft:lever":3,"minecraft:heavy_weighted_pressure_plate":1,"minecraft:bow":1,"minecraft:iron_boots":1,"minecraft:stone_hoe":1,"sophisticatedbackpacks:backpack":1,"biomesoplenty:jacaranda_planks":436,"minecraft:crafting_table":3,"minecraft:wooden_pickaxe":1,"minecraft:baked_potato":118,"minecraft:iron_helmet":2,"minecraft:copper_ingot":85,"minecraft:campfire":1,"minecraft:iron_chestplate":2,"minecraft:shield":2,"minecraft:stick":68,"quark:oak_chest":3,"minecraft:iron_ingot":111,"minecraft:iron_pickaxe":4,"minecraft:shears":1,"minecraft:oak_door":3,"minecraft:stone_shovel":2,"minecraft:iron_nugget":9,"minecraft:furnace":6,"minecraft:stone_button":8,"minecraft:bone_meal":84,"simplyswords:iron_warglaive":1,"minecraft:flint_and_steel":1,"minecraft:iron_axe":1,"minecraft:stone_pickaxe":9,"biomesoplenty:jacaranda_door":3,"sophisticatedbackpacks:iron_backpack":1,"minecraft:cooked_beef":19,"minecraft:coal_block":1,"simplyswords:iron_chakram":1,"minecraft:iron_sword":1,"minecraft:bucket":1,"minecraft:stone_axe":2,"minecraft:bread":1,"minecraft:air":0,"minecraft:iron_leggings":2,"minecraft:white_bed":1,"minecraft:torch":40},"minecraft:killed_by":{"minecraft:cave_spider":1,"minecraft:zombie":3,"minecraft:player":1,"alexsmobs:bison":1,"undead_revamp2:thespitter":1,"minecraft:skeleton":3},"minecraft:broken":{"minecraft:iron_boots":1,"minecraft:iron_chestplate":1,"minecraft:iron_leggings":1,"simplyswords:iron_warglaive":1,"minecraft:stone_pickaxe":8,"minecraft:stone_axe":2,"minecraft:iron_sword":1,"minecraft:stone_hoe":1,"minecraft:shield":1,"minecraft:iron_pickaxe":3,"minecraft:iron_helmet":2},"minecraft:used":{"minecraft:shield":61,"minecraft:iron_sword":219,"alexscaves:galena":162,"minecraft:carrot":59,"simplefarming:blueberries":2,"simplefarming:raspberries":5,"born_in_chaos_v1:corpse_maggot":7,"minecraft:lava_bucket":1,"minecraft:iron_helmet":1,"biomesoplenty:jacaranda_sapling":3,"minecraft:bow":11,"minecraft:oak_sapling":2,"minecraft:furnace":13,"minecraft:potato":43,"minecraft:diorite":2,"minecraft:stone_pickaxe":1108,"minecraft:oak_planks":38,"minecraft:wooden_pickaxe":3,"biomesoplenty:flowering_oak_sapling":2,"minecraft:sugar_cane":4,"simplefarming:strawberries":4,"minecraft:golden_apple":2,"minecraft:glow_berries":16,"simplyswords:iron_chakram":118,"minecraft:shears":7,"biomesoplenty:jacaranda_planks":582,"minecraft:bread":30,"born_in_chaos_v1:rotten_fish":1,"minecraft:cooked_rabbit":2,"minecraft:andesite":7,"minecraft:chain":1,"biomesoplenty:jacaranda_leaves":5,"minecraft:bone_meal":85,"minecraft:flint_and_steel":8,"minecraft:stone_shovel":91,"undead_revamp2:blacpetalblock":1,"simplyswords:iron_warglaive":256,"minecraft:stone_hoe":131,"minecraft:cooked_chicken":5,"minecraft:oak_door":2,"minecraft:torch":136,"minecraft:dirt":141,"minecraft:granite":2,"minecraft:iron_axe":174,"farmersdelight:cooking_pot":1,"tombstone:gift":4,"minecraft:cooked_beef":14,"minecraft:knowledge_book":111,"minecraft:wheat_seeds":4,"minecraft:cooked_mutton":4,"biomesoplenty:jacaranda_door":7,"minecraft:water_bucket":14,"farmersdelight:skillet":4,"minecraft:baked_potato":102,"minecraft:crafting_table":12,"minecraft:white_bed":4,"minecraft:apple":5,"minecraft:iron_pickaxe":901,"minecraft:stone_axe":256,"minecraft:cobblestone":116,"minecraft:cooked_porkchop":2,"minecraft:bucket":16,"quark:oak_chest":4},"minecraft:killed":{"zombie_more:cursed_zombie":1,"minecraft:cave_spider":4,"born_in_chaos_v1:restless_spirit":1,"minecraft:spider":2,"undead_revamp2:thesmoker":1,"born_in_chaos_v1:siamese_skeletonsright":1,"born_in_chaos_v1:baby_skeleton_minion":2,"undead_revamp2:theswarmer":1,"minecraft:skeleton":13,"born_in_chaos_v1:skeleton_thrasher":1,"undead_revamp2:therod":3,"born_in_chaos_v1:firelight_not_despawn":2,"alexscaves:teletor":1,"alexscaves:notor":6,"zombie_more:boomer_zombie":1,"minecraft:pig":2,"minecraft:creeper":2,"minecraft:sheep":1,"undead_revamp2:thebidyupside":1,"minecraft:pillager":2,"minecraft:zombie":26,"born_in_chaos_v1:dread_hound":2,"born_in_chaos_v1:corpse_fly":6,"alexsmobs:fly":2,"born_in_chaos_v1:door_knight":2,"born_in_chaos_v1:siamese_skeletonsleft":1,"minecraft:cow":2,"undead_revamp2:thehunter":2,"born_in_chaos_v1:zombie_bruiser":1,"born_in_chaos_v1:maggot":13,"minecraft:phantom":5,"undead_revamp2:thebidy":2,"alexsmobs:bison":6,"born_in_chaos_v1:corpse_fish":4,"undead_revamp2:sucker":3,"zombie_more:crawler_zombie":4,"undead_revamp2:the_moonflower":4,"born_in_chaos_v1:decrepit_skeleton":3,"undead_revamp2:thesomnolence":1},"minecraft:custom":{"minecraft:interact_with_crafting_table":106,"minecraft:open_barrel":11,"minecraft:leave_game":6,"minecraft:time_since_death":12720,"minecraft:damage_resisted":27,"minecraft:sprint_one_cm":1405211,"minecraft:damage_blocked_by_shield":3329,"minecraft:drop":95,"minecraft:play_time":520264,"minecraft:deaths":39,"minecraft:jump":10905,"minecraft:walk_on_water_one_cm":60648,"minecraft:interact_with_furnace":185,"minecraft:sleep_in_bed":6,"minecraft:damage_dealt":27809,"minecraft:crouch_one_cm":107237,"tombstone:undead_killed":72,"minecraft:interact_with_smoker":2,"minecraft:mob_kills":144,"minecraft:damage_dealt_resisted":1252,"minecraft:climb_one_cm":3172,"minecraft:walk_one_cm":1913966,"minecraft:sneak_time":26179,"minecraft:walk_under_water_one_cm":38075,"minecraft:total_world_time":520264,"tombstone:raider_killed":2,"minecraft:time_since_rest":10657,"minecraft:damage_absorbed":80,"minecraft:damage_taken":21051,"minecraft:swim_one_cm":54784,"minecraft:fly_one_cm":1112194,"minecraft:open_chest":213,"minecraft:fall_one_cm":140814},"minecraft:picked_up":{"minecraft:wheat":19,"minecraft:knowledge_book":1,"tombstone:grave_key":2,"minecraft:string":50,"minecraft:raw_copper":84,"zombie_more:acid_drool":1,"biomesoplenty:tall_lavender":1,"minecraft:cobblestone_slab":12,"minecraft:iron_pickaxe":1,"minecraft:coal_block":1,"minecraft:furnace":7,"minecraft:iron_boots":1,"minecraft:stick":10,"born_in_chaos_v1:shattered_skull":1,"minecraft:oak_fence":2,"minecraft:torch":68,"alexscaves:raw_azure_neodymium":32,"minecraft:porkchop":5,"simplefarming:raspberries":6,"tombstone:grave_dust":8,"minecraft:diorite":2,"minecraft:rotten_flesh":79,"alexscaves:notor_gizmo":1,"minecraft:cobblestone":1557,"biomesoplenty:lavender":1,"born_in_chaos_v1:spiritual_dust":1,"minecraft:andesite":8,"minecraft:potato":123,"alexsmobs:bison_fur":4,"minecraft:flint":25,"undead_revamp2:huntereye":1,"jeg:scrap":157,"minecraft:dirt":235,"zombie_more:crawler_gut":2,"alexscaves:galena":402,"minecraft:bone":24,"simplefarming:cucumber_seeds":1,"undead_revamp2:blacpetalblock":2,"minecraft:wheat_seeds":29,"minecraft:oak_planks":56,"minecraft:cooked_porkchop":2,"simplefarming:radish_seeds":3,"alexsmobs:animal_dictionary":1,"minecraft:bundle":1,"born_in_chaos_v1:fire_dust":2,"minecraft:bone_meal":1,"minecraft:granite":2,"minecraft:bread":6,"alexsmobs:maggot":1,"pfm:furniture_book":1,"born_in_chaos_v1:rotten_fish":1,"minecraft:oak_sapling":8,"minecraft:crimson_roots":4,"alexscaves:raw_scarlet_neodymium":33,"minecraft:charcoal":13,"simplefarming:pea_seeds":2,"minecraft:crafting_table":10,"minecraft:allium":1,"minecraft:ladder":1,"born_in_chaos_v1:seedof_chaos":2,"minecraft:cooked_rabbit":2,"biomesoplenty:jacaranda_sapling":3,"minecraft:chain":1,"alexscaves:metal_swarf":12,"minecraft:beef":70,"minecraft:iron_nugget":8,"minecraft:sugar_cane":4,"simplefarming:barley_seeds":1,"minecraft:phantom_membrane":1,"minecraft:raw_iron":138,"minecraft:oak_door":1,"minecraft:copper_ingot":19,"simplefarming:yam_seeds":1,"born_in_chaos_v1:pieceofdarkmetal":1,"minecraft:carrot":46,"minecraft:arrow":9,"biomesoplenty:jacaranda_log":125,"simplefarming:strawberries":4,"minecraft:glow_berries":2,"minecraft:rail":1,"minecraft:white_wool":20,"born_in_chaos_v1:fused_bone":4,"born_in_chaos_v1:corpse_maggot":13,"simplefarming:soybean_seeds":1,"born_in_chaos_v1:monster_flesh":1,"minecraft:glow_ink_sac":12,"minecraft:leather":2,"biomesoplenty:jacaranda_door":4,"minecraft:oak_log":26,"biomesoplenty:jacaranda_planks":262,"minecraft:gunpowder":9,"minecraft:cooked_mutton":4,"minecraft:apple":2,"minecraft:stone_bricks":1,"simplyswords:iron_warglaive":1,"minecraft:iron_ingot":6,"minecraft:cooked_chicken":4,"simplefarming:pear_sapling":1,"jeg:tech_trash":14,"born_in_chaos_v1:ethereal_spirit":1,"minecraft:gravel":156,"simplefarming:blueberries":5,"minecraft:white_bed":5,"simplefarming:squash_seeds":2,"biomesoplenty:jacaranda_leaves":5,"quark:oak_chest":2,"biomesoplenty:flowering_oak_sapling":2,"minecraft:slime_ball":6,"minecraft:stone_axe":1,"alexscaves:scarlet_neodymium_pillar":20,"alexscaves:azure_neodymium_pillar":21,"minecraft:baked_potato":14,"tombstone:magic_scroll":2,"simplefarming:cotton_seeds":2,"minecraft:coal":147,"minecraft:ender_pearl":1},"minecraft:dropped":{"minecraft:baked_potato":30,"simplefarming:radish_seeds":3,"minecraft:glow_berries":2,"minecraft:leather":4,"minecraft:rail":1,"simplefarming:pea_seeds":2,"minecraft:dirt":16,"simplefarming:squash_seeds":2,"minecraft:white_wool":5,"minecraft:bone":1,"minecraft:oak_door":2,"minecraft:gravel":66,"minecraft:stone_axe":1,"minecraft:iron_nugget":3,"minecraft:cooked_chicken":2,"born_in_chaos_v1:ethereal_spirit":1,"minecraft:rotten_flesh":26,"minecraft:oak_planks":1,"minecraft:white_bed":1,"born_in_chaos_v1:corpse_maggot":2,"minecraft:beef":16,"simplefarming:barley_seeds":1,"minecraft:iron_ingot":1,"minecraft:wheat_seeds":22,"biomesoplenty:lavender":1,"minecraft:oak_fence":2,"minecraft:cobblestone":90,"minecraft:knowledge_book":2,"minecraft:apple":2,"biomesoplenty:jacaranda_planks":26,"minecraft:coal":8,"biomesoplenty:jacaranda_log":2,"minecraft:stick":14,"simplefarming:soybean_seeds":1,"minecraft:torch":33,"tombstone:grave_key":1,"born_in_chaos_v1:fused_bone":4,"tombstone:grave_dust":4,"simplefarming:cotton_seeds":2,"minecraft:stone_shovel":1,"minecraft:iron_boots":2,"minecraft:cobblestone_slab":6,"minecraft:allium":1,"simplefarming:cucumber_seeds":1,"minecraft:andesite":1,"minecraft:oak_sapling":1,"minecraft:stone_pickaxe":1,"minecraft:wooden_pickaxe":1,"simplyswords:iron_warglaive":1},"minecraft:mined":{"minecraft:white_bed":5,"alexscaves:azure_neodymium_pillar":22,"minecraft:granite":1,"minecraft:grass_block":36,"biomesoplenty:flowering_oak_leaves":12,"minecraft:coal_block":1,"minecraft:spawner":1,"biomesoplenty:tall_lavender":2,"minecraft:iron_ore":119,"minecraft:fire":6,"alexscaves:scarlet_neodymium_node":1,"biomesoplenty:webbing":6,"biomesoplenty:jacaranda_leaves":45,"biomesoplenty:jacaranda_planks":133,"minecraft:torch":8,"alexscaves:energized_galena_neutral":1,"alexscaves:energized_galena_scarlet":24,"minecraft:cobblestone":31,"minecraft:sugar_cane":2,"minecraft:oak_planks":40,"minecraft:wall_torch":18,"minecraft:grass":161,"minecraft:oak_log":24,"minecraft:dirt":131,"minecraft:oak_leaves":34,"minecraft:oak_door":1,"biomesoplenty:bush":12,"alexscaves:galena":370,"biomesoplenty:jacaranda_log":131,"minecraft:furnace":8,"alexscaves:energized_galena_azure":18,"minecraft:andesite":5,"biomesoplenty:high_grass":49,"biomesoplenty:jacaranda_door":3,"biomesoplenty:spider_egg":1,"minecraft:stone":1128,"jeg:scrap_ore":76,"quark:oak_chest":2,"alexscaves:azure_neodymium_node":1,"minecraft:crafting_table":10,"undead_revamp2:blacpetalblock":1,"alexscaves:metal_swarf":6,"biomesoplenty:high_grass_plant":146,"minecraft:tall_grass":13,"minecraft:copper_ore":27,"minecraft:diorite":6,"alexscaves:galena_iron_ore":18,"minecraft:coal_ore":97,"minecraft:gravel":86,"biomesoplenty:stringy_cobweb":1,"minecraft:cobweb":43,"minecraft:stone_bricks":7,"alexscaves:scarlet_neodymium_pillar":9}},"DataVersion":3465}