{"stats":{"minecraft:broken":{"minecraft:stone_pickaxe":1},"minecraft:dropped":{"minecraft:shield":1,"minecraft:brown_bed":1,"minecraft:wooden_pickaxe":2},"minecraft:picked_up":{"minecraft:crafting_table":1,"minecraft:brown_wool":3,"alexsmobs:bison_fur":1,"minecraft:oak_log":11,"minecraft:shield":1,"minecraft:dirt":10,"minecraft:string":1,"minecraft:bone":3,"minecraft:apple":1,"minecraft:beef":6,"minecraft:raw_iron":19,"minecraft:spider_eye":1,"minecraft:bundle":1,"minecraft:arrow":4,"minecraft:rotten_flesh":2,"tombstone:magic_scroll":1,"minecraft:oak_sapling":1,"minecraft:coal":45,"minecraft:oak_leaves":2,"minecraft:white_wool":5,"minecraft:cobblestone":75},"minecraft:custom":{"minecraft:interact_with_furnace":25,"minecraft:mob_kills":11,"minecraft:interact_with_crafting_table":21,"minecraft:time_since_death":476,"minecraft:climb_one_cm":1888,"minecraft:time_since_rest":155,"minecraft:sprint_one_cm":81713,"minecraft:damage_taken":2341,"minecraft:walk_one_cm":92285,"minecraft:damage_blocked_by_shield":60,"minecraft:drop":4,"minecraft:damage_dealt":2137,"minecraft:damage_dealt_absorbed":40,"minecraft:fly_one_cm":89219,"minecraft:open_chest":12,"minecraft:crouch_one_cm":6467,"minecraft:deaths":6,"minecraft:play_time":32518,"tombstone:undead_killed":7,"minecraft:sneak_time":2758,"minecraft:jump":573,"minecraft:total_world_time":32518,"minecraft:fall_one_cm":11569},"minecraft:used":{"minecraft:knowledge_book":2,"minecraft:stone_sword":34,"minecraft:stone_pickaxe":131,"minecraft:shield":1,"minecraft:wooden_pickaxe":5,"minecraft:iron_sword":12,"minecraft:rotten_flesh":1,"minecraft:torch":4,"minecraft:crafting_table":3,"minecraft:white_bed":1,"minecraft:shears":2,"minecraft:apple":1,"minecraft:iron_pickaxe":6,"minecraft:stone_axe":19,"minecraft:cobblestone":9,"minecraft:furnace":2,"tombstone:gift":1,"quark:oak_chest":1,"minecraft:cooked_beef":3},"minecraft:killed_by":{"minecraft:skeleton":1,"minecraft:zombie":1},"minecraft:crafted":{"minecraft:cooked_beef":6,"minecraft:oak_planks":44,"minecraft:crafting_table":2,"minecraft:wooden_pickaxe":2,"minecraft:iron_sword":1,"minecraft:furnace":2,"minecraft:brown_bed":1,"minecraft:stone_axe":1,"minecraft:air":0,"minecraft:shield":1,"minecraft:stick":20,"quark:oak_chest":1,"minecraft:iron_ingot":18,"minecraft:iron_pickaxe":1,"minecraft:stone_pickaxe":1,"minecraft:stone_sword":1,"minecraft:white_bed":1,"minecraft:torch":8,"minecraft:shears":1},"minecraft:killed":{"undead_revamp2:the_moonflower":1,"born_in_chaos_v1:decrepit_skeleton":1,"minecraft:phantom":2,"minecraft:skeleton":2,"minecraft:zombie":3,"alexsmobs:bison":1},"minecraft:mined":{"minecraft:crafting_table":1,"biomesoplenty:bush":1,"minecraft:grass_block":4,"minecraft:cobblestone":1,"minecraft:iron_ore":19,"minecraft:oak_log":12,"minecraft:coal_ore":45,"minecraft:dirt":6,"minecraft:stone":75,"minecraft:oak_leaves":16}},"DataVersion":3465}