{"stats":{"minecraft:crafted":{"minecraft:lever":3,"minecraft:cooked_mutton":6,"minecraft:glass":11,"minecraft:repeater":2,"born_in_chaos_v1:transformative_flower":1,"simplyswords:iron_claymore":1,"minecraft:copper_ingot":85,"minecraft:campfire":1,"quark:oak_chest":4,"minecraft:iron_pickaxe":6,"minecraft:golden_carrot":18,"minecraft:stone_shovel":2,"minecraft:iron_nugget":36,"minecraft:bone_meal":84,"jeg:scrap_workbench":1,"securitycraft:universal_block_remover":1,"minecraft:stone_pickaxe":9,"biomesoplenty:jacaranda_door":3,"simplyswords:iron_cutlass":1,"minecraft:coal_block":1,"simplyswords:iron_chakram":1,"sophisticatedbackpacks:gold_backpack":2,"simplyswords:iron_greathammer":4,"minecraft:wooden_axe":1,"minecraft:iron_leggings":3,"minecraft:white_bed":1,"minecraft:oak_planks":104,"minecraft:cooked_chicken":3,"minecraft:stone":78,"minecraft:heavy_weighted_pressure_plate":1,"securitycraft:laser_block":1,"minecraft:bow":1,"minecraft:iron_boots":2,"tombstone:grave_key":3,"minecraft:stone_hoe":1,"sophisticatedbackpacks:backpack":2,"biomesoplenty:jacaranda_planks":480,"minecraft:crafting_table":6,"minecraft:iron_helmet":3,"minecraft:baked_potato":118,"minecraft:wooden_pickaxe":1,"minecraft:birch_planks":8,"minecraft:iron_chestplate":3,"minecraft:shield":8,"sophisticatedbackpacks:diamond_backpack":2,"minecraft:stick":92,"minecraft:iron_ingot":133,"minecraft:redstone_torch":4,"minecraft:shears":1,"securitycraft:universal_block_reinforcer_lvl1":1,"minecraft:oak_door":3,"minecraft:coal":27,"minecraft:furnace":8,"minecraft:stone_button":8,"simplyswords:iron_warglaive":3,"minecraft:glass_pane":16,"minecraft:flint_and_steel":1,"minecraft:iron_axe":2,"born_in_chaos_v1:fried_maggot":6,"sophisticatedbackpacks:iron_backpack":2,"minecraft:cooked_beef":53,"minecraft:iron_sword":1,"minecraft:bucket":1,"minecraft:stone_axe":2,"minecraft:air":0,"minecraft:bread":1,"jeg:scrap_block":1,"minecraft:gold_nugget":144,"minecraft:torch":56},"minecraft:killed_by":{"minecraft:zombie":38,"minecraft:stray":4,"alexsmobs:bison":1,"undead_revamp2:thespitter":1,"minecraft:cave_spider":1,"minecraft:witch":1,"minecraft:player":3,"minecraft:skeleton":4},"minecraft:broken":{"simplyswords:iron_chakram":1,"minecraft:iron_boots":6,"minecraft:iron_chestplate":2,"minecraft:iron_leggings":4,"simplyswords:iron_warglaive":2,"simplyswords:iron_twinblade":1,"minecraft:iron_sword":3,"simplyswords:iron_greathammer":1,"minecraft:stone_hoe":1,"minecraft:shield":9,"simplyswords:iron_cutlass":1,"minecraft:iron_axe":1,"minecraft:iron_pickaxe":6,"minecraft:iron_helmet":3,"minecraft:stone_pickaxe":8,"simplyswords:iron_claymore":1,"minecraft:stone_axe":2,"minecraft:diamond_chestplate":1},"minecraft:used":{"minecraft:dispenser":1,"simplefarming:cherries":7,"minecraft:cracked_deepslate_tiles":2,"born_in_chaos_v1:soul_cutlass":6,"born_in_chaos_v1:smoked_flesh":4,"minecraft:lava_bucket":1,"minecraft:birch_sapling":1,"minecraft:stone_brick_stairs":1,"biomesoplenty:jacaranda_sapling":3,"minecraft:bow":27,"minecraft:oak_sapling":7,"minecraft:furnace":18,"minecraft:egg":2,"minecraft:potato":43,"minecraft:diorite":41,"minecraft:wooden_pickaxe":3,"biomesoplenty:flowering_oak_sapling":2,"minecraft:golden_apple":3,"minecraft:glow_berries":16,"securitycraft:universal_block_remover":2,"biomesoplenty:jacaranda_planks":619,"born_in_chaos_v1:monster_flesh":1,"minecraft:polished_granite":1,"minecraft:lilac":3,"minecraft:polished_andesite_slab":1,"simplyswords:iron_cutlass":250,"securitycraft:reinforced_stripped_birch_log":1,"simplyswords:iron_warglaive":656,"born_in_chaos_v1:fried_maggot":6,"minecraft:torch":161,"minecraft:iron_axe":244,"minecraft:barrel":1,"minecraft:diamond_chestplate":2,"farmersdelight:cooking_pot":1,"tombstone:gift":4,"undead_revamp2:arapholia":1,"minecraft:cobbled_deepslate":2,"minecraft:observer":2,"minecraft:pointed_dripstone":2,"minecraft:knowledge_book":134,"minecraft:wheat_seeds":4,"minecraft:water_bucket":54,"minecraft:birch_planks":5,"minecraft:smooth_sandstone_slab":3,"simplefarming:pear":7,"minecraft:crafting_table":24,"minecraft:white_bed":13,"minecraft:oak_log":2,"minecraft:waxed_exposed_cut_copper_stairs":2,"minecraft:iron_pickaxe":1796,"tombstone:magic_scroll":2,"jeg:scrap_workbench":1,"minecraft:cobblestone":290,"minecraft:cooked_porkchop":12,"quark:oak_chest":5,"minecraft:candle":1,"minecraft:moss_carpet":2,"minecraft:polished_deepslate":8,"minecraft:shield":289,"minecraft:iron_sword":714,"alexscaves:galena":392,"minecraft:green_terracotta":7,"simplefarming:mango":10,"minecraft:carrot":709,"simplefarming:blueberries":2,"jeg:custom_smg":128,"simplefarming:raspberries":10,"jeg:grenade":1,"born_in_chaos_v1:corpse_maggot":18,"horror_element_mod:human_remains":4,"minecraft:cyan_terracotta":5,"minecraft:iron_helmet":1,"minecraft:stone_bricks":6,"minecraft:red_carpet":5,"minecraft:stone_pickaxe":1108,"minecraft:oak_planks":38,"minecraft:polished_diorite_slab":6,"biomesoplenty:lavender":1,"minecraft:sugar_cane":4,"simplefarming:strawberries":4,"simplyswords:iron_chakram":284,"minecraft:dripstone_block":1,"minecraft:shears":7,"simplyswords:iron_greathammer":492,"minecraft:dark_oak_log":4,"minecraft:bread":41,"born_in_chaos_v1:pumpkin_staff":4,"tombstone:grave_key":9,"born_in_chaos_v1:rotten_fish":1,"minecraft:cooked_rabbit":2,"minecraft:andesite":11,"minecraft:chain":2,"biomesoplenty:jacaranda_leaves":5,"minecraft:bone_meal":85,"simplyswords:iron_claymore":249,"minecraft:flint_and_steel":8,"minecraft:stone_shovel":91,"undead_revamp2:blacpetalblock":1,"minecraft:stone_hoe":131,"minecraft:cooked_chicken":5,"minecraft:oak_door":2,"minecraft:dirt":288,"minecraft:granite":2,"minecraft:wooden_axe":11,"minecraft:smooth_sandstone":16,"simplyswords:diamond_greathammer":298,"minecraft:iron_boots":3,"minecraft:golden_carrot":14,"minecraft:cooked_beef":41,"minecraft:pumpkin":1,"minecraft:cooked_mutton":9,"biomesoplenty:jacaranda_door":7,"farmersdelight:skillet":4,"minecraft:polished_andesite":1,"minecraft:baked_potato":108,"simplyswords:iron_twinblade":75,"simplefarming:blackberries":4,"tombstone:bag_of_seeds":1,"minecraft:apple":9,"minecraft:stone_axe":256,"minecraft:bucket":56,"minecraft:smooth_stone":7},"minecraft:killed":{"zombie_more:cursed_zombie":2,"minecraft:cave_spider":12,"zombie_more:tank_zombie":6,"born_in_chaos_v1:mr_pumpkin":8,"born_in_chaos_v1:zombie_lumberjack":1,"born_in_chaos_v1:restless_spirit":3,"born_in_chaos_v1:sir_the_headless":2,"born_in_chaos_v1:door_knight_not_despawn":1,"born_in_chaos_v1:siamese_skeletonsright":2,"born_in_chaos_v1:baby_skeleton_minion":5,"undead_revamp2:theswarmer":2,"minecraft:skeleton":38,"born_in_chaos_v1:skeleton_thrasher":1,"undead_revamp2:thepregnant":1,"born_in_chaos_v1:supreme_bonescaller_stage_2":1,"undead_revamp2:thespitter":2,"alexscaves:teletor":1,"jeg:ghoul":2,"undead_revamp2:theheavy":1,"minecraft:pillager":2,"minecraft:zombie":315,"born_in_chaos_v1:corpse_fly":16,"born_in_chaos_v1:door_knight":3,"minecraft:cow":5,"undead_revamp2:thehunter":3,"undead_revamp2:bomber":2,"born_in_chaos_v1:pumpkinhead":1,"born_in_chaos_v1:dire_hound_leader":1,"undead_revamp2:thebidy":3,"born_in_chaos_v1:barrel_zombie":1,"born_in_chaos_v1:spiritof_chaos":1,"born_in_chaos_v1:bone_imp_minion":15,"undead_revamp2:the_moonflower":20,"born_in_chaos_v1:decrepit_skeleton":16,"undead_revamp2:thesomnolence":1,"born_in_chaos_v1:dark_vortex":1,"minecraft:enderman":1,"born_in_chaos_v1:zombie_clown":1,"minecraft:witch":2,"minecraft:spider":9,"undead_revamp2:thesmoker":2,"undead_revamp2:therod":3,"born_in_chaos_v1:firelight_not_despawn":2,"alexscaves:notor":6,"zombie_more:boomer_zombie":5,"minecraft:pig":2,"quark:stoneling":1,"minecraft:zombie_villager":2,"minecraft:creeper":17,"minecraft:sheep":3,"undead_revamp2:thebidyupside":2,"born_in_chaos_v1:dread_hound":7,"zombie_more:explosive_zombie":1,"alexsmobs:terrapin":1,"minecraft:stray":12,"alexsmobs:fly":2,"born_in_chaos_v1:siamese_skeletonsleft":1,"born_in_chaos_v1:zombie_bruiser":2,"born_in_chaos_v1:maggot":87,"minecraft:phantom":5,"alexsmobs:bison":6,"minecraft:drowned":3,"born_in_chaos_v1:corpse_fish":4,"undead_revamp2:sucker":4,"born_in_chaos_v1:fallen_chaos_knight":2,"born_in_chaos_v1:felsteed":1,"born_in_chaos_v1:baby_skeleton":6,"zombie_more:crawler_zombie":14,"born_in_chaos_v1:swarmer":1,"minecraft:bat":1,"born_in_chaos_v1:bonescaller_not_despawn":2,"born_in_chaos_v1:nightmare_stalker":1},"minecraft:custom":{"minecraft:interact_with_crafting_table":203,"minecraft:open_barrel":428,"minecraft:leave_game":9,"minecraft:time_since_death":3510,"minecraft:damage_blocked_by_shield":21839,"minecraft:play_time":1304225,"minecraft:deaths":135,"minecraft:jump":19871,"minecraft:interact_with_furnace":253,"minecraft:sleep_in_bed":17,"tombstone:sneak_grave":7,"minecraft:damage_dealt":144302,"tombstone:undead_killed":504,"minecraft:interact_with_smoker":8,"minecraft:inspect_dispenser":2,"minecraft:interact_with_smithing_table":1,"minecraft:damage_dealt_absorbed":30,"minecraft:sneak_time":96194,"minecraft:total_world_time":1304225,"tombstone:raider_killed":4,"minecraft:tune_noteblock":10,"minecraft:interact_with_stonecutter":2,"minecraft:time_since_rest":1111,"minecraft:swim_one_cm":236155,"minecraft:fly_one_cm":2974638,"minecraft:open_chest":476,"minecraft:fall_one_cm":362297,"minecraft:damage_resisted":27,"minecraft:sprint_one_cm":3745771,"minecraft:drop":634,"minecraft:talked_to_villager":2,"minecraft:walk_on_water_one_cm":302575,"minecraft:interact_with_loom":1,"minecraft:crouch_one_cm":303761,"minecraft:mob_kills":769,"minecraft:damage_dealt_resisted":5444,"minecraft:climb_one_cm":144922,"minecraft:walk_one_cm":4092716,"minecraft:walk_under_water_one_cm":173378,"minecraft:damage_taken":68414,"minecraft:damage_absorbed":120,"minecraft:trigger_trapped_chest":3},"minecraft:picked_up":{"quark:diamond_heart":1,"minecraft:knowledge_book":5,"minecraft:brewing_stand":1,"minecraft:polished_deepslate":19,"minecraft:string":122,"zombie_more:acid_drool":5,"biomesoplenty:tall_lavender":1,"minecraft:pufferfish":1,"minecraft:cobbled_deepslate":9,"minecraft:spruce_planks":27,"minecraft:enchanted_golden_apple":1,"minecraft:coal_block":8,"born_in_chaos_v1:shattered_skull":4,"simplefarming:raspberries":11,"minecraft:cherry_log":2,"minecraft:green_terracotta":7,"quark:clear_shard":36,"simplefarming:pepper_seeds":1,"minecraft:cyan_terracotta":5,"alexscaves:notor_gizmo":1,"minecraft:iron_bars":6,"securitycraft:reinforced_stripped_birch_log":2,"biomesoplenty:lavender":3,"minecraft:birch_log":3,"minecraft:polished_diorite_slab":7,"minecraft:feather":1,"minecraft:iron_door":2,"born_in_chaos_v1:spiritual_dust":4,"alexsmobs:bison_fur":4,"minecraft:flint":25,"jeg:scrap":186,"zombie_more:brain":2,"alexscaves:galena":717,"simplefarming:cucumber_seeds":2,"undead_revamp2:blacpetalblock":2,"simplefarming:radish_seeds":4,"alexsmobs:animal_dictionary":1,"minecraft:dark_oak_log":4,"minecraft:barrel":2,"minecraft:bundle":11,"minecraft:polished_andesite":17,"minecraft:dispenser":1,"minecraft:granite":14,"minecraft:bread":10,"alexsmobs:maggot":1,"born_in_chaos_v1:rotten_fish":4,"minecraft:crimson_roots":4,"alexscaves:raw_scarlet_neodymium":33,"minecraft:crafting_table":18,"born_in_chaos_v1:seedof_chaos":7,"biomesoplenty:jacaranda_sapling":3,"simplefarming:mango":10,"minecraft:flint_and_steel":1,"minecraft:cracked_stone_bricks":5,"minecraft:beef":76,"born_in_chaos_v1:gnawed_bones":1,"minecraft:iron_nugget":99,"minecraft:birch_sapling":1,"minecraft:chest":1,"minecraft:piston":1,"minecraft:egg":2,"minecraft:oak_door":1,"simplefarming:yam_seeds":1,"sophisticatedbackpacks:backpack":1,"farmersdelight:tomato_seeds":1,"born_in_chaos_v1:pieceofdarkmetal":18,"minecraft:carrot":581,"minecraft:redstone":5,"jeg:healing_talisman":6,"minecraft:diamond_chestplate":1,"biomesoplenty:jacaranda_log":125,"simplefarming:strawberries":12,"tombstone:essence_of_undeath":5,"minecraft:glow_berries":2,"minecraft:mutton":4,"minecraft:rail":14,"minecraft:white_wool":22,"simplefarming:soybean_seeds":1,"born_in_chaos_v1:monster_flesh":12,"born_in_chaos_v1:pumpkin_staff":6,"minecraft:filled_map":1,"minecraft:oak_log":41,"tombstone:gift":1,"born_in_chaos_v1:soul_cutlass":3,"minecraft:apple":3,"minecraft:stone_bricks":19,"born_in_chaos_v1:smoked_flesh":1,"minecraft:cobweb":16,"tombstone:bag_of_seeds":2,"minecraft:iron_sword":1,"minecraft:dark_oak_slab":4,"quark:white_shard":9,"born_in_chaos_v1:orbofthe_summoner":1,"born_in_chaos_v1:ethereal_spirit":4,"minecraft:gravel":158,"simplefarming:blueberries":5,"born_in_chaos_v1:fangofthe_hound_leader":3,"minecraft:waxed_exposed_cut_copper_stairs":2,"biomesoplenty:jacaranda_leaves":5,"biomesoplenty:flowering_oak_sapling":2,"minecraft:slime_ball":12,"simplefarming:sweet_potato_seeds":1,"minecraft:stone_axe":2,"minecraft:gray_wool":1,"alexscaves:scarlet_neodymium_pillar":20,"minecraft:baked_potato":47,"minecraft:melon_seeds":8,"simplefarming:cotton_seeds":2,"minecraft:ender_pearl":19,"minecraft:wheat":21,"minecraft:redstone_block":6,"quark:hollow_oak_log":1,"minecraft:potion":6,"minecraft:stone_brick_stairs":1,"tombstone:grave_key":3,"born_in_chaos_v1:holiday_candy":16,"minecraft:raw_copper":96,"minecraft:smooth_stone":8,"minecraft:redstone_torch":3,"minecraft:cobblestone_slab":12,"minecraft:smooth_quartz":1,"minecraft:iron_pickaxe":6,"minecraft:iron_boots":1,"minecraft:furnace":11,"minecraft:tipped_arrow":4,"minecraft:stick":34,"jeg:pistol_ammo":205,"minecraft:oak_fence":2,"minecraft:torch":90,"alexscaves:raw_azure_neodymium":32,"minecraft:porkchop":6,"tombstone:grave_dust":46,"minecraft:pointed_dripstone":3,"minecraft:diorite":63,"minecraft:rotten_flesh":561,"undead_revamp2:arapholia":2,"minecraft:cobblestone":1925,"minecraft:lilac":9,"minecraft:repeater":1,"minecraft:andesite":22,"minecraft:potato":153,"alexscaves:cave_book":1,"undead_revamp2:huntereye":1,"minecraft:lapis_lazuli":1,"minecraft:dirt":443,"minecraft:polished_granite":1,"zombie_more:crawler_gut":4,"minecraft:name_tag":1,"born_in_chaos_v1:monster_skin":2,"minecraft:bone":129,"minecraft:wheat_seeds":68,"minecraft:mossy_stone_bricks":1,"minecraft:powered_rail":6,"minecraft:oak_planks":65,"simplefarming:corn_seeds":4,"minecraft:cooked_porkchop":12,"minecraft:sand":18,"simplyswords:iron_greathammer":1,"minecraft:mossy_cobblestone":2,"simplyswords:iron_twinblade":4,"born_in_chaos_v1:fire_dust":2,"minecraft:diamond":1,"minecraft:black_concrete":44,"jeg:custom_smg":2,"minecraft:bone_meal":1,"simplefarming:cherries":7,"minecraft:emerald":2,"pfm:furniture_book":1,"biomesoplenty:pink_daffodil":1,"minecraft:oak_sapling":13,"minecraft:fishing_rod":1,"minecraft:waxed_oxidized_cut_copper":4,"minecraft:charcoal":73,"simplefarming:pea_seeds":2,"minecraft:allium":1,"minecraft:ladder":3,"minecraft:cooked_rabbit":2,"minecraft:stone_brick_wall":1,"jeg:scrap_workbench":1,"minecraft:chain":2,"minecraft:shield":2,"alexscaves:metal_swarf":12,"simplefarming:sorghum_seeds":1,"minecraft:moss_carpet":4,"minecraft:quartz_slab":2,"minecraft:candle":1,"minecraft:observer":2,"minecraft:sugar_cane":4,"simplefarming:barley_seeds":1,"minecraft:phantom_membrane":1,"minecraft:raw_iron":146,"simplefarming:pear":7,"minecraft:copper_ingot":93,"simplyswords:iron_cutlass":1,"minecraft:dark_oak_planks":8,"minecraft:smooth_sandstone_slab":3,"minecraft:arrow":33,"alexscaves:spelunkery_table":1,"simplefarming:ginger_seeds":1,"minecraft:skeleton_skull":1,"born_in_chaos_v1:fused_bone":5,"minecraft:cracked_deepslate_tiles":2,"born_in_chaos_v1:corpse_maggot":50,"minecraft:golden_carrot":9,"minecraft:glow_ink_sac":13,"minecraft:leather":8,"minecraft:birch_planks":13,"biomesoplenty:jacaranda_door":4,"simplyswords:iron_claymore":1,"biomesoplenty:jacaranda_planks":270,"minecraft:gunpowder":97,"jeg:grenade":3,"minecraft:cooked_mutton":4,"minecraft:smooth_sandstone":16,"minecraft:red_carpet":5,"simplyswords:iron_warglaive":1,"minecraft:iron_ingot":77,"minecraft:cooked_chicken":4,"simplefarming:pear_sapling":1,"minecraft:polished_andesite_slab":1,"jeg:tech_trash":16,"sophisticatedbackpacks:diamond_backpack":1,"minecraft:book":57,"minecraft:pumpkin":1,"minecraft:dripstone_block":5,"born_in_chaos_v1:dark_rod":2,"minecraft:white_bed":13,"simplefarming:squash_seeds":2,"quark:oak_chest":2,"minecraft:spider_eye":10,"simplefarming:blackberries":4,"simplyswords:diamond_greathammer":1,"minecraft:music_disc_mall":1,"minecraft:pumpkin_seeds":73,"minecraft:iron_helmet":1,"alexscaves:azure_neodymium_pillar":21,"tombstone:magic_scroll":10,"minecraft:red_concrete":39,"minecraft:coal":207},"minecraft:mined":{"minecraft:white_bed":11,"alexscaves:azure_neodymium_pillar":22,"minecraft:granite":22,"minecraft:stone_brick_wall":2,"minecraft:coal_block":1,"minecraft:deepslate_tile_stairs":3,"minecraft:spawner":43,"minecraft:weeping_vines_plant":1,"biomesoplenty:tall_lavender":2,"minecraft:fire":66,"biomesoplenty:lavender":2,"minecraft:pumpkin":1,"alexscaves:scarlet_neodymium_node":1,"biomesoplenty:glowflower":1,"biomesoplenty:webbing":6,"minecraft:smooth_sandstone_stairs":2,"biomesoplenty:jacaranda_leaves":50,"biomesoplenty:jacaranda_planks":137,"minecraft:torch":10,"minecraft:polished_andesite_stairs":1,"alexscaves:energized_galena_scarlet":24,"minecraft:glass":6,"minecraft:sugar_cane":2,"minecraft:smooth_sandstone_slab":3,"minecraft:repeater":2,"minecraft:lilac":2,"minecraft:stone_brick_stairs":1,"minecraft:grass":371,"minecraft:smooth_quartz":1,"born_in_chaos_v1:infernal_evil_pumpkin_s":2,"minecraft:deepslate":34,"minecraft:mossy_cobblestone":1,"horror_element_mod:light_on":1,"minecraft:redstone_wire":5,"alexscaves:galena":494,"biomesoplenty:jacaranda_log":131,"minecraft:waxed_oxidized_cut_copper":7,"minecraft:green_terracotta":7,"minecraft:andesite":16,"biomesoplenty:high_grass":77,"biomesoplenty:jacaranda_door":3,"minecraft:redstone_block":6,"jeg:scrap_ore":90,"minecraft:glass_pane":1,"quark:oak_chest":2,"alexscaves:azure_neodymium_node":1,"minecraft:stone_brick_slab":3,"minecraft:observer":1,"minecraft:smooth_sandstone":16,"undead_revamp2:blacpetalblock":1,"biomesoplenty:high_grass_plant":281,"minecraft:tall_grass":31,"minecraft:copper_ore":28,"farmersdelight:wild_tomatoes":1,"minecraft:diorite":69,"jeg:scrap_workbench":1,"minecraft:birch_leaves":3,"minecraft:gravel":87,"minecraft:dripstone_block":7,"biomesoplenty:stringy_cobweb":1,"minecraft:cobweb":47,"minecraft:stone_bricks":23,"minecraft:spruce_planks":5,"minecraft:sculk_vein":3,"minecraft:brewing_stand":1,"minecraft:grass_block":61,"biomesoplenty:flowering_oak_leaves":12,"minecraft:smooth_stone":13,"minecraft:iron_ore":121,"minecraft:pointed_dripstone":1,"minecraft:iron_bars":7,"minecraft:cyan_terracotta":5,"alexscaves:energized_galena_neutral":1,"minecraft:cobblestone":65,"minecraft:oak_planks":42,"minecraft:wall_torch":24,"minecraft:seagrass":1,"minecraft:stone_stairs":1,"minecraft:powered_rail":1,"minecraft:birch_log":2,"minecraft:smooth_stone_slab":2,"minecraft:cracked_deepslate_tiles":2,"minecraft:oak_log":26,"minecraft:sand":11,"minecraft:dirt":185,"minecraft:tripwire_hook":1,"minecraft:oak_leaves":74,"minecraft:redstone_lamp":2,"minecraft:diamond_ore":1,"alexscaves:spelunkery_table":1,"minecraft:tuff":2,"minecraft:red_carpet":1,"minecraft:oak_door":1,"minecraft:candle":1,"minecraft:mangrove_roots":8,"biomesoplenty:bush":13,"minecraft:white_stained_glass":5,"minecraft:polished_andesite_slab":1,"minecraft:furnace":10,"alexscaves:energized_galena_azure":18,"minecraft:black_concrete":45,"minecraft:polished_deepslate":16,"minecraft:bookshelf":18,"minecraft:stripped_oak_log":1,"minecraft:stone":1399,"biomesoplenty:spider_egg":1,"minecraft:brick_wall":1,"minecraft:polished_granite":1,"minecraft:oak_fence":1,"minecraft:crafting_table":19,"alexscaves:metal_swarf":6,"biomesoplenty:sprout":7,"minecraft:red_concrete":39,"minecraft:sculk":2,"minecraft:birch_planks":7,"alexscaves:galena_iron_ore":18,"biomesoplenty:pink_daffodil":4,"horror_element_mod:human_remains":1,"minecraft:coal_ore":97,"minecraft:polished_andesite":13,"alexscaves:scarlet_neodymium_pillar":9},"minecraft:dropped":{"minecraft:piston":1,"minecraft:porkchop":1,"minecraft:cooked_beef":12,"minecraft:dark_oak_slab":4,"minecraft:glow_berries":2,"minecraft:cracked_stone_bricks":5,"born_in_chaos_v1:pieceofdarkmetal":10,"minecraft:rail":2,"born_in_chaos_v1:monster_flesh":10,"minecraft:dirt":58,"simplefarming:rye_seeds":1,"minecraft:sand":7,"minecraft:iron_pickaxe":3,"minecraft:dark_oak_planks":2,"simplefarming:squash_seeds":2,"minecraft:white_wool":14,"minecraft:bone":18,"minecraft:oak_door":2,"minecraft:stone_axe":1,"minecraft:iron_nugget":61,"minecraft:cooked_chicken":2,"minecraft:cobbled_deepslate":5,"minecraft:wheat":9,"undead_revamp2:arapholia":1,"tombstone:gift":1,"minecraft:rotten_flesh":429,"minecraft:oak_planks":2,"minecraft:white_bed":1,"simplefarming:ginger_seeds":1,"alexscaves:cave_book":1,"quark:hollow_oak_log":1,"minecraft:charcoal":28,"minecraft:ladder":2,"minecraft:beef":16,"biomesoplenty:tall_lavender":1,"farmersdelight:tomato_seeds":1,"minecraft:iron_ingot":62,"minecraft:wheat_seeds":58,"minecraft:dripstone_block":4,"biomesoplenty:lavender":1,"minecraft:oak_fence":2,"minecraft:book":4,"minecraft:iron_helmet":1,"minecraft:cobblestone":127,"minecraft:knowledge_book":8,"minecraft:apple":2,"minecraft:granite":12,"biomesoplenty:jacaranda_planks":47,"born_in_chaos_v1:soul_cutlass":2,"minecraft:coal":20,"minecraft:coal_block":7,"simplefarming:corn_seeds":4,"biomesoplenty:jacaranda_log":2,"minecraft:polished_andesite":16,"minecraft:pufferfish":1,"minecraft:cobweb":16,"minecraft:gray_wool":1,"simplefarming:soybean_seeds":1,"minecraft:potion":4,"minecraft:smooth_stone":1,"minecraft:string":41,"simplyswords:iron_cutlass":1,"minecraft:furnace":1,"minecraft:moss_carpet":2,"minecraft:polished_diorite_slab":7,"minecraft:stone_shovel":1,"minecraft:iron_boots":2,"sophisticatedbackpacks:backpack":1,"minecraft:name_tag":1,"minecraft:pumpkin_seeds":73,"minecraft:cobblestone_slab":6,"minecraft:potato":29,"minecraft:allium":1,"simplefarming:cucumber_seeds":1,"minecraft:spruce_planks":27,"minecraft:bundle":7,"minecraft:stone_bricks":12,"minecraft:spider_eye":8,"minecraft:barrel":1,"jeg:pistol_ammo":77,"simplyswords:iron_claymore":1,"minecraft:quartz_slab":2,"minecraft:birch_planks":8,"biomesoplenty:pink_daffodil":1,"minecraft:oak_log":8,"minecraft:baked_potato":55,"minecraft:ender_pearl":6,"simplefarming:sweet_potato_seeds":1,"simplefarming:radish_seeds":4,"minecraft:leather":4,"simplefarming:pea_seeds":2,"alexscaves:galena":257,"tombstone:bag_of_seeds":1,"minecraft:dispenser":1,"born_in_chaos_v1:monster_skin":1,"minecraft:crimson_roots":4,"minecraft:birch_log":1,"minecraft:gravel":68,"simplyswords:iron_twinblade":4,"born_in_chaos_v1:ethereal_spirit":1,"zombie_more:crawler_gut":1,"minecraft:cooked_mutton":1,"simplefarming:pepper_seeds":1,"minecraft:carrot":84,"sophisticatedbackpacks:diamond_backpack":1,"minecraft:chainmail_chestplate":1,"minecraft:gunpowder":2,"minecraft:skeleton_skull":1,"minecraft:melon_seeds":8,"born_in_chaos_v1:corpse_maggot":14,"minecraft:stone_brick_wall":1,"zombie_more:acid_drool":3,"simplefarming:strawberries":8,"minecraft:iron_bars":5,"minecraft:arrow":2,"simplefarming:barley_seeds":1,"born_in_chaos_v1:dark_rod":2,"minecraft:bread":2,"minecraft:lilac":6,"minecraft:mossy_cobblestone":2,"minecraft:observer":1,"minecraft:copper_ingot":13,"minecraft:stick":17,"jeg:custom_smg":1,"born_in_chaos_v1:pumpkin_staff":5,"quark:clear_shard":36,"minecraft:diorite":5,"minecraft:torch":34,"minecraft:repeater":1,"tombstone:grave_key":2,"minecraft:smooth_quartz":1,"born_in_chaos_v1:fused_bone":5,"minecraft:iron_door":2,"tombstone:grave_dust":26,"minecraft:redstone":3,"minecraft:polished_deepslate":10,"simplefarming:cotton_seeds":2,"minecraft:raw_copper":8,"minecraft:raw_iron":1,"alexscaves:metal_swarf":12,"minecraft:flint_and_steel":1,"minecraft:filled_map":1,"minecraft:andesite":1,"minecraft:mossy_stone_bricks":1,"minecraft:oak_sapling":2,"minecraft:waxed_oxidized_cut_copper":4,"minecraft:slime_ball":64,"minecraft:stone_pickaxe":1,"minecraft:wooden_pickaxe":1,"simplyswords:iron_warglaive":1,"simplyswords:iron_greathammer":3,"simplefarming:sorghum_seeds":1}},"DataVersion":3465}