{"stats":{"minecraft:crafted":{"minecraft:oak_door":3,"minecraft:oak_planks":60,"minecraft:stone_shovel":2,"minecraft:iron_nugget":9,"minecraft:cooked_chicken":3,"minecraft:furnace":4,"minecraft:stone_button":8,"minecraft:stone":72,"minecraft:lever":3,"minecraft:bone_meal":84,"simplyswords:iron_warglaive":1,"minecraft:heavy_weighted_pressure_plate":1,"minecraft:flint_and_steel":1,"minecraft:bow":1,"minecraft:iron_boots":1,"minecraft:iron_axe":1,"minecraft:stone_pickaxe":9,"biomesoplenty:jacaranda_door":3,"minecraft:stone_hoe":1,"minecraft:coal_block":1,"sophisticatedbackpacks:iron_backpack":1,"minecraft:cooked_beef":11,"biomesoplenty:jacaranda_planks":432,"sophisticatedbackpacks:backpack":1,"minecraft:crafting_table":3,"simplyswords:iron_chakram":1,"minecraft:iron_helmet":2,"minecraft:wooden_pickaxe":1,"minecraft:baked_potato":118,"minecraft:iron_sword":1,"minecraft:copper_ingot":85,"minecraft:campfire":1,"minecraft:bucket":1,"minecraft:stone_axe":2,"minecraft:air":0,"minecraft:iron_chestplate":2,"minecraft:shield":2,"quark:oak_chest":3,"minecraft:stick":60,"minecraft:iron_ingot":111,"minecraft:iron_pickaxe":2,"minecraft:iron_leggings":2,"minecraft:white_bed":1,"minecraft:torch":36,"minecraft:shears":1},"minecraft:broken":{"minecraft:iron_boots":1,"minecraft:iron_chestplate":1,"minecraft:iron_leggings":1,"simplyswords:iron_warglaive":1,"minecraft:stone_hoe":1,"minecraft:stone_pickaxe":8,"minecraft:shield":1,"minecraft:stone_axe":2,"minecraft:iron_pickaxe":1,"minecraft:iron_helmet":1},"minecraft:killed_by":{"minecraft:player":1,"alexsmobs:bison":1,"undead_revamp2:thespitter":1,"minecraft:cave_spider":1,"minecraft:skeleton":3,"minecraft:zombie":3},"minecraft:used":{"minecraft:flint_and_steel":8,"minecraft:stone_shovel":91,"undead_revamp2:blacpetalblock":1,"simplyswords:iron_warglaive":256,"minecraft:shield":55,"minecraft:iron_sword":190,"minecraft:cooked_chicken":5,"minecraft:stone_hoe":131,"minecraft:oak_door":2,"minecraft:torch":93,"minecraft:dirt":132,"minecraft:carrot":50,"simplefarming:blueberries":2,"simplefarming:raspberries":5,"minecraft:granite":2,"born_in_chaos_v1:corpse_maggot":7,"minecraft:lava_bucket":1,"minecraft:iron_axe":161,"minecraft:iron_helmet":1,"biomesoplenty:jacaranda_sapling":3,"minecraft:bow":11,"minecraft:furnace":10,"minecraft:oak_sapling":2,"farmersdelight:cooking_pot":1,"tombstone:gift":4,"minecraft:cooked_beef":11,"minecraft:potato":43,"minecraft:knowledge_book":108,"minecraft:cooked_mutton":4,"minecraft:wheat_seeds":4,"biomesoplenty:jacaranda_door":7,"minecraft:water_bucket":13,"minecraft:diorite":2,"farmersdelight:skillet":4,"minecraft:stone_pickaxe":1108,"minecraft:baked_potato":48,"minecraft:oak_planks":38,"minecraft:wooden_pickaxe":3,"biomesoplenty:flowering_oak_sapling":2,"minecraft:sugar_cane":4,"simplefarming:strawberries":4,"minecraft:golden_apple":2,"minecraft:glow_berries":16,"simplyswords:iron_chakram":36,"minecraft:crafting_table":8,"minecraft:white_bed":4,"minecraft:shears":7,"biomesoplenty:jacaranda_planks":582,"minecraft:apple":5,"minecraft:bread":24,"minecraft:iron_pickaxe":308,"minecraft:stone_axe":256,"minecraft:cobblestone":116,"born_in_chaos_v1:rotten_fish":1,"minecraft:chain":1,"minecraft:bucket":14,"minecraft:cooked_rabbit":2,"minecraft:andesite":7,"quark:oak_chest":4,"biomesoplenty:jacaranda_leaves":5,"minecraft:bone_meal":85},"minecraft:killed":{"zombie_more:cursed_zombie":1,"minecraft:cave_spider":4,"undead_revamp2:thehunter":1,"born_in_chaos_v1:restless_spirit":1,"minecraft:spider":2,"undead_revamp2:thesmoker":1,"born_in_chaos_v1:siamese_skeletonsright":1,"undead_revamp2:theswarmer":1,"minecraft:phantom":5,"born_in_chaos_v1:maggot":8,"minecraft:skeleton":12,"born_in_chaos_v1:skeleton_thrasher":1,"undead_revamp2:thebidy":2,"undead_revamp2:therod":3,"alexsmobs:bison":6,"born_in_chaos_v1:corpse_fish":4,"born_in_chaos_v1:firelight_not_despawn":2,"undead_revamp2:sucker":2,"zombie_more:boomer_zombie":1,"zombie_more:crawler_zombie":2,"undead_revamp2:the_moonflower":4,"minecraft:creeper":2,"born_in_chaos_v1:decrepit_skeleton":2,"undead_revamp2:thebidyupside":1,"minecraft:pillager":2,"undead_revamp2:thesomnolence":1,"minecraft:zombie":21,"born_in_chaos_v1:dread_hound":2,"born_in_chaos_v1:corpse_fly":6,"alexsmobs:fly":1,"born_in_chaos_v1:door_knight":2,"born_in_chaos_v1:siamese_skeletonsleft":1},"minecraft:custom":{"minecraft:mob_kills":111,"minecraft:interact_with_crafting_table":95,"minecraft:open_barrel":11,"minecraft:damage_dealt_resisted":1166,"minecraft:leave_game":6,"minecraft:time_since_death":5390,"minecraft:climb_one_cm":3106,"minecraft:damage_resisted":27,"minecraft:sprint_one_cm":1316183,"minecraft:walk_one_cm":1555250,"minecraft:damage_blocked_by_shield":2999,"minecraft:drop":75,"minecraft:deaths":38,"minecraft:play_time":430264,"minecraft:sneak_time":17465,"minecraft:walk_under_water_one_cm":33961,"minecraft:jump":5268,"minecraft:walk_on_water_one_cm":48278,"minecraft:total_world_time":430264,"minecraft:interact_with_furnace":169,"tombstone:raider_killed":2,"minecraft:sleep_in_bed":6,"minecraft:time_since_rest":5033,"minecraft:damage_taken":17444,"minecraft:damage_absorbed":80,"minecraft:damage_dealt":23119,"minecraft:swim_one_cm":46279,"minecraft:fly_one_cm":930609,"minecraft:open_chest":213,"minecraft:crouch_one_cm":62606,"tombstone:undead_killed":58,"minecraft:interact_with_smoker":2,"minecraft:fall_one_cm":125708},"minecraft:picked_up":{"minecraft:crafting_table":7,"minecraft:wheat":16,"minecraft:ladder":1,"minecraft:cooked_rabbit":2,"biomesoplenty:jacaranda_sapling":3,"minecraft:knowledge_book":1,"tombstone:grave_key":2,"minecraft:chain":1,"minecraft:string":50,"minecraft:raw_copper":84,"zombie_more:acid_drool":1,"minecraft:coal_block":1,"minecraft:beef":42,"minecraft:cobblestone_slab":12,"minecraft:iron_nugget":8,"minecraft:phantom_membrane":1,"minecraft:sugar_cane":4,"simplefarming:barley_seeds":1,"minecraft:iron_boots":1,"minecraft:furnace":7,"minecraft:raw_iron":109,"minecraft:stick":10,"born_in_chaos_v1:shattered_skull":1,"minecraft:oak_door":1,"minecraft:copper_ingot":16,"minecraft:oak_fence":2,"simplefarming:yam_seeds":1,"minecraft:torch":62,"simplefarming:raspberries":6,"tombstone:grave_dust":5,"minecraft:diorite":2,"minecraft:carrot":42,"minecraft:arrow":9,"minecraft:rotten_flesh":60,"biomesoplenty:jacaranda_log":125,"simplefarming:strawberries":4,"minecraft:glow_berries":2,"minecraft:white_wool":13,"minecraft:rail":1,"minecraft:cobblestone":1479,"born_in_chaos_v1:fused_bone":4,"born_in_chaos_v1:corpse_maggot":8,"simplefarming:soybean_seeds":1,"born_in_chaos_v1:monster_flesh":1,"minecraft:andesite":8,"alexsmobs:bison_fur":3,"minecraft:leather":2,"minecraft:potato":122,"biomesoplenty:jacaranda_door":4,"minecraft:flint":24,"minecraft:oak_log":24,"undead_revamp2:huntereye":1,"jeg:scrap":132,"biomesoplenty:jacaranda_planks":262,"minecraft:gunpowder":9,"minecraft:dirt":188,"zombie_more:crawler_gut":2,"simplefarming:cucumber_seeds":1,"minecraft:cooked_mutton":4,"minecraft:bone":21,"undead_revamp2:blacpetalblock":2,"minecraft:apple":2,"minecraft:stone_bricks":1,"minecraft:wheat_seeds":28,"simplyswords:iron_warglaive":1,"minecraft:iron_ingot":6,"minecraft:cooked_chicken":4,"simplefarming:pear_sapling":1,"jeg:tech_trash":11,"minecraft:oak_planks":55,"simplefarming:radish_seeds":3,"born_in_chaos_v1:ethereal_spirit":1,"simplefarming:blueberries":5,"minecraft:gravel":153,"simplefarming:squash_seeds":2,"minecraft:white_bed":4,"biomesoplenty:jacaranda_leaves":5,"quark:oak_chest":2,"alexsmobs:animal_dictionary":1,"biomesoplenty:flowering_oak_sapling":2,"minecraft:bundle":1,"minecraft:slime_ball":6,"born_in_chaos_v1:fire_dust":2,"minecraft:granite":2,"minecraft:bone_meal":1,"minecraft:bread":1,"pfm:furniture_book":1,"minecraft:oak_sapling":7,"alexsmobs:maggot":1,"minecraft:baked_potato":14,"tombstone:magic_scroll":2,"born_in_chaos_v1:rotten_fish":1,"simplefarming:cotton_seeds":1,"minecraft:coal":138},"minecraft:mined":{"minecraft:white_bed":4,"minecraft:oak_door":1,"minecraft:granite":1,"biomesoplenty:bush":11,"minecraft:grass_block":31,"biomesoplenty:flowering_oak_leaves":12,"minecraft:coal_block":1,"minecraft:spawner":1,"biomesoplenty:jacaranda_log":131,"minecraft:furnace":7,"minecraft:iron_ore":109,"minecraft:fire":6,"minecraft:andesite":5,"biomesoplenty:high_grass":49,"biomesoplenty:webbing":6,"biomesoplenty:jacaranda_door":3,"minecraft:stone":1045,"biomesoplenty:spider_egg":1,"biomesoplenty:jacaranda_leaves":45,"jeg:scrap_ore":64,"quark:oak_chest":2,"biomesoplenty:jacaranda_planks":133,"minecraft:crafting_table":7,"minecraft:torch":7,"undead_revamp2:blacpetalblock":1,"biomesoplenty:high_grass_plant":146,"minecraft:copper_ore":27,"minecraft:tall_grass":13,"minecraft:cobblestone":31,"minecraft:oak_planks":38,"minecraft:sugar_cane":2,"minecraft:diorite":6,"minecraft:wall_torch":14,"minecraft:grass":159,"minecraft:oak_log":24,"minecraft:coal_ore":89,"minecraft:gravel":86,"minecraft:dirt":113,"biomesoplenty:stringy_cobweb":1,"minecraft:cobweb":43,"minecraft:stone_bricks":7,"minecraft:oak_leaves":34},"minecraft:dropped":{"minecraft:iron_ingot":1,"minecraft:wheat_seeds":21,"minecraft:baked_potato":23,"minecraft:oak_fence":2,"simplefarming:radish_seeds":3,"minecraft:knowledge_book":2,"minecraft:cobblestone":90,"minecraft:glow_berries":2,"minecraft:leather":4,"minecraft:apple":2,"biomesoplenty:jacaranda_planks":26,"minecraft:stick":11,"biomesoplenty:jacaranda_log":2,"minecraft:rail":1,"minecraft:coal":8,"minecraft:dirt":16,"simplefarming:soybean_seeds":1,"minecraft:torch":33,"tombstone:grave_key":1,"born_in_chaos_v1:fused_bone":4,"tombstone:grave_dust":3,"simplefarming:squash_seeds":2,"minecraft:white_wool":5,"simplefarming:cotton_seeds":1,"minecraft:oak_door":2,"minecraft:bone":1,"minecraft:gravel":64,"minecraft:cooked_chicken":2,"minecraft:iron_nugget":3,"minecraft:stone_shovel":1,"born_in_chaos_v1:ethereal_spirit":1,"minecraft:rotten_flesh":26,"minecraft:oak_planks":1,"minecraft:iron_boots":2,"minecraft:white_bed":1,"minecraft:cobblestone_slab":6,"simplefarming:cucumber_seeds":1,"minecraft:andesite":1,"born_in_chaos_v1:corpse_maggot":1,"minecraft:oak_sapling":1,"minecraft:wooden_pickaxe":1,"simplefarming:barley_seeds":1,"minecraft:stone_pickaxe":1,"simplyswords:iron_warglaive":1}},"DataVersion":3465}