{"stats":{"minecraft:picked_up":{"minecraft:crafting_table":5,"minecraft:wheat":3,"minecraft:ladder":1,"minecraft:cooked_rabbit":2,"biomesoplenty:jacaranda_sapling":3,"tombstone:grave_key":1,"minecraft:raw_copper":12,"minecraft:string":48,"zombie_more:acid_drool":1,"minecraft:beef":15,"minecraft:cobblestone_slab":12,"minecraft:iron_nugget":8,"minecraft:sugar_cane":3,"simplefarming:barley_seeds":1,"minecraft:phantom_membrane":1,"minecraft:iron_boots":1,"minecraft:furnace":6,"minecraft:stick":10,"minecraft:raw_iron":107,"minecraft:oak_door":1,"minecraft:copper_ingot":14,"minecraft:oak_fence":2,"minecraft:torch":27,"tombstone:grave_dust":4,"minecraft:diorite":2,"minecraft:carrot":2,"minecraft:arrow":5,"minecraft:rotten_flesh":48,"biomesoplenty:jacaranda_log":113,"simplefarming:strawberries":4,"minecraft:glow_berries":2,"minecraft:white_wool":8,"minecraft:rail":1,"minecraft:cobblestone":1368,"born_in_chaos_v1:fused_bone":4,"born_in_chaos_v1:corpse_maggot":7,"minecraft:andesite":8,"minecraft:leather":2,"minecraft:flint":24,"minecraft:oak_log":14,"undead_revamp2:huntereye":1,"jeg:scrap":108,"biomesoplenty:jacaranda_planks":247,"minecraft:gunpowder":6,"minecraft:dirt":111,"zombie_more:crawler_gut":2,"minecraft:cooked_mutton":4,"minecraft:bone":15,"minecraft:apple":2,"minecraft:stone_bricks":1,"minecraft:wheat_seeds":5,"simplyswords:iron_warglaive":1,"minecraft:iron_ingot":5,"minecraft:cooked_chicken":4,"jeg:tech_trash":10,"minecraft:oak_planks":49,"simplefarming:radish_seeds":3,"born_in_chaos_v1:ethereal_spirit":1,"simplefarming:blueberries":1,"minecraft:gravel":153,"minecraft:white_bed":4,"biomesoplenty:jacaranda_leaves":5,"quark:oak_chest":2,"alexsmobs:animal_dictionary":1,"biomesoplenty:flowering_oak_sapling":2,"minecraft:bundle":1,"minecraft:slime_ball":6,"minecraft:granite":2,"born_in_chaos_v1:rotten_fish":1,"pfm:furniture_book":1,"minecraft:baked_potato":14,"tombstone:magic_scroll":1,"minecraft:oak_sapling":5,"minecraft:coal":107},"minecraft:killed_by":{"minecraft:player":1,"minecraft:cave_spider":1,"minecraft:skeleton":2,"minecraft:zombie":1},"minecraft:custom":{"minecraft:mob_kills":74,"minecraft:interact_with_crafting_table":64,"minecraft:open_barrel":9,"minecraft:damage_dealt_resisted":1140,"minecraft:leave_game":1,"minecraft:time_since_death":7636,"minecraft:climb_one_cm":2864,"minecraft:damage_resisted":27,"minecraft:sprint_one_cm":727305,"minecraft:walk_one_cm":1047420,"minecraft:damage_blocked_by_shield":1975,"minecraft:drop":52,"minecraft:play_time":231325,"minecraft:deaths":25,"minecraft:sneak_time":14306,"minecraft:walk_under_water_one_cm":13984,"minecraft:jump":2308,"minecraft:walk_on_water_one_cm":25194,"minecraft:total_world_time":231325,"minecraft:interact_with_furnace":59,"minecraft:sleep_in_bed":5,"minecraft:time_since_rest":7443,"minecraft:damage_absorbed":80,"minecraft:damage_taken":10017,"minecraft:damage_dealt":14128,"minecraft:swim_one_cm":10934,"minecraft:fly_one_cm":304780,"minecraft:open_chest":105,"minecraft:crouch_one_cm":51365,"tombstone:undead_killed":44,"minecraft:interact_with_smoker":2,"minecraft:fall_one_cm":44468},"minecraft:killed":{"zombie_more:cursed_zombie":1,"minecraft:cave_spider":4,"undead_revamp2:thehunter":1,"minecraft:spider":1,"born_in_chaos_v1:siamese_skeletonsright":1,"undead_revamp2:theswarmer":1,"minecraft:phantom":5,"born_in_chaos_v1:maggot":6,"minecraft:skeleton":6,"born_in_chaos_v1:skeleton_thrasher":1,"undead_revamp2:thebidy":2,"alexsmobs:bison":1,"undead_revamp2:therod":3,"born_in_chaos_v1:corpse_fish":2,"undead_revamp2:sucker":2,"zombie_more:boomer_zombie":1,"zombie_more:crawler_zombie":2,"undead_revamp2:the_moonflower":2,"minecraft:creeper":2,"born_in_chaos_v1:decrepit_skeleton":2,"undead_revamp2:thebidyupside":1,"minecraft:zombie":16,"born_in_chaos_v1:corpse_fly":4,"born_in_chaos_v1:door_knight":2,"born_in_chaos_v1:siamese_skeletonsleft":1},"minecraft:dropped":{"minecraft:iron_ingot":1,"minecraft:wheat_seeds":2,"minecraft:oak_fence":2,"simplefarming:radish_seeds":3,"minecraft:cobblestone":80,"minecraft:glow_berries":2,"minecraft:apple":2,"minecraft:leather":4,"biomesoplenty:jacaranda_planks":26,"minecraft:rail":1,"minecraft:coal":8,"biomesoplenty:jacaranda_log":2,"minecraft:dirt":16,"born_in_chaos_v1:fused_bone":4,"tombstone:grave_dust":3,"minecraft:bone":1,"minecraft:oak_door":2,"minecraft:gravel":64,"minecraft:iron_nugget":3,"minecraft:cooked_chicken":2,"born_in_chaos_v1:ethereal_spirit":1,"minecraft:stone_shovel":1,"minecraft:rotten_flesh":16,"minecraft:oak_planks":1,"minecraft:iron_boots":2,"minecraft:cobblestone_slab":6,"minecraft:andesite":1,"born_in_chaos_v1:corpse_maggot":1,"minecraft:stone_pickaxe":1,"simplefarming:barley_seeds":1,"minecraft:wooden_pickaxe":1,"simplyswords:iron_warglaive":1},"minecraft:broken":{"minecraft:stone_hoe":1,"minecraft:stone_pickaxe":8,"minecraft:stone_axe":2,"minecraft:iron_helmet":1},"minecraft:crafted":{"minecraft:oak_door":3,"minecraft:oak_planks":56,"minecraft:stone_shovel":2,"minecraft:iron_nugget":9,"minecraft:furnace":4,"simplyswords:iron_warglaive":1,"minecraft:flint_and_steel":1,"minecraft:bow":1,"minecraft:iron_axe":1,"minecraft:stone_pickaxe":9,"minecraft:stone_hoe":1,"sophisticatedbackpacks:backpack":1,"biomesoplenty:jacaranda_planks":340,"minecraft:crafting_table":3,"minecraft:iron_helmet":1,"minecraft:wooden_pickaxe":1,"minecraft:iron_sword":1,"minecraft:bucket":1,"minecraft:stone_axe":2,"minecraft:air":0,"minecraft:iron_chestplate":1,"minecraft:shield":1,"quark:oak_chest":3,"minecraft:stick":48,"minecraft:iron_ingot":40,"minecraft:iron_pickaxe":1,"minecraft:iron_leggings":1,"minecraft:torch":36,"minecraft:shears":1},"minecraft:mined":{"minecraft:white_bed":4,"minecraft:granite":1,"biomesoplenty:bush":7,"minecraft:grass_block":21,"biomesoplenty:flowering_oak_leaves":11,"minecraft:spawner":1,"biomesoplenty:jacaranda_log":119,"minecraft:furnace":6,"minecraft:iron_ore":107,"minecraft:fire":3,"minecraft:andesite":5,"biomesoplenty:webbing":6,"biomesoplenty:spider_egg":1,"minecraft:stone":958,"biomesoplenty:jacaranda_leaves":44,"jeg:scrap_ore":54,"quark:oak_chest":2,"biomesoplenty:jacaranda_planks":118,"minecraft:crafting_table":5,"minecraft:torch":7,"minecraft:copper_ore":5,"minecraft:tall_grass":1,"minecraft:cobblestone":6,"minecraft:sugar_cane":1,"minecraft:oak_planks":32,"minecraft:diorite":6,"minecraft:wall_torch":14,"minecraft:grass":25,"minecraft:oak_log":14,"minecraft:coal_ore":58,"minecraft:dirt":68,"minecraft:gravel":86,"biomesoplenty:stringy_cobweb":1,"minecraft:cobweb":43,"minecraft:stone_bricks":7,"minecraft:oak_leaves":30},"minecraft:used":{"minecraft:flint_and_steel":6,"minecraft:stone_shovel":91,"simplyswords:iron_warglaive":216,"minecraft:shield":26,"minecraft:iron_sword":85,"minecraft:stone_hoe":131,"minecraft:cooked_chicken":2,"minecraft:oak_door":2,"minecraft:torch":88,"minecraft:dirt":56,"minecraft:carrot":5,"minecraft:granite":2,"born_in_chaos_v1:corpse_maggot":6,"minecraft:iron_axe":95,"minecraft:iron_helmet":1,"biomesoplenty:jacaranda_sapling":3,"minecraft:bow":11,"minecraft:oak_sapling":1,"minecraft:furnace":9,"tombstone:gift":3,"minecraft:knowledge_book":34,"minecraft:cooked_mutton":4,"minecraft:water_bucket":10,"minecraft:diorite":2,"minecraft:stone_pickaxe":1108,"minecraft:baked_potato":14,"minecraft:oak_planks":30,"minecraft:wooden_pickaxe":3,"biomesoplenty:flowering_oak_sapling":2,"simplefarming:strawberries":4,"minecraft:golden_apple":2,"minecraft:glow_berries":16,"minecraft:crafting_table":7,"minecraft:white_bed":4,"minecraft:shears":7,"biomesoplenty:jacaranda_planks":532,"minecraft:apple":5,"minecraft:bread":23,"minecraft:iron_pickaxe":129,"minecraft:stone_axe":256,"minecraft:cobblestone":116,"born_in_chaos_v1:rotten_fish":1,"minecraft:andesite":7,"minecraft:cooked_rabbit":2,"minecraft:bucket":11,"quark:oak_chest":4,"biomesoplenty:jacaranda_leaves":5}},"DataVersion":3465}