{"stats":{"minecraft:picked_up":{"minecraft:crafting_table":5,"minecraft:wheat":3,"minecraft:ladder":1,"minecraft:cooked_rabbit":2,"biomesoplenty:jacaranda_sapling":3,"tombstone:grave_key":1,"minecraft:string":4,"minecraft:cobblestone_slab":12,"minecraft:iron_nugget":5,"simplefarming:barley_seeds":1,"minecraft:phantom_membrane":1,"minecraft:iron_boots":1,"minecraft:furnace":6,"minecraft:stick":10,"minecraft:raw_iron":92,"minecraft:oak_door":1,"minecraft:copper_ingot":5,"minecraft:oak_fence":2,"minecraft:torch":24,"tombstone:grave_dust":1,"minecraft:diorite":2,"minecraft:carrot":2,"minecraft:arrow":2,"minecraft:rotten_flesh":26,"biomesoplenty:jacaranda_log":113,"simplefarming:strawberries":4,"minecraft:rail":1,"minecraft:cobblestone":1357,"born_in_chaos_v1:fused_bone":4,"born_in_chaos_v1:corpse_maggot":7,"minecraft:andesite":6,"minecraft:leather":2,"minecraft:flint":24,"minecraft:oak_log":14,"undead_revamp2:huntereye":1,"jeg:scrap":61,"biomesoplenty:jacaranda_planks":247,"minecraft:gunpowder":4,"minecraft:dirt":111,"zombie_more:crawler_gut":1,"minecraft:cooked_mutton":4,"minecraft:bone":7,"minecraft:apple":2,"minecraft:stone_bricks":1,"minecraft:wheat_seeds":5,"minecraft:iron_ingot":5,"minecraft:cooked_chicken":4,"jeg:tech_trash":6,"minecraft:oak_planks":48,"simplefarming:radish_seeds":3,"born_in_chaos_v1:ethereal_spirit":1,"simplefarming:blueberries":1,"minecraft:gravel":153,"minecraft:white_bed":4,"biomesoplenty:jacaranda_leaves":5,"quark:oak_chest":2,"alexsmobs:animal_dictionary":1,"biomesoplenty:flowering_oak_sapling":2,"minecraft:bundle":1,"minecraft:granite":2,"born_in_chaos_v1:rotten_fish":1,"pfm:furniture_book":1,"minecraft:baked_potato":14,"tombstone:magic_scroll":1,"minecraft:oak_sapling":5,"minecraft:coal":85},"minecraft:killed_by":{"minecraft:player":1,"minecraft:skeleton":1},"minecraft:custom":{"minecraft:mob_kills":48,"minecraft:interact_with_crafting_table":61,"minecraft:open_barrel":9,"minecraft:damage_dealt_resisted":403,"minecraft:leave_game":1,"minecraft:time_since_death":16413,"minecraft:climb_one_cm":2864,"minecraft:damage_resisted":27,"minecraft:sprint_one_cm":428064,"minecraft:walk_one_cm":817486,"minecraft:damage_blocked_by_shield":1619,"minecraft:drop":42,"minecraft:play_time":183325,"minecraft:deaths":15,"minecraft:sneak_time":11023,"minecraft:walk_under_water_one_cm":13235,"minecraft:jump":1762,"minecraft:walk_on_water_one_cm":19996,"minecraft:total_world_time":183325,"minecraft:interact_with_furnace":56,"minecraft:sleep_in_bed":5,"minecraft:time_since_rest":16381,"minecraft:damage_taken":6615,"minecraft:damage_dealt":8577,"minecraft:swim_one_cm":9849,"minecraft:fly_one_cm":245305,"minecraft:open_chest":102,"minecraft:crouch_one_cm":39416,"tombstone:undead_killed":28,"minecraft:interact_with_smoker":2,"minecraft:fall_one_cm":41720},"minecraft:killed":{"minecraft:cave_spider":2,"undead_revamp2:thehunter":1,"born_in_chaos_v1:siamese_skeletonsright":1,"undead_revamp2:theswarmer":1,"minecraft:phantom":4,"born_in_chaos_v1:maggot":5,"minecraft:skeleton":4,"born_in_chaos_v1:corpse_fish":2,"undead_revamp2:sucker":2,"zombie_more:crawler_zombie":1,"undead_revamp2:the_moonflower":2,"minecraft:creeper":2,"born_in_chaos_v1:decrepit_skeleton":2,"minecraft:zombie":11,"born_in_chaos_v1:corpse_fly":4,"born_in_chaos_v1:door_knight":2,"born_in_chaos_v1:siamese_skeletonsleft":1},"minecraft:dropped":{"minecraft:iron_ingot":1,"minecraft:wheat_seeds":2,"minecraft:oak_fence":2,"simplefarming:radish_seeds":3,"minecraft:cobblestone":80,"minecraft:leather":4,"biomesoplenty:jacaranda_planks":26,"minecraft:rail":1,"minecraft:coal":8,"biomesoplenty:jacaranda_log":2,"minecraft:dirt":16,"born_in_chaos_v1:fused_bone":4,"minecraft:bone":1,"minecraft:oak_door":2,"minecraft:gravel":64,"minecraft:cooked_chicken":2,"born_in_chaos_v1:ethereal_spirit":1,"minecraft:stone_shovel":1,"minecraft:iron_boots":2,"minecraft:cobblestone_slab":6,"born_in_chaos_v1:corpse_maggot":1,"minecraft:stone_pickaxe":1,"simplefarming:barley_seeds":1,"minecraft:wooden_pickaxe":1},"minecraft:broken":{"minecraft:stone_hoe":1,"minecraft:stone_pickaxe":8,"minecraft:stone_axe":2},"minecraft:crafted":{"minecraft:oak_door":3,"minecraft:oak_planks":56,"minecraft:stone_shovel":2,"minecraft:iron_nugget":9,"minecraft:furnace":4,"simplyswords:iron_warglaive":1,"minecraft:flint_and_steel":1,"minecraft:iron_axe":1,"minecraft:stone_pickaxe":9,"minecraft:stone_hoe":1,"sophisticatedbackpacks:backpack":1,"biomesoplenty:jacaranda_planks":340,"minecraft:crafting_table":3,"minecraft:iron_helmet":1,"minecraft:wooden_pickaxe":1,"minecraft:iron_sword":1,"minecraft:bucket":1,"minecraft:stone_axe":2,"minecraft:air":0,"minecraft:iron_chestplate":1,"minecraft:shield":1,"quark:oak_chest":3,"minecraft:stick":48,"minecraft:iron_ingot":40,"minecraft:iron_pickaxe":1,"minecraft:iron_leggings":1,"minecraft:torch":36,"minecraft:shears":1},"minecraft:mined":{"minecraft:white_bed":4,"minecraft:granite":1,"biomesoplenty:bush":6,"minecraft:grass_block":21,"biomesoplenty:flowering_oak_leaves":11,"biomesoplenty:jacaranda_log":119,"minecraft:furnace":6,"minecraft:iron_ore":92,"minecraft:fire":3,"minecraft:andesite":1,"biomesoplenty:webbing":6,"biomesoplenty:spider_egg":1,"minecraft:stone":950,"biomesoplenty:jacaranda_leaves":44,"jeg:scrap_ore":31,"quark:oak_chest":2,"biomesoplenty:jacaranda_planks":118,"minecraft:crafting_table":5,"minecraft:torch":6,"minecraft:tall_grass":1,"minecraft:cobblestone":2,"minecraft:oak_planks":31,"minecraft:wall_torch":13,"minecraft:grass":25,"minecraft:oak_log":14,"minecraft:coal_ore":36,"minecraft:dirt":68,"minecraft:gravel":86,"biomesoplenty:stringy_cobweb":1,"minecraft:cobweb":2,"minecraft:stone_bricks":7,"minecraft:oak_leaves":30},"minecraft:used":{"minecraft:flint_and_steel":6,"minecraft:stone_shovel":91,"simplyswords:iron_warglaive":118,"minecraft:shield":22,"minecraft:iron_sword":34,"minecraft:stone_hoe":131,"minecraft:cooked_chicken":2,"minecraft:oak_door":2,"minecraft:torch":56,"minecraft:dirt":56,"minecraft:carrot":5,"born_in_chaos_v1:corpse_maggot":4,"minecraft:iron_axe":90,"minecraft:iron_helmet":1,"biomesoplenty:jacaranda_sapling":3,"minecraft:oak_sapling":1,"minecraft:furnace":9,"tombstone:gift":3,"minecraft:knowledge_book":31,"minecraft:cooked_mutton":4,"minecraft:water_bucket":10,"minecraft:diorite":2,"minecraft:stone_pickaxe":1108,"minecraft:baked_potato":14,"minecraft:oak_planks":30,"minecraft:wooden_pickaxe":3,"biomesoplenty:flowering_oak_sapling":2,"simplefarming:strawberries":4,"minecraft:crafting_table":7,"minecraft:white_bed":4,"minecraft:shears":7,"biomesoplenty:jacaranda_planks":532,"minecraft:apple":2,"minecraft:bread":18,"minecraft:iron_pickaxe":40,"minecraft:stone_axe":256,"minecraft:cobblestone":105,"born_in_chaos_v1:rotten_fish":1,"minecraft:andesite":6,"minecraft:cooked_rabbit":2,"minecraft:bucket":11,"quark:oak_chest":4,"biomesoplenty:jacaranda_leaves":5}},"DataVersion":3465}