{"stats":{"minecraft:picked_up":{"born_in_chaos_v1:corpse_maggot":4,"minecraft:crafting_table":3,"minecraft:wheat":3,"minecraft:cooked_rabbit":2,"biomesoplenty:jacaranda_sapling":3,"minecraft:flint":24,"minecraft:oak_log":14,"tombstone:grave_key":1,"biomesoplenty:jacaranda_planks":247,"minecraft:gunpowder":1,"minecraft:dirt":97,"zombie_more:crawler_gut":1,"minecraft:cooked_mutton":4,"minecraft:bone":3,"minecraft:apple":2,"minecraft:stone_bricks":1,"minecraft:wheat_seeds":5,"minecraft:cooked_chicken":4,"minecraft:iron_boots":1,"minecraft:cobblestone_slab":12,"minecraft:iron_nugget":2,"simplefarming:barley_seeds":1,"minecraft:oak_planks":34,"minecraft:phantom_membrane":1,"minecraft:stick":10,"minecraft:raw_iron":22,"minecraft:oak_door":1,"minecraft:copper_ingot":2,"minecraft:torch":18,"born_in_chaos_v1:ethereal_spirit":1,"minecraft:gravel":153,"minecraft:white_bed":2,"tombstone:grave_dust":1,"minecraft:carrot":2,"biomesoplenty:jacaranda_leaves":5,"quark:oak_chest":2,"alexsmobs:animal_dictionary":1,"biomesoplenty:flowering_oak_sapling":2,"minecraft:bundle":1,"minecraft:rotten_flesh":10,"biomesoplenty:jacaranda_log":113,"minecraft:baked_potato":14,"pfm:furniture_book":1,"tombstone:magic_scroll":1,"minecraft:oak_sapling":5,"minecraft:coal":60,"born_in_chaos_v1:fused_bone":4,"minecraft:cobblestone":1272},"minecraft:custom":{"minecraft:interact_with_furnace":21,"minecraft:mob_kills":19,"minecraft:interact_with_crafting_table":32,"minecraft:open_barrel":7,"minecraft:damage_dealt_resisted":383,"minecraft:sleep_in_bed":2,"minecraft:time_since_death":19313,"minecraft:leave_game":1,"minecraft:climb_one_cm":2039,"minecraft:damage_resisted":27,"minecraft:time_since_rest":862,"minecraft:sprint_one_cm":182018,"minecraft:damage_taken":2512,"minecraft:walk_one_cm":527125,"minecraft:drop":34,"minecraft:damage_dealt":2302,"minecraft:fly_one_cm":140809,"minecraft:open_chest":73,"minecraft:crouch_one_cm":26010,"minecraft:play_time":111325,"tombstone:undead_killed":9,"minecraft:deaths":6,"minecraft:sneak_time":7887,"minecraft:walk_under_water_one_cm":610,"minecraft:jump":1010,"minecraft:interact_with_smoker":2,"minecraft:walk_on_water_one_cm":466,"minecraft:total_world_time":111325,"minecraft:fall_one_cm":19109},"minecraft:killed":{"zombie_more:crawler_zombie":1,"born_in_chaos_v1:siamese_skeletonsright":1,"minecraft:creeper":2,"born_in_chaos_v1:decrepit_skeleton":1,"born_in_chaos_v1:maggot":4,"minecraft:phantom":1,"minecraft:zombie":3,"born_in_chaos_v1:corpse_fly":3,"born_in_chaos_v1:door_knight":2,"born_in_chaos_v1:siamese_skeletonsleft":1},"minecraft:dropped":{"minecraft:gravel":64,"minecraft:iron_ingot":1,"minecraft:wheat_seeds":2,"minecraft:cooked_chicken":2,"born_in_chaos_v1:ethereal_spirit":1,"minecraft:stone_shovel":1,"minecraft:cobblestone":80,"minecraft:iron_boots":2,"biomesoplenty:jacaranda_planks":26,"minecraft:coal":8,"biomesoplenty:jacaranda_log":2,"minecraft:cobblestone_slab":6,"minecraft:dirt":16,"born_in_chaos_v1:corpse_maggot":1,"born_in_chaos_v1:fused_bone":4,"minecraft:wooden_pickaxe":1,"simplefarming:barley_seeds":1,"minecraft:oak_door":2},"minecraft:broken":{"minecraft:stone_pickaxe":7,"minecraft:stone_axe":2},"minecraft:crafted":{"minecraft:oak_door":3,"minecraft:oak_planks":56,"minecraft:stone_shovel":2,"biomesoplenty:jacaranda_planks":340,"minecraft:crafting_table":2,"minecraft:wooden_pickaxe":1,"minecraft:iron_sword":1,"minecraft:furnace":3,"minecraft:bucket":1,"minecraft:stone_axe":2,"minecraft:air":0,"minecraft:flint_and_steel":1,"minecraft:shield":1,"minecraft:iron_axe":1,"minecraft:stick":48,"quark:oak_chest":2,"minecraft:iron_ingot":13,"minecraft:stone_pickaxe":8,"minecraft:torch":36,"minecraft:shears":1},"minecraft:mined":{"biomesoplenty:jacaranda_leaves":44,"minecraft:white_bed":2,"quark:oak_chest":2,"biomesoplenty:jacaranda_planks":118,"minecraft:crafting_table":3,"minecraft:torch":2,"biomesoplenty:bush":6,"minecraft:grass_block":19,"biomesoplenty:flowering_oak_leaves":11,"minecraft:tall_grass":1,"minecraft:oak_planks":17,"minecraft:wall_torch":11,"biomesoplenty:jacaranda_log":119,"minecraft:iron_ore":23,"minecraft:fire":3,"minecraft:grass":21,"minecraft:coal_ore":24,"minecraft:oak_log":14,"minecraft:gravel":86,"minecraft:dirt":62,"minecraft:stone_bricks":7,"minecraft:stone":864,"minecraft:oak_leaves":30},"minecraft:used":{"minecraft:knowledge_book":15,"minecraft:water_bucket":2,"minecraft:flint_and_steel":6,"minecraft:stone_pickaxe":937,"minecraft:stone_shovel":91,"minecraft:oak_planks":30,"minecraft:wooden_pickaxe":3,"minecraft:iron_sword":23,"biomesoplenty:flowering_oak_sapling":2,"minecraft:oak_door":2,"minecraft:torch":38,"minecraft:dirt":53,"minecraft:crafting_table":5,"minecraft:white_bed":1,"minecraft:carrot":4,"minecraft:shears":7,"biomesoplenty:jacaranda_planks":532,"born_in_chaos_v1:corpse_maggot":3,"minecraft:apple":2,"minecraft:iron_axe":73,"minecraft:bread":6,"minecraft:stone_axe":256,"biomesoplenty:jacaranda_sapling":3,"minecraft:cobblestone":37,"minecraft:furnace":3,"minecraft:oak_sapling":1,"minecraft:bucket":3,"tombstone:gift":1,"quark:oak_chest":4,"biomesoplenty:jacaranda_leaves":5}},"DataVersion":3465}