{"stats":{"minecraft:crafted":{"minecraft:oak_planks":60,"minecraft:cooked_chicken":3,"minecraft:stone":72,"minecraft:lever":3,"minecraft:heavy_weighted_pressure_plate":1,"minecraft:cooked_mutton":4,"minecraft:bow":1,"minecraft:iron_boots":2,"tombstone:grave_key":2,"minecraft:stone_hoe":1,"sophisticatedbackpacks:backpack":2,"biomesoplenty:jacaranda_planks":480,"minecraft:crafting_table":5,"simplyswords:iron_claymore":1,"minecraft:iron_helmet":3,"minecraft:wooden_pickaxe":1,"minecraft:baked_potato":118,"minecraft:copper_ingot":85,"minecraft:campfire":1,"minecraft:iron_chestplate":3,"minecraft:shield":5,"minecraft:stick":84,"quark:oak_chest":3,"minecraft:iron_ingot":133,"minecraft:iron_pickaxe":6,"minecraft:shears":1,"minecraft:oak_door":3,"minecraft:stone_shovel":2,"minecraft:coal":27,"minecraft:iron_nugget":18,"minecraft:furnace":8,"minecraft:stone_button":8,"minecraft:bone_meal":84,"simplyswords:iron_warglaive":2,"minecraft:flint_and_steel":1,"minecraft:iron_axe":2,"born_in_chaos_v1:fried_maggot":6,"minecraft:stone_pickaxe":9,"biomesoplenty:jacaranda_door":3,"simplyswords:iron_cutlass":1,"sophisticatedbackpacks:iron_backpack":1,"minecraft:cooked_beef":43,"minecraft:coal_block":1,"simplyswords:iron_chakram":1,"minecraft:iron_sword":1,"minecraft:bucket":1,"minecraft:stone_axe":2,"minecraft:bread":1,"simplyswords:iron_greathammer":1,"minecraft:air":0,"minecraft:iron_leggings":3,"minecraft:white_bed":1,"minecraft:torch":56},"minecraft:killed_by":{"minecraft:cave_spider":1,"minecraft:witch":1,"minecraft:zombie":23,"minecraft:player":2,"alexsmobs:bison":1,"undead_revamp2:thespitter":1,"minecraft:skeleton":4},"minecraft:broken":{"simplyswords:iron_chakram":1,"minecraft:iron_boots":3,"minecraft:iron_chestplate":2,"minecraft:iron_leggings":3,"simplyswords:iron_warglaive":2,"minecraft:stone_pickaxe":8,"minecraft:stone_axe":2,"minecraft:iron_sword":1,"simplyswords:iron_greathammer":1,"minecraft:stone_hoe":1,"minecraft:shield":4,"simplyswords:iron_cutlass":1,"minecraft:iron_axe":1,"minecraft:iron_pickaxe":4,"minecraft:iron_helmet":3},"minecraft:used":{"minecraft:polished_deepslate":6,"minecraft:dispenser":1,"minecraft:shield":132,"minecraft:iron_sword":219,"simplefarming:cherries":6,"alexscaves:galena":288,"minecraft:green_terracotta":7,"minecraft:carrot":250,"minecraft:cracked_deepslate_tiles":2,"simplefarming:blueberries":2,"simplefarming:raspberries":10,"born_in_chaos_v1:corpse_maggot":17,"horror_element_mod:human_remains":4,"born_in_chaos_v1:smoked_flesh":4,"minecraft:lava_bucket":1,"minecraft:iron_helmet":1,"biomesoplenty:jacaranda_sapling":3,"minecraft:bow":27,"minecraft:furnace":17,"minecraft:oak_sapling":2,"minecraft:egg":1,"minecraft:potato":43,"minecraft:diorite":11,"minecraft:stone_pickaxe":1108,"minecraft:oak_planks":38,"minecraft:polished_diorite_slab":6,"minecraft:wooden_pickaxe":3,"biomesoplenty:lavender":1,"biomesoplenty:flowering_oak_sapling":2,"minecraft:sugar_cane":4,"simplefarming:strawberries":4,"minecraft:golden_apple":2,"minecraft:glow_berries":16,"simplyswords:iron_chakram":284,"biomesoplenty:jacaranda_planks":611,"minecraft:shears":7,"simplyswords:iron_greathammer":249,"born_in_chaos_v1:monster_flesh":1,"minecraft:bread":38,"minecraft:polished_granite":1,"tombstone:grave_key":1,"minecraft:polished_andesite_slab":1,"born_in_chaos_v1:rotten_fish":1,"minecraft:chain":2,"minecraft:cooked_rabbit":2,"minecraft:andesite":7,"minecraft:bone_meal":85,"biomesoplenty:jacaranda_leaves":5,"simplyswords:iron_cutlass":250,"simplyswords:iron_claymore":247,"minecraft:flint_and_steel":8,"minecraft:stone_shovel":91,"undead_revamp2:blacpetalblock":1,"simplyswords:iron_warglaive":506,"born_in_chaos_v1:fried_maggot":6,"minecraft:stone_hoe":131,"minecraft:cooked_chicken":5,"minecraft:oak_door":2,"minecraft:torch":158,"minecraft:dirt":249,"minecraft:granite":2,"minecraft:iron_axe":210,"minecraft:smooth_sandstone":16,"minecraft:barrel":1,"farmersdelight:cooking_pot":1,"tombstone:gift":4,"undead_revamp2:arapholia":1,"minecraft:cooked_beef":36,"minecraft:observer":2,"minecraft:knowledge_book":130,"minecraft:wheat_seeds":4,"minecraft:cooked_mutton":7,"biomesoplenty:jacaranda_door":7,"minecraft:water_bucket":53,"farmersdelight:skillet":4,"minecraft:polished_andesite":1,"minecraft:baked_potato":108,"minecraft:smooth_sandstone_slab":3,"simplefarming:pear":5,"simplyswords:iron_twinblade":58,"minecraft:crafting_table":20,"simplefarming:blackberries":4,"minecraft:white_bed":11,"minecraft:oak_log":2,"tombstone:bag_of_seeds":1,"minecraft:apple":9,"minecraft:iron_pickaxe":1304,"minecraft:stone_axe":256,"minecraft:cobblestone":156,"minecraft:cooked_porkchop":2,"minecraft:bucket":54,"quark:oak_chest":4,"minecraft:smooth_stone":7},"minecraft:killed":{"zombie_more:cursed_zombie":2,"minecraft:cave_spider":4,"zombie_more:tank_zombie":4,"minecraft:witch":1,"born_in_chaos_v1:restless_spirit":3,"born_in_chaos_v1:door_knight_not_despawn":1,"minecraft:spider":6,"undead_revamp2:thesmoker":1,"born_in_chaos_v1:siamese_skeletonsright":2,"undead_revamp2:theswarmer":1,"born_in_chaos_v1:baby_skeleton_minion":2,"minecraft:skeleton":27,"born_in_chaos_v1:skeleton_thrasher":1,"undead_revamp2:therod":3,"undead_revamp2:thepregnant":1,"born_in_chaos_v1:firelight_not_despawn":2,"undead_revamp2:thespitter":1,"alexscaves:teletor":1,"alexscaves:notor":6,"zombie_more:boomer_zombie":4,"minecraft:pig":2,"quark:stoneling":1,"minecraft:zombie_villager":1,"undead_revamp2:theheavy":1,"minecraft:creeper":9,"minecraft:sheep":3,"undead_revamp2:thebidyupside":2,"minecraft:pillager":2,"minecraft:zombie":150,"zombie_more:explosive_zombie":1,"born_in_chaos_v1:dread_hound":4,"born_in_chaos_v1:corpse_fly":7,"alexsmobs:fly":2,"born_in_chaos_v1:door_knight":2,"born_in_chaos_v1:siamese_skeletonsleft":1,"minecraft:cow":5,"undead_revamp2:thehunter":3,"undead_revamp2:bomber":1,"born_in_chaos_v1:zombie_bruiser":1,"born_in_chaos_v1:maggot":41,"minecraft:phantom":5,"undead_revamp2:thebidy":3,"born_in_chaos_v1:corpse_fish":4,"alexsmobs:bison":6,"minecraft:drowned":2,"undead_revamp2:sucker":4,"born_in_chaos_v1:barrel_zombie":1,"born_in_chaos_v1:fallen_chaos_knight":2,"zombie_more:crawler_zombie":8,"undead_revamp2:the_moonflower":7,"minecraft:bat":1,"born_in_chaos_v1:decrepit_skeleton":6,"undead_revamp2:thesomnolence":1,"born_in_chaos_v1:dark_vortex":1,"born_in_chaos_v1:nightmare_stalker":1},"minecraft:custom":{"minecraft:interact_with_crafting_table":135,"minecraft:open_barrel":260,"minecraft:leave_game":8,"minecraft:time_since_death":154,"minecraft:damage_resisted":27,"minecraft:sprint_one_cm":2521373,"minecraft:damage_blocked_by_shield":10484,"minecraft:drop":378,"minecraft:talked_to_villager":2,"minecraft:play_time":885734,"minecraft:deaths":88,"minecraft:jump":15478,"minecraft:walk_on_water_one_cm":201147,"minecraft:interact_with_furnace":222,"minecraft:interact_with_loom":1,"minecraft:sleep_in_bed":12,"tombstone:sneak_grave":5,"minecraft:damage_dealt":77302,"minecraft:crouch_one_cm":191653,"tombstone:undead_killed":244,"minecraft:interact_with_smoker":7,"minecraft:inspect_dispenser":2,"minecraft:interact_with_smithing_table":1,"minecraft:mob_kills":390,"minecraft:damage_dealt_resisted":1869,"minecraft:climb_one_cm":52517,"minecraft:walk_one_cm":2918619,"minecraft:damage_dealt_absorbed":30,"minecraft:sneak_time":59474,"minecraft:walk_under_water_one_cm":91779,"minecraft:total_world_time":885734,"tombstone:raider_killed":3,"minecraft:tune_noteblock":4,"minecraft:interact_with_stonecutter":1,"minecraft:time_since_rest":1,"minecraft:damage_taken":43395,"minecraft:damage_absorbed":80,"minecraft:trigger_trapped_chest":3,"minecraft:swim_one_cm":110354,"minecraft:fly_one_cm":2128097,"minecraft:open_chest":354,"minecraft:fall_one_cm":267042},"minecraft:picked_up":{"quark:diamond_heart":1,"minecraft:wheat":19,"minecraft:redstone_block":6,"minecraft:potion":3,"minecraft:knowledge_book":5,"tombstone:grave_key":2,"minecraft:polished_deepslate":11,"minecraft:string":75,"minecraft:raw_copper":92,"zombie_more:acid_drool":3,"biomesoplenty:tall_lavender":1,"minecraft:pufferfish":1,"minecraft:smooth_stone":8,"minecraft:cobbled_deepslate":5,"minecraft:spruce_planks":27,"minecraft:redstone_torch":3,"minecraft:cobblestone_slab":12,"minecraft:smooth_quartz":1,"minecraft:iron_pickaxe":1,"minecraft:coal_block":8,"minecraft:iron_boots":1,"minecraft:furnace":10,"minecraft:stick":13,"born_in_chaos_v1:shattered_skull":1,"minecraft:oak_fence":2,"minecraft:torch":74,"alexscaves:raw_azure_neodymium":32,"minecraft:porkchop":5,"simplefarming:raspberries":11,"tombstone:grave_dust":16,"minecraft:pointed_dripstone":1,"minecraft:diorite":16,"minecraft:green_terracotta":7,"quark:clear_shard":36,"minecraft:rotten_flesh":344,"alexscaves:notor_gizmo":1,"minecraft:iron_bars":2,"undead_revamp2:arapholia":1,"minecraft:cobblestone":1688,"biomesoplenty:lavender":2,"minecraft:polished_diorite_slab":7,"minecraft:iron_door":2,"born_in_chaos_v1:spiritual_dust":1,"minecraft:andesite":9,"alexscaves:cave_book":1,"minecraft:potato":123,"alexsmobs:bison_fur":4,"minecraft:flint":25,"undead_revamp2:huntereye":1,"jeg:scrap":157,"minecraft:lapis_lazuli":1,"minecraft:dirt":335,"minecraft:polished_granite":1,"zombie_more:crawler_gut":3,"alexscaves:galena":667,"zombie_more:brain":2,"born_in_chaos_v1:monster_skin":2,"simplefarming:cucumber_seeds":1,"minecraft:bone":61,"undead_revamp2:blacpetalblock":2,"minecraft:wheat_seeds":58,"minecraft:mossy_stone_bricks":1,"minecraft:powered_rail":6,"minecraft:oak_planks":57,"minecraft:cooked_porkchop":2,"simplefarming:radish_seeds":3,"minecraft:sand":7,"minecraft:barrel":2,"alexsmobs:animal_dictionary":1,"simplyswords:iron_twinblade":4,"minecraft:bundle":9,"minecraft:polished_andesite":9,"minecraft:dispenser":1,"born_in_chaos_v1:fire_dust":2,"minecraft:black_concrete":44,"minecraft:granite":2,"minecraft:bone_meal":1,"simplefarming:cherries":6,"minecraft:bread":6,"pfm:furniture_book":1,"alexsmobs:maggot":1,"born_in_chaos_v1:rotten_fish":1,"minecraft:oak_sapling":8,"minecraft:crimson_roots":4,"minecraft:waxed_oxidized_cut_copper":4,"alexscaves:raw_scarlet_neodymium":33,"minecraft:fishing_rod":1,"minecraft:charcoal":47,"minecraft:crafting_table":16,"simplefarming:pea_seeds":2,"minecraft:allium":1,"minecraft:ladder":3,"born_in_chaos_v1:seedof_chaos":2,"minecraft:cooked_rabbit":2,"biomesoplenty:jacaranda_sapling":3,"minecraft:chain":2,"alexscaves:metal_swarf":12,"simplefarming:sorghum_seeds":1,"minecraft:flint_and_steel":1,"minecraft:quartz_slab":2,"minecraft:beef":76,"minecraft:egg":1,"minecraft:observer":2,"minecraft:iron_nugget":60,"minecraft:sugar_cane":4,"minecraft:chest":1,"simplefarming:barley_seeds":1,"minecraft:piston":1,"minecraft:phantom_membrane":1,"minecraft:raw_iron":145,"simplefarming:pear":7,"minecraft:oak_door":1,"minecraft:copper_ingot":37,"simplefarming:yam_seeds":1,"simplyswords:iron_cutlass":1,"minecraft:carrot":178,"born_in_chaos_v1:pieceofdarkmetal":13,"minecraft:redstone":1,"minecraft:dark_oak_planks":8,"minecraft:smooth_sandstone_slab":3,"minecraft:arrow":21,"minecraft:diamond_chestplate":1,"biomesoplenty:jacaranda_log":125,"simplefarming:strawberries":12,"alexscaves:spelunkery_table":1,"tombstone:essence_of_undeath":2,"minecraft:glow_berries":2,"minecraft:mutton":4,"minecraft:rail":13,"minecraft:skeleton_skull":1,"minecraft:white_wool":21,"born_in_chaos_v1:fused_bone":5,"minecraft:cracked_deepslate_tiles":2,"born_in_chaos_v1:corpse_maggot":27,"simplefarming:soybean_seeds":1,"born_in_chaos_v1:monster_flesh":11,"minecraft:glow_ink_sac":13,"minecraft:leather":6,"minecraft:birch_planks":4,"biomesoplenty:jacaranda_door":4,"minecraft:oak_log":32,"biomesoplenty:jacaranda_planks":270,"minecraft:gunpowder":35,"tombstone:gift":1,"jeg:grenade":1,"minecraft:cooked_mutton":4,"minecraft:smooth_sandstone":16,"minecraft:apple":2,"minecraft:stone_bricks":3,"simplyswords:iron_warglaive":1,"born_in_chaos_v1:smoked_flesh":1,"minecraft:iron_ingot":56,"minecraft:cooked_chicken":4,"minecraft:cobweb":7,"tombstone:bag_of_seeds":1,"simplefarming:pear_sapling":1,"minecraft:polished_andesite_slab":1,"jeg:tech_trash":14,"quark:white_shard":6,"born_in_chaos_v1:ethereal_spirit":3,"simplefarming:blueberries":5,"minecraft:gravel":158,"born_in_chaos_v1:dark_rod":2,"minecraft:white_bed":11,"simplefarming:squash_seeds":2,"biomesoplenty:jacaranda_leaves":5,"quark:oak_chest":2,"minecraft:spider_eye":3,"simplefarming:blackberries":4,"biomesoplenty:flowering_oak_sapling":2,"minecraft:pumpkin_seeds":13,"minecraft:slime_ball":12,"minecraft:stone_axe":1,"minecraft:gray_wool":1,"alexscaves:scarlet_neodymium_pillar":20,"alexscaves:azure_neodymium_pillar":21,"minecraft:baked_potato":47,"tombstone:magic_scroll":4,"simplefarming:cotton_seeds":2,"minecraft:melon_seeds":8,"minecraft:red_concrete":39,"minecraft:coal":150,"minecraft:ender_pearl":15},"minecraft:dropped":{"minecraft:piston":1,"minecraft:birch_planks":4,"minecraft:cooked_beef":1,"minecraft:oak_log":8,"minecraft:baked_potato":55,"minecraft:ender_pearl":5,"simplefarming:radish_seeds":3,"minecraft:glow_berries":2,"minecraft:leather":4,"born_in_chaos_v1:pieceofdarkmetal":4,"minecraft:rail":1,"born_in_chaos_v1:monster_flesh":9,"simplefarming:pea_seeds":2,"alexscaves:galena":256,"minecraft:dirt":25,"simplefarming:rye_seeds":1,"minecraft:dispenser":1,"born_in_chaos_v1:monster_skin":1,"minecraft:crimson_roots":4,"minecraft:sand":7,"minecraft:dark_oak_planks":2,"simplefarming:squash_seeds":2,"minecraft:white_wool":13,"minecraft:bone":7,"minecraft:oak_door":2,"minecraft:gravel":68,"minecraft:stone_axe":1,"minecraft:cooked_chicken":2,"minecraft:iron_nugget":46,"minecraft:cobbled_deepslate":3,"simplyswords:iron_twinblade":4,"tombstone:gift":1,"born_in_chaos_v1:ethereal_spirit":1,"minecraft:rotten_flesh":262,"minecraft:oak_planks":2,"minecraft:cooked_mutton":1,"minecraft:white_bed":1,"minecraft:carrot":36,"minecraft:chainmail_chestplate":1,"alexscaves:cave_book":1,"minecraft:skeleton_skull":1,"minecraft:charcoal":28,"minecraft:melon_seeds":8,"born_in_chaos_v1:corpse_maggot":3,"zombie_more:acid_drool":1,"minecraft:ladder":2,"simplefarming:strawberries":8,"minecraft:iron_bars":2,"minecraft:beef":16,"simplefarming:barley_seeds":1,"biomesoplenty:tall_lavender":1,"born_in_chaos_v1:dark_rod":2,"minecraft:bread":2,"minecraft:iron_ingot":36,"minecraft:wheat_seeds":47,"biomesoplenty:lavender":1,"minecraft:oak_fence":2,"minecraft:knowledge_book":8,"minecraft:cobblestone":125,"minecraft:observer":1,"minecraft:apple":2,"minecraft:copper_ingot":4,"biomesoplenty:jacaranda_planks":29,"minecraft:coal":11,"minecraft:stick":14,"biomesoplenty:jacaranda_log":2,"minecraft:coal_block":7,"minecraft:pufferfish":1,"minecraft:polished_andesite":8,"minecraft:cobweb":7,"minecraft:gray_wool":1,"simplefarming:soybean_seeds":1,"quark:clear_shard":36,"minecraft:diorite":5,"minecraft:torch":33,"tombstone:grave_key":1,"minecraft:smooth_quartz":1,"born_in_chaos_v1:fused_bone":5,"minecraft:iron_door":2,"minecraft:potion":3,"tombstone:grave_dust":14,"minecraft:smooth_stone":1,"minecraft:string":15,"minecraft:redstone":1,"simplefarming:cotton_seeds":2,"simplyswords:iron_cutlass":1,"minecraft:polished_deepslate":10,"minecraft:polished_diorite_slab":7,"minecraft:raw_copper":8,"minecraft:stone_shovel":1,"minecraft:iron_boots":2,"sophisticatedbackpacks:backpack":1,"alexscaves:metal_swarf":12,"minecraft:pumpkin_seeds":13,"minecraft:flint_and_steel":1,"minecraft:cobblestone_slab":6,"minecraft:allium":1,"simplefarming:cucumber_seeds":1,"minecraft:bundle":7,"minecraft:spruce_planks":27,"minecraft:mossy_stone_bricks":1,"minecraft:andesite":1,"minecraft:oak_sapling":2,"minecraft:waxed_oxidized_cut_copper":4,"minecraft:stone_bricks":2,"minecraft:barrel":1,"minecraft:spider_eye":3,"minecraft:slime_ball":64,"minecraft:stone_pickaxe":1,"minecraft:wooden_pickaxe":1,"simplyswords:iron_warglaive":1,"simplefarming:sorghum_seeds":1,"minecraft:quartz_slab":2},"minecraft:mined":{"minecraft:spruce_planks":3,"minecraft:white_bed":11,"minecraft:sculk_vein":2,"alexscaves:azure_neodymium_pillar":22,"minecraft:granite":10,"minecraft:grass_block":51,"biomesoplenty:flowering_oak_leaves":12,"minecraft:coal_block":1,"minecraft:spawner":19,"minecraft:smooth_stone":3,"biomesoplenty:tall_lavender":2,"minecraft:iron_ore":121,"minecraft:fire":6,"biomesoplenty:lavender":1,"alexscaves:scarlet_neodymium_node":1,"minecraft:iron_bars":2,"biomesoplenty:webbing":6,"minecraft:smooth_sandstone_stairs":2,"biomesoplenty:jacaranda_leaves":50,"biomesoplenty:jacaranda_planks":136,"minecraft:torch":8,"alexscaves:energized_galena_neutral":1,"alexscaves:energized_galena_scarlet":24,"minecraft:glass":6,"minecraft:cobblestone":31,"minecraft:sugar_cane":2,"minecraft:oak_planks":41,"minecraft:smooth_sandstone_slab":3,"minecraft:wall_torch":23,"minecraft:repeater":1,"minecraft:powered_rail":1,"minecraft:grass":191,"minecraft:cracked_deepslate_tiles":2,"minecraft:oak_log":24,"minecraft:dirt":167,"minecraft:smooth_quartz":1,"minecraft:tripwire_hook":1,"minecraft:oak_leaves":38,"minecraft:deepslate":2,"alexscaves:spelunkery_table":1,"minecraft:oak_door":1,"minecraft:mangrove_roots":8,"biomesoplenty:bush":12,"horror_element_mod:light_on":1,"minecraft:white_stained_glass":3,"minecraft:redstone_wire":3,"minecraft:polished_andesite_slab":1,"alexscaves:galena":444,"biomesoplenty:jacaranda_log":131,"minecraft:waxed_oxidized_cut_copper":6,"minecraft:furnace":9,"alexscaves:energized_galena_azure":18,"minecraft:andesite":9,"minecraft:green_terracotta":7,"minecraft:black_concrete":44,"minecraft:polished_deepslate":5,"biomesoplenty:high_grass":49,"biomesoplenty:jacaranda_door":3,"minecraft:stripped_oak_log":1,"biomesoplenty:spider_egg":1,"minecraft:stone":1232,"minecraft:redstone_block":6,"minecraft:glass_pane":1,"jeg:scrap_ore":76,"quark:oak_chest":2,"alexscaves:azure_neodymium_node":1,"minecraft:brick_wall":1,"minecraft:stone_brick_slab":3,"minecraft:observer":1,"minecraft:polished_granite":1,"minecraft:smooth_sandstone":16,"minecraft:crafting_table":16,"undead_revamp2:blacpetalblock":1,"minecraft:tall_grass":19,"alexscaves:metal_swarf":6,"biomesoplenty:high_grass_plant":146,"minecraft:copper_ore":27,"minecraft:red_concrete":39,"minecraft:sculk":2,"minecraft:diorite":38,"alexscaves:galena_iron_ore":18,"minecraft:birch_leaves":2,"horror_element_mod:human_remains":1,"minecraft:coal_ore":97,"minecraft:gravel":87,"biomesoplenty:stringy_cobweb":1,"minecraft:cobweb":43,"minecraft:stone_bricks":7,"alexscaves:scarlet_neodymium_pillar":9}},"DataVersion":3465}