{"stats":{"minecraft:broken":{"minecraft:stone_pickaxe":1,"minecraft:shield":1},"minecraft:dropped":{"minecraft:wheat_seeds":64,"minecraft:cooked_beef":1,"minecraft:stone_sword":1,"minecraft:rotten_flesh":33,"minecraft:cobblestone":4,"jeg:revolver":2,"minecraft:shield":1,"minecraft:brown_bed":1,"minecraft:wooden_pickaxe":2},"minecraft:picked_up":{"born_in_chaos_v1:corpse_maggot":1,"minecraft:iron_chestplate":1,"minecraft:crafting_table":1,"minecraft:brown_wool":3,"alexsmobs:bison_fur":2,"minecraft:knowledge_book":4,"biomesoplenty:jacaranda_planks":1,"minecraft:oak_log":12,"tombstone:grave_key":1,"jeg:scrap":69,"minecraft:shield":2,"minecraft:gunpowder":7,"minecraft:dirt":18,"minecraft:string":3,"tombstone:gift":2,"zombie_more:acid_drool":1,"minecraft:bone":14,"jeg:revolver":3,"minecraft:apple":1,"minecraft:wheat_seeds":64,"minecraft:iron_ingot":8,"minecraft:beef":12,"minecraft:iron_nugget":6,"minecraft:iron_pickaxe":1,"minecraft:iron_sword":1,"jeg:tech_trash":5,"minecraft:raw_iron":45,"jeg:pistol_ammo":10,"minecraft:copper_ingot":5,"minecraft:torch":19,"tombstone:grave_dust":17,"minecraft:white_bed":3,"minecraft:carrot":1,"minecraft:dark_oak_log":1,"minecraft:spider_eye":2,"minecraft:stone_sword":1,"minecraft:bundle":1,"minecraft:arrow":17,"minecraft:rotten_flesh":47,"biomesoplenty:jacaranda_log":30,"minecraft:stone_axe":1,"minecraft:shears":1,"alexsmobs:maggot":5,"tombstone:magic_scroll":2,"minecraft:oak_sapling":1,"minecraft:mutton":3,"minecraft:coal":85,"minecraft:oak_leaves":2,"minecraft:white_wool":11,"minecraft:cobblestone":170,"born_in_chaos_v1:fused_bone":1},"minecraft:custom":{"minecraft:interact_with_furnace":47,"minecraft:mob_kills":69,"minecraft:interact_with_crafting_table":33,"minecraft:damage_dealt_resisted":1173,"minecraft:time_since_death":18458,"minecraft:sleep_in_bed":9,"minecraft:damage_resisted":6,"minecraft:climb_one_cm":1888,"minecraft:time_since_rest":16986,"minecraft:sprint_one_cm":238777,"minecraft:damage_taken":6767,"minecraft:walk_one_cm":347052,"minecraft:damage_blocked_by_shield":2896,"minecraft:drop":77,"minecraft:damage_dealt":12551,"minecraft:damage_dealt_absorbed":40,"minecraft:fly_one_cm":248129,"minecraft:open_chest":32,"minecraft:crouch_one_cm":28256,"minecraft:deaths":18,"minecraft:play_time":128518,"tombstone:undead_killed":44,"minecraft:sneak_time":9423,"minecraft:walk_under_water_one_cm":362,"minecraft:jump":1880,"minecraft:walk_on_water_one_cm":695,"minecraft:total_world_time":128518,"minecraft:fall_one_cm":39409},"minecraft:used":{"minecraft:knowledge_book":7,"minecraft:stone_sword":130,"minecraft:stone_pickaxe":131,"minecraft:shield":35,"minecraft:wooden_pickaxe":5,"minecraft:iron_sword":169,"minecraft:rotten_flesh":5,"minecraft:torch":18,"minecraft:dirt":1,"minecraft:crafting_table":3,"minecraft:carrot":1,"minecraft:white_bed":5,"biomesoplenty:jacaranda_planks":1,"minecraft:shears":2,"minecraft:apple":1,"minecraft:iron_pickaxe":175,"jeg:scrap_workbench":1,"minecraft:stone_axe":61,"minecraft:cobblestone":138,"minecraft:oak_sapling":1,"minecraft:furnace":2,"jeg:revolver":10,"tombstone:gift":4,"quark:oak_chest":1,"minecraft:cooked_beef":5,"minecraft:cooked_mutton":3,"minecraft:iron_leggings":1},"minecraft:killed_by":{"minecraft:skeleton":4,"minecraft:zombie":1},"minecraft:crafted":{"minecraft:cooked_beef":6,"minecraft:oak_planks":48,"biomesoplenty:jacaranda_planks":120,"minecraft:crafting_table":2,"minecraft:iron_helmet":1,"minecraft:wooden_pickaxe":2,"minecraft:iron_sword":1,"minecraft:furnace":2,"minecraft:brown_bed":1,"minecraft:stone_axe":1,"jeg:scrap_block":1,"minecraft:cooked_mutton":3,"minecraft:air":0,"biomesoplenty:jacaranda_fence":6,"minecraft:iron_boots":1,"minecraft:iron_chestplate":1,"minecraft:shield":1,"jeg:scrap_workbench":1,"minecraft:stick":28,"quark:oak_chest":1,"minecraft:iron_ingot":47,"minecraft:iron_pickaxe":1,"minecraft:stone_pickaxe":1,"minecraft:iron_leggings":1,"minecraft:stone_sword":1,"minecraft:white_bed":2,"minecraft:dark_oak_planks":4,"minecraft:torch":20,"minecraft:shears":1},"minecraft:killed":{"zombie_more:cursed_zombie":1,"zombie_more:boomer_zombie":1,"minecraft:husk":2,"born_in_chaos_v1:zombie_lumberjack":1,"undead_revamp2:the_moonflower":2,"minecraft:spider":2,"minecraft:creeper":2,"born_in_chaos_v1:decrepit_skeleton":3,"born_in_chaos_v1:maggot":3,"minecraft:phantom":5,"minecraft:sheep":2,"minecraft:skeleton":12,"minecraft:zombie":20,"born_in_chaos_v1:corpse_fly":2,"undead_revamp2:therod":1,"alexsmobs:fly":5,"alexsmobs:bison":2,"born_in_chaos_v1:door_knight":1},"minecraft:mined":{"biomesoplenty:jacaranda_leaves":2,"minecraft:white_bed":3,"jeg:scrap_ore":22,"biomesoplenty:jacaranda_planks":1,"minecraft:crafting_table":1,"minecraft:torch":2,"biomesoplenty:bush":1,"minecraft:grass_block":6,"minecraft:cobblestone":31,"minecraft:wall_torch":1,"biomesoplenty:jacaranda_log":34,"minecraft:cobblestone_wall":1,"minecraft:iron_ore":44,"minecraft:oak_log":12,"minecraft:coal_ore":80,"minecraft:dirt":7,"minecraft:stone":127,"minecraft:oak_leaves":16}},"DataVersion":3465}