{"stats":{"minecraft:broken":{"minecraft:stone_pickaxe":1},"minecraft:dropped":{"minecraft:cooked_beef":1,"minecraft:stone_sword":1,"minecraft:cobblestone":4,"minecraft:shield":1,"minecraft:brown_bed":1,"minecraft:wooden_pickaxe":2},"minecraft:picked_up":{"born_in_chaos_v1:corpse_maggot":1,"minecraft:iron_chestplate":1,"minecraft:crafting_table":1,"minecraft:brown_wool":3,"alexsmobs:bison_fur":1,"minecraft:knowledge_book":4,"minecraft:oak_log":12,"tombstone:grave_key":1,"jeg:scrap":69,"minecraft:shield":2,"minecraft:gunpowder":7,"minecraft:dirt":17,"minecraft:string":3,"tombstone:gift":2,"zombie_more:acid_drool":1,"minecraft:bone":14,"minecraft:apple":1,"minecraft:iron_ingot":8,"minecraft:beef":6,"minecraft:iron_nugget":6,"minecraft:iron_pickaxe":1,"minecraft:iron_sword":1,"jeg:tech_trash":5,"minecraft:raw_iron":45,"minecraft:copper_ingot":5,"minecraft:torch":19,"tombstone:grave_dust":17,"minecraft:white_bed":3,"minecraft:carrot":1,"minecraft:dark_oak_log":1,"minecraft:spider_eye":2,"minecraft:stone_sword":1,"minecraft:bundle":1,"minecraft:arrow":17,"minecraft:rotten_flesh":47,"biomesoplenty:jacaranda_log":30,"minecraft:stone_axe":1,"minecraft:shears":1,"alexsmobs:maggot":5,"tombstone:magic_scroll":2,"minecraft:oak_sapling":1,"minecraft:coal":85,"minecraft:oak_leaves":2,"minecraft:white_wool":9,"minecraft:cobblestone":168,"born_in_chaos_v1:fused_bone":1},"minecraft:custom":{"minecraft:interact_with_furnace":39,"minecraft:mob_kills":62,"minecraft:interact_with_crafting_table":31,"minecraft:damage_dealt_resisted":1173,"minecraft:time_since_death":458,"minecraft:sleep_in_bed":9,"minecraft:damage_resisted":6,"minecraft:climb_one_cm":1888,"minecraft:time_since_rest":1,"minecraft:sprint_one_cm":195788,"minecraft:damage_taken":6535,"minecraft:walk_one_cm":309939,"minecraft:damage_blocked_by_shield":2716,"minecraft:drop":10,"minecraft:damage_dealt":11523,"minecraft:damage_dealt_absorbed":40,"minecraft:fly_one_cm":191191,"minecraft:open_chest":23,"minecraft:crouch_one_cm":25031,"minecraft:deaths":18,"minecraft:play_time":110518,"tombstone:undead_killed":41,"minecraft:sneak_time":8466,"minecraft:walk_under_water_one_cm":362,"minecraft:jump":1561,"minecraft:walk_on_water_one_cm":695,"minecraft:total_world_time":110518,"minecraft:fall_one_cm":33334},"minecraft:used":{"minecraft:knowledge_book":7,"minecraft:stone_sword":130,"minecraft:stone_pickaxe":131,"minecraft:shield":32,"minecraft:wooden_pickaxe":5,"minecraft:iron_sword":155,"minecraft:rotten_flesh":5,"minecraft:torch":18,"minecraft:crafting_table":3,"minecraft:carrot":1,"minecraft:white_bed":5,"minecraft:shears":2,"minecraft:apple":1,"minecraft:iron_pickaxe":172,"minecraft:stone_axe":55,"minecraft:cobblestone":137,"minecraft:furnace":2,"tombstone:gift":1,"quark:oak_chest":1,"minecraft:cooked_beef":5,"minecraft:iron_leggings":1},"minecraft:killed_by":{"minecraft:skeleton":4,"minecraft:zombie":1},"minecraft:crafted":{"minecraft:cooked_beef":6,"minecraft:oak_planks":48,"biomesoplenty:jacaranda_planks":44,"minecraft:crafting_table":2,"minecraft:iron_helmet":1,"minecraft:wooden_pickaxe":2,"minecraft:iron_sword":1,"minecraft:furnace":2,"minecraft:brown_bed":1,"minecraft:stone_axe":1,"minecraft:air":0,"biomesoplenty:jacaranda_fence":6,"minecraft:iron_boots":1,"minecraft:iron_chestplate":1,"minecraft:shield":1,"minecraft:stick":24,"quark:oak_chest":1,"minecraft:iron_ingot":31,"minecraft:iron_pickaxe":1,"minecraft:stone_pickaxe":1,"minecraft:iron_leggings":1,"minecraft:stone_sword":1,"minecraft:white_bed":2,"minecraft:dark_oak_planks":4,"minecraft:torch":20,"minecraft:shears":1},"minecraft:killed":{"zombie_more:cursed_zombie":1,"zombie_more:boomer_zombie":1,"minecraft:husk":2,"born_in_chaos_v1:zombie_lumberjack":1,"undead_revamp2:the_moonflower":2,"minecraft:spider":2,"minecraft:creeper":2,"born_in_chaos_v1:decrepit_skeleton":3,"born_in_chaos_v1:maggot":3,"minecraft:phantom":4,"minecraft:skeleton":11,"minecraft:zombie":18,"born_in_chaos_v1:corpse_fly":2,"undead_revamp2:therod":1,"alexsmobs:fly":5,"alexsmobs:bison":1,"born_in_chaos_v1:door_knight":1},"minecraft:mined":{"biomesoplenty:jacaranda_leaves":1,"minecraft:white_bed":3,"jeg:scrap_ore":22,"minecraft:crafting_table":1,"minecraft:torch":2,"biomesoplenty:bush":1,"minecraft:grass_block":6,"minecraft:cobblestone":29,"minecraft:wall_torch":1,"biomesoplenty:jacaranda_log":34,"minecraft:iron_ore":44,"minecraft:oak_log":12,"minecraft:coal_ore":80,"minecraft:dirt":6,"minecraft:stone":127,"minecraft:oak_leaves":16}},"DataVersion":3465}