{"stats":{"minecraft:broken":{"minecraft:stone_pickaxe":1,"minecraft:shield":1},"minecraft:dropped":{"minecraft:wheat_seeds":102,"minecraft:cooked_beef":1,"minecraft:lilac":3,"minecraft:cobblestone":4,"minecraft:lantern":1,"minecraft:stone_sword":1,"undead_revamp2:arapholia":1,"minecraft:rotten_flesh":41,"jeg:revolver":2,"minecraft:shield":1,"minecraft:peony":1,"minecraft:brown_bed":1,"minecraft:wooden_pickaxe":2,"minecraft:oak_leaves":2},"minecraft:picked_up":{"minecraft:crafting_table":1,"minecraft:iron_chestplate":1,"minecraft:wheat":11,"minecraft:knowledge_book":4,"jeg:scrap_workbench":1,"tombstone:grave_key":1,"minecraft:shield":2,"minecraft:string":3,"minecraft:raw_copper":26,"zombie_more:acid_drool":1,"jeg:revolver":3,"minecraft:beef":12,"minecraft:iron_nugget":6,"minecraft:iron_pickaxe":1,"minecraft:coal_block":3,"minecraft:raw_iron":49,"jeg:pistol_ammo":10,"minecraft:copper_ingot":7,"minecraft:torch":19,"tombstone:grave_dust":17,"minecraft:carrot":27,"minecraft:stone_sword":1,"minecraft:arrow":17,"minecraft:rotten_flesh":55,"biomesoplenty:jacaranda_log":30,"minecraft:shears":1,"minecraft:mutton":3,"undead_revamp2:arapholia":1,"minecraft:white_wool":11,"minecraft:cobblestone":173,"born_in_chaos_v1:fused_bone":1,"born_in_chaos_v1:corpse_maggot":4,"minecraft:brown_wool":3,"minecraft:potato":26,"alexsmobs:bison_fur":2,"minecraft:oak_log":12,"jeg:scrap":82,"biomesoplenty:jacaranda_planks":1,"minecraft:gunpowder":7,"minecraft:dirt":19,"minecraft:lantern":2,"tombstone:gift":2,"minecraft:bone":17,"minecraft:stone_bricks":8,"minecraft:apple":1,"minecraft:wheat_seeds":102,"minecraft:iron_ingot":8,"minecraft:iron_sword":1,"jeg:tech_trash":7,"minecraft:white_bed":3,"minecraft:dark_oak_log":1,"minecraft:spider_eye":2,"minecraft:bundle":1,"minecraft:stone_axe":1,"alexsmobs:maggot":5,"minecraft:baked_potato":5,"tombstone:magic_scroll":2,"minecraft:oak_sapling":1,"minecraft:coal":85,"minecraft:oak_leaves":2},"minecraft:custom":{"minecraft:interact_with_smithing_table":1,"minecraft:mob_kills":83,"minecraft:interact_with_crafting_table":41,"minecraft:open_barrel":2,"minecraft:damage_dealt_resisted":1203,"minecraft:time_since_death":42458,"minecraft:climb_one_cm":3458,"minecraft:damage_resisted":6,"minecraft:sprint_one_cm":280025,"minecraft:walk_one_cm":397639,"minecraft:damage_blocked_by_shield":2896,"minecraft:drop":106,"minecraft:damage_dealt_absorbed":40,"minecraft:play_time":152518,"minecraft:deaths":18,"minecraft:sneak_time":10365,"minecraft:walk_under_water_one_cm":2162,"minecraft:jump":2166,"minecraft:walk_on_water_one_cm":18369,"minecraft:total_world_time":152518,"minecraft:interact_with_furnace":60,"minecraft:sleep_in_bed":10,"minecraft:time_since_rest":6510,"minecraft:damage_taken":7086,"minecraft:damage_dealt":14480,"minecraft:swim_one_cm":1574,"minecraft:fly_one_cm":279327,"minecraft:open_chest":52,"minecraft:crouch_one_cm":32024,"tombstone:undead_killed":51,"minecraft:fall_one_cm":47218},"minecraft:used":{"minecraft:stone_sword":130,"minecraft:shield":35,"minecraft:iron_sword":206,"minecraft:rotten_flesh":5,"minecraft:torch":18,"minecraft:dirt":1,"minecraft:carrot":17,"minecraft:lantern":1,"minecraft:furnace":2,"minecraft:oak_sapling":1,"jeg:revolver":10,"tombstone:gift":7,"minecraft:potato":12,"minecraft:cooked_beef":7,"minecraft:iron_leggings":1,"minecraft:knowledge_book":7,"minecraft:cooked_mutton":3,"minecraft:stone_pickaxe":131,"minecraft:wooden_pickaxe":5,"minecraft:crafting_table":3,"minecraft:white_bed":5,"minecraft:shears":2,"biomesoplenty:jacaranda_planks":1,"minecraft:apple":1,"minecraft:bread":4,"minecraft:iron_pickaxe":208,"jeg:scrap_workbench":1,"minecraft:stone_axe":65,"minecraft:cobblestone":140,"quark:oak_chest":1},"minecraft:killed_by":{"minecraft:skeleton":4,"minecraft:zombie":1},"minecraft:crafted":{"minecraft:oak_planks":48,"minecraft:coal":27,"minecraft:furnace":2,"minecraft:cooked_mutton":3,"minecraft:iron_boots":1,"jeg:scrap_workbench":1,"born_in_chaos_v1:fried_maggot":4,"minecraft:stone_pickaxe":1,"minecraft:dark_oak_planks":4,"minecraft:cooked_beef":12,"biomesoplenty:jacaranda_planks":120,"minecraft:crafting_table":2,"minecraft:baked_potato":12,"minecraft:wooden_pickaxe":2,"minecraft:iron_helmet":1,"minecraft:iron_sword":1,"minecraft:brown_bed":1,"minecraft:stone_axe":1,"minecraft:air":0,"jeg:scrap_block":1,"biomesoplenty:jacaranda_fence":6,"minecraft:iron_chestplate":1,"minecraft:shield":2,"minecraft:stick":28,"quark:oak_chest":1,"minecraft:iron_ingot":51,"minecraft:iron_pickaxe":1,"minecraft:stone_sword":1,"minecraft:iron_leggings":1,"minecraft:white_bed":3,"minecraft:torch":20,"minecraft:shears":1},"minecraft:killed":{"zombie_more:cursed_zombie":1,"born_in_chaos_v1:zombie_lumberjack":1,"minecraft:spider":2,"born_in_chaos_v1:maggot":8,"minecraft:phantom":7,"minecraft:skeleton":12,"alexsmobs:bison":2,"undead_revamp2:therod":1,"zombie_more:boomer_zombie":1,"minecraft:husk":2,"undead_revamp2:the_moonflower":3,"minecraft:creeper":2,"born_in_chaos_v1:decrepit_skeleton":3,"minecraft:sheep":2,"minecraft:zombie":26,"born_in_chaos_v1:corpse_fly":2,"alexsmobs:fly":5,"born_in_chaos_v1:door_knight":1},"minecraft:mined":{"minecraft:white_bed":3,"biomesoplenty:bush":1,"minecraft:grass_block":6,"minecraft:coal_block":3,"biomesoplenty:jacaranda_log":34,"minecraft:iron_ore":48,"minecraft:stone":127,"biomesoplenty:jacaranda_leaves":2,"jeg:scrap_ore":29,"biomesoplenty:jacaranda_planks":1,"minecraft:crafting_table":1,"minecraft:torch":2,"minecraft:copper_ore":8,"minecraft:cobblestone":34,"minecraft:wall_torch":1,"jeg:scrap_workbench":1,"minecraft:cobblestone_wall":1,"minecraft:coal_ore":80,"minecraft:oak_log":12,"minecraft:dirt":8,"minecraft:stone_bricks":8,"minecraft:oak_leaves":16}},"DataVersion":3465}