{"stats":{"minecraft:broken":{"minecraft:stone_pickaxe":1},"minecraft:dropped":{"minecraft:cooked_beef":1,"minecraft:shield":1,"minecraft:brown_bed":1,"minecraft:wooden_pickaxe":2},"minecraft:picked_up":{"minecraft:iron_chestplate":1,"minecraft:crafting_table":1,"minecraft:brown_wool":3,"alexsmobs:bison_fur":1,"minecraft:knowledge_book":4,"minecraft:oak_log":11,"tombstone:grave_key":1,"jeg:scrap":67,"minecraft:shield":2,"minecraft:gunpowder":4,"minecraft:dirt":10,"minecraft:string":1,"tombstone:gift":2,"minecraft:bone":6,"minecraft:apple":1,"minecraft:iron_ingot":8,"minecraft:beef":6,"minecraft:iron_nugget":1,"minecraft:iron_pickaxe":1,"minecraft:iron_sword":1,"jeg:tech_trash":5,"minecraft:raw_iron":25,"minecraft:copper_ingot":2,"minecraft:torch":17,"tombstone:grave_dust":4,"minecraft:white_bed":1,"minecraft:spider_eye":1,"minecraft:stone_sword":1,"minecraft:bundle":1,"minecraft:arrow":10,"minecraft:rotten_flesh":19,"minecraft:stone_axe":1,"minecraft:shears":1,"alexsmobs:maggot":3,"tombstone:magic_scroll":2,"minecraft:oak_sapling":1,"minecraft:coal":56,"minecraft:oak_leaves":2,"minecraft:white_wool":7,"minecraft:cobblestone":98},"minecraft:custom":{"minecraft:interact_with_furnace":26,"minecraft:mob_kills":24,"minecraft:interact_with_crafting_table":22,"minecraft:damage_dealt_resisted":4,"minecraft:time_since_death":2993,"minecraft:sleep_in_bed":1,"minecraft:climb_one_cm":1888,"minecraft:time_since_rest":2821,"minecraft:sprint_one_cm":101686,"minecraft:damage_taken":2825,"minecraft:walk_one_cm":135617,"minecraft:damage_blocked_by_shield":60,"minecraft:drop":5,"minecraft:damage_dealt":4065,"minecraft:damage_dealt_absorbed":40,"minecraft:fly_one_cm":108371,"minecraft:open_chest":13,"minecraft:crouch_one_cm":10859,"minecraft:deaths":7,"minecraft:play_time":44518,"tombstone:undead_killed":15,"minecraft:sneak_time":4119,"minecraft:jump":758,"minecraft:total_world_time":44518,"minecraft:fall_one_cm":15290},"minecraft:used":{"minecraft:knowledge_book":2,"minecraft:stone_sword":43,"minecraft:stone_pickaxe":131,"minecraft:shield":1,"minecraft:wooden_pickaxe":5,"minecraft:iron_sword":48,"minecraft:rotten_flesh":1,"minecraft:torch":5,"minecraft:crafting_table":3,"minecraft:white_bed":2,"minecraft:shears":2,"minecraft:apple":1,"minecraft:iron_pickaxe":59,"minecraft:stone_axe":20,"minecraft:cobblestone":63,"minecraft:furnace":2,"tombstone:gift":1,"quark:oak_chest":1,"minecraft:cooked_beef":5},"minecraft:killed_by":{"minecraft:skeleton":1,"minecraft:zombie":1},"minecraft:crafted":{"minecraft:cooked_beef":6,"minecraft:oak_planks":44,"minecraft:crafting_table":2,"minecraft:wooden_pickaxe":2,"minecraft:iron_sword":1,"minecraft:furnace":2,"minecraft:brown_bed":1,"minecraft:stone_axe":1,"minecraft:air":0,"minecraft:iron_chestplate":1,"minecraft:shield":1,"minecraft:stick":20,"quark:oak_chest":1,"minecraft:iron_ingot":18,"minecraft:iron_pickaxe":1,"minecraft:stone_pickaxe":1,"minecraft:stone_sword":1,"minecraft:white_bed":1,"minecraft:torch":20,"minecraft:shears":1},"minecraft:killed":{"minecraft:husk":2,"undead_revamp2:the_moonflower":1,"minecraft:creeper":1,"born_in_chaos_v1:decrepit_skeleton":1,"minecraft:phantom":4,"minecraft:skeleton":3,"minecraft:zombie":8,"alexsmobs:fly":2,"alexsmobs:bison":1},"minecraft:mined":{"minecraft:white_bed":1,"jeg:scrap_ore":21,"minecraft:crafting_table":1,"biomesoplenty:bush":1,"minecraft:grass_block":4,"minecraft:cobblestone":2,"minecraft:wall_torch":1,"minecraft:iron_ore":23,"minecraft:oak_log":12,"minecraft:coal_ore":52,"minecraft:dirt":6,"minecraft:stone":93,"minecraft:oak_leaves":16}},"DataVersion":3465}