{"stats":{"minecraft:broken":{"minecraft:iron_chestplate":1,"minecraft:iron_leggings":1,"minecraft:stone_pickaxe":1,"minecraft:shield":2,"minecraft:iron_sword":1,"minecraft:iron_pickaxe":1,"minecraft:iron_helmet":1},"minecraft:picked_up":{"minecraft:crafting_table":1,"minecraft:iron_chestplate":1,"minecraft:wheat":11,"minecraft:ladder":1,"born_in_chaos_v1:seedof_chaos":1,"minecraft:diamond_sword":1,"minecraft:knowledge_book":4,"jeg:scrap_workbench":1,"tombstone:grave_key":1,"minecraft:shield":2,"minecraft:string":3,"minecraft:raw_copper":60,"zombie_more:acid_drool":1,"born_in_chaos_v1:intoxicating_decoction":1,"jeg:revolver":3,"minecraft:beef":12,"minecraft:iron_nugget":6,"minecraft:iron_pickaxe":1,"minecraft:coal_block":3,"minecraft:raw_iron":68,"jeg:pistol_ammo":10,"minecraft:copper_ingot":10,"minecraft:torch":20,"tombstone:grave_dust":22,"born_in_chaos_v1:pieceofdarkmetal":3,"minecraft:carrot":27,"minecraft:stone_sword":1,"minecraft:arrow":28,"quark:clear_shard":90,"minecraft:rotten_flesh":93,"biomesoplenty:jacaranda_log":30,"minecraft:shears":1,"minecraft:cyan_terracotta":24,"minecraft:obsidian":2,"minecraft:mutton":3,"undead_revamp2:arapholia":1,"minecraft:white_wool":11,"minecraft:cobblestone":202,"born_in_chaos_v1:fused_bone":3,"born_in_chaos_v1:corpse_maggot":4,"minecraft:brown_wool":3,"minecraft:potato":26,"alexsmobs:bison_fur":2,"minecraft:oak_log":12,"jeg:scrap":123,"biomesoplenty:jacaranda_planks":1,"minecraft:gunpowder":9,"minecraft:dirt":21,"minecraft:lantern":2,"tombstone:gift":2,"minecraft:bone":25,"minecraft:stone_bricks":8,"minecraft:apple":1,"minecraft:bow":1,"minecraft:wheat_seeds":102,"minecraft:iron_ingot":8,"minecraft:iron_sword":1,"jeg:tech_trash":12,"minecraft:white_bed":5,"minecraft:dark_oak_log":1,"minecraft:spider_eye":3,"minecraft:bundle":2,"minecraft:stone_axe":1,"minecraft:bread":2,"alexsmobs:maggot":5,"minecraft:baked_potato":5,"tombstone:magic_scroll":2,"minecraft:oak_sapling":1,"minecraft:coal":142,"minecraft:oak_leaves":2},"minecraft:dropped":{"minecraft:enchanted_book":1,"minecraft:wheat_seeds":102,"minecraft:cooked_beef":1,"minecraft:lilac":3,"minecraft:glass_bottle":1,"minecraft:cobblestone":8,"minecraft:lantern":1,"minecraft:coal":1,"minecraft:dirt":17,"quark:clear_shard":90,"born_in_chaos_v1:fused_bone":2,"tombstone:grave_dust":10,"minecraft:bone":1,"minecraft:stone_axe":1,"minecraft:stone_sword":1,"minecraft:obsidian":2,"undead_revamp2:arapholia":1,"minecraft:rotten_flesh":79,"jeg:revolver":2,"minecraft:shield":1,"minecraft:peony":1,"minecraft:brown_bed":1,"minecraft:spider_eye":1,"minecraft:wooden_pickaxe":2,"minecraft:oak_leaves":2},"minecraft:custom":{"minecraft:interact_with_smithing_table":1,"minecraft:mob_kills":110,"minecraft:interact_with_crafting_table":46,"minecraft:open_barrel":2,"minecraft:damage_dealt_resisted":1333,"minecraft:time_since_death":6311,"minecraft:climb_one_cm":14266,"minecraft:damage_resisted":6,"minecraft:sprint_one_cm":408153,"minecraft:walk_one_cm":546222,"minecraft:damage_blocked_by_shield":6908,"minecraft:drop":228,"minecraft:damage_dealt_absorbed":40,"minecraft:play_time":200518,"minecraft:deaths":31,"minecraft:sneak_time":12492,"minecraft:walk_under_water_one_cm":12249,"minecraft:jump":2996,"minecraft:walk_on_water_one_cm":45127,"minecraft:total_world_time":200518,"minecraft:interact_with_furnace":62,"minecraft:sleep_in_bed":12,"minecraft:time_since_rest":3795,"minecraft:damage_taken":12420,"minecraft:damage_dealt":22704,"minecraft:swim_one_cm":14606,"minecraft:fly_one_cm":405473,"minecraft:open_chest":54,"minecraft:crouch_one_cm":37240,"tombstone:undead_killed":75,"minecraft:fall_one_cm":65981},"minecraft:used":{"minecraft:stone_sword":130,"born_in_chaos_v1:intoxicating_decoction":1,"minecraft:shield":80,"minecraft:iron_sword":375,"minecraft:rotten_flesh":5,"minecraft:torch":23,"minecraft:dirt":2,"minecraft:carrot":34,"minecraft:obsidian":2,"minecraft:cyan_terracotta":2,"minecraft:lantern":1,"minecraft:bow":4,"minecraft:furnace":3,"minecraft:oak_sapling":1,"jeg:revolver":10,"tombstone:gift":7,"minecraft:potato":12,"minecraft:cooked_beef":7,"minecraft:iron_leggings":1,"minecraft:knowledge_book":7,"minecraft:cooked_mutton":3,"minecraft:stone_pickaxe":131,"minecraft:baked_potato":17,"minecraft:wooden_pickaxe":5,"minecraft:crafting_table":5,"minecraft:white_bed":7,"minecraft:shears":2,"biomesoplenty:jacaranda_planks":1,"minecraft:apple":1,"minecraft:bread":7,"minecraft:iron_pickaxe":359,"jeg:scrap_workbench":1,"minecraft:stone_axe":65,"minecraft:diamond_sword":34,"minecraft:cobblestone":160,"quark:oak_chest":1},"minecraft:killed_by":{"minecraft:stray":1,"minecraft:skeleton":5,"minecraft:zombie":3},"minecraft:crafted":{"minecraft:oak_planks":48,"minecraft:coal":27,"minecraft:furnace":3,"minecraft:cooked_mutton":3,"minecraft:iron_boots":1,"jeg:scrap_workbench":1,"minecraft:iron_axe":1,"born_in_chaos_v1:fried_maggot":4,"minecraft:stone_pickaxe":1,"minecraft:dark_oak_planks":4,"minecraft:cooked_beef":12,"biomesoplenty:jacaranda_planks":120,"minecraft:crafting_table":4,"minecraft:baked_potato":12,"minecraft:wooden_pickaxe":2,"minecraft:iron_helmet":1,"minecraft:iron_sword":2,"minecraft:brown_bed":1,"minecraft:stone_axe":1,"minecraft:air":0,"jeg:scrap_block":1,"biomesoplenty:jacaranda_fence":6,"minecraft:iron_chestplate":1,"minecraft:shield":3,"minecraft:stick":28,"quark:oak_chest":1,"minecraft:iron_ingot":51,"minecraft:iron_pickaxe":2,"minecraft:stone_sword":1,"minecraft:iron_leggings":1,"minecraft:white_bed":3,"minecraft:torch":20,"minecraft:shears":1},"minecraft:killed":{"zombie_more:cursed_zombie":1,"born_in_chaos_v1:zombie_clown":1,"minecraft:cave_spider":1,"born_in_chaos_v1:zombie_lumberjack":1,"minecraft:spider":2,"undead_revamp2:thesmoker":1,"born_in_chaos_v1:siamese_skeletonsright":1,"born_in_chaos_v1:maggot":8,"minecraft:phantom":9,"minecraft:skeleton":22,"alexsmobs:bison":2,"undead_revamp2:therod":1,"born_in_chaos_v1:fallen_chaos_knight":1,"zombie_more:boomer_zombie":1,"minecraft:husk":2,"undead_revamp2:the_moonflower":4,"minecraft:creeper":2,"born_in_chaos_v1:decrepit_skeleton":3,"minecraft:sheep":2,"minecraft:zombie":33,"born_in_chaos_v1:corpse_fly":2,"minecraft:stray":1,"alexsmobs:fly":5,"born_in_chaos_v1:door_knight":1,"born_in_chaos_v1:siamese_skeletonsleft":1},"minecraft:mined":{"minecraft:white_bed":5,"minecraft:blue_stained_glass_pane":2,"biomesoplenty:bush":4,"minecraft:grass_block":8,"minecraft:coal_block":3,"minecraft:spawner":1,"biomesoplenty:jacaranda_log":34,"minecraft:iron_ore":67,"minecraft:fire":5,"biomesoplenty:webbing":7,"biomesoplenty:spider_egg":1,"minecraft:stone":149,"biomesoplenty:jacaranda_leaves":2,"jeg:scrap_ore":51,"minecraft:cyan_terracotta":13,"biomesoplenty:jacaranda_planks":1,"minecraft:crafting_table":1,"minecraft:torch":2,"minecraft:glass":2,"minecraft:copper_ore":18,"minecraft:cobblestone":37,"minecraft:wall_torch":2,"jeg:scrap_workbench":1,"minecraft:cobblestone_wall":1,"minecraft:grass":1,"minecraft:coal_ore":138,"minecraft:oak_log":12,"minecraft:dirt":8,"minecraft:stone_bricks":11,"minecraft:oak_leaves":19}},"DataVersion":3465}