{"stats":{"minecraft:broken":{"minecraft:stone_pickaxe":1},"minecraft:dropped":{"minecraft:cooked_beef":1,"minecraft:cobblestone":4,"minecraft:shield":1,"minecraft:brown_bed":1,"minecraft:wooden_pickaxe":2},"minecraft:picked_up":{"minecraft:iron_chestplate":1,"minecraft:crafting_table":1,"minecraft:brown_wool":3,"alexsmobs:bison_fur":1,"minecraft:knowledge_book":4,"minecraft:oak_log":12,"tombstone:grave_key":1,"jeg:scrap":67,"minecraft:shield":2,"minecraft:gunpowder":5,"minecraft:dirt":16,"minecraft:string":1,"tombstone:gift":2,"minecraft:bone":12,"minecraft:apple":1,"minecraft:iron_ingot":8,"minecraft:beef":6,"minecraft:iron_nugget":6,"minecraft:iron_pickaxe":1,"minecraft:iron_sword":1,"jeg:tech_trash":5,"minecraft:raw_iron":30,"minecraft:copper_ingot":4,"minecraft:torch":17,"tombstone:grave_dust":14,"minecraft:white_bed":3,"minecraft:carrot":1,"minecraft:dark_oak_log":1,"minecraft:spider_eye":2,"minecraft:stone_sword":1,"minecraft:bundle":1,"minecraft:arrow":15,"minecraft:rotten_flesh":41,"biomesoplenty:jacaranda_log":11,"minecraft:stone_axe":1,"minecraft:shears":1,"alexsmobs:maggot":3,"tombstone:magic_scroll":2,"minecraft:oak_sapling":1,"minecraft:coal":71,"minecraft:oak_leaves":2,"minecraft:white_wool":9,"minecraft:cobblestone":150},"minecraft:custom":{"minecraft:interact_with_furnace":28,"minecraft:mob_kills":48,"minecraft:interact_with_crafting_table":26,"minecraft:damage_dealt_resisted":1111,"minecraft:time_since_death":3445,"minecraft:sleep_in_bed":6,"minecraft:damage_resisted":2,"minecraft:climb_one_cm":1888,"minecraft:time_since_rest":837,"minecraft:sprint_one_cm":139194,"minecraft:damage_taken":4683,"minecraft:walk_one_cm":226160,"minecraft:damage_blocked_by_shield":2520,"minecraft:drop":9,"minecraft:damage_dealt":8934,"minecraft:damage_dealt_absorbed":40,"minecraft:fly_one_cm":145937,"minecraft:open_chest":15,"minecraft:crouch_one_cm":18459,"minecraft:deaths":13,"minecraft:play_time":68518,"tombstone:undead_killed":34,"minecraft:sneak_time":6427,"minecraft:jump":1108,"minecraft:total_world_time":68518,"minecraft:fall_one_cm":22851},"minecraft:used":{"minecraft:knowledge_book":6,"minecraft:stone_sword":126,"minecraft:stone_pickaxe":131,"minecraft:shield":27,"minecraft:wooden_pickaxe":5,"minecraft:iron_sword":99,"minecraft:rotten_flesh":3,"minecraft:torch":17,"minecraft:crafting_table":3,"minecraft:white_bed":5,"minecraft:shears":2,"minecraft:apple":1,"minecraft:iron_pickaxe":120,"minecraft:stone_axe":35,"minecraft:cobblestone":106,"minecraft:furnace":2,"tombstone:gift":1,"quark:oak_chest":1,"minecraft:cooked_beef":5,"minecraft:iron_leggings":1},"minecraft:killed_by":{"minecraft:skeleton":4,"minecraft:zombie":1},"minecraft:crafted":{"minecraft:cooked_beef":6,"minecraft:oak_planks":44,"biomesoplenty:jacaranda_planks":44,"minecraft:crafting_table":2,"minecraft:wooden_pickaxe":2,"minecraft:iron_sword":1,"minecraft:furnace":2,"minecraft:brown_bed":1,"minecraft:stone_axe":1,"minecraft:air":0,"biomesoplenty:jacaranda_fence":6,"minecraft:iron_chestplate":1,"minecraft:shield":1,"minecraft:stick":24,"quark:oak_chest":1,"minecraft:iron_ingot":22,"minecraft:iron_pickaxe":1,"minecraft:stone_pickaxe":1,"minecraft:iron_leggings":1,"minecraft:stone_sword":1,"minecraft:white_bed":2,"minecraft:torch":20,"minecraft:shears":1},"minecraft:killed":{"zombie_more:cursed_zombie":1,"minecraft:husk":2,"born_in_chaos_v1:zombie_lumberjack":1,"undead_revamp2:the_moonflower":1,"minecraft:spider":1,"minecraft:creeper":2,"born_in_chaos_v1:decrepit_skeleton":3,"born_in_chaos_v1:maggot":2,"minecraft:phantom":4,"minecraft:skeleton":10,"minecraft:zombie":15,"alexsmobs:fly":2,"alexsmobs:bison":1,"born_in_chaos_v1:door_knight":1},"minecraft:mined":{"minecraft:white_bed":3,"jeg:scrap_ore":21,"minecraft:crafting_table":1,"biomesoplenty:bush":1,"minecraft:grass_block":4,"minecraft:cobblestone":19,"minecraft:wall_torch":1,"biomesoplenty:jacaranda_log":15,"minecraft:iron_ore":28,"minecraft:oak_log":12,"minecraft:coal_ore":66,"minecraft:dirt":6,"minecraft:stone":118,"minecraft:oak_leaves":16}},"DataVersion":3465}