{"stats":{"minecraft:mined":{"minecraft:cherry_log":2,"minecraft:grass_block":7,"minecraft:hay_block":1,"minecraft:oak_trapdoor":1,"minecraft:iron_ore":8,"minecraft:stripped_oak_log":3,"minecraft:stone":16,"horror_element_mod:spiked_body":1,"jeg:scrap_ore":2,"minecraft:cherry_planks":2,"minecraft:crafting_table":2,"minecraft:rose_bush":2,"minecraft:copper_ore":12,"minecraft:cobblestone":12,"minecraft:oak_planks":2,"minecraft:wall_torch":1,"minecraft:pink_petals":1,"minecraft:purple_wool":8,"minecraft:purple_bed":1,"minecraft:purple_concrete":1,"minecraft:grass":1,"minecraft:oak_log":7,"minecraft:coal_ore":42,"minecraft:dirt":32,"minecraft:dripstone_block":1,"minecraft:gravel":2},"minecraft:crafted":{"minecraft:cherry_planks":24,"minecraft:oak_planks":40,"minecraft:purple_bed":1,"minecraft:furnace":1,"minecraft:stone_pickaxe":3,"minecraft:dark_oak_planks":12,"minecraft:wheat":9,"minecraft:crafting_table":2,"minecraft:wooden_pickaxe":1,"minecraft:stone_axe":1,"minecraft:bread":3,"minecraft:stick":16,"minecraft:stone_sword":3,"minecraft:torch":28},"minecraft:killed":{"hordes:zombie_player":2,"born_in_chaos_v1:restless_spirit":1,"born_in_chaos_v1:maggot":2,"undead_revamp2:the_moonflower":2,"minecraft:zombie":1,"born_in_chaos_v1:dread_hound":1,"born_in_chaos_v1:corpse_fly":3},"minecraft:used":{"minecraft:stone_sword":59,"born_in_chaos_v1:ethereal_spirit":1,"minecraft:iron_sword":2,"minecraft:rotten_flesh":2,"minecraft:torch":3,"minecraft:dirt":66,"minecraft:carrot":15,"minecraft:granite":4,"minecraft:iron_helmet":1,"born_in_chaos_v1:gnawed_bones":1,"minecraft:stone_bricks":3,"minecraft:item_frame":2,"tombstone:gift":2,"minecraft:potato":2,"minecraft:knowledge_book":26,"minecraft:stone_pickaxe":89,"minecraft:baked_potato":1,"minecraft:oak_planks":19,"minecraft:andesite_slab":2,"minecraft:wooden_pickaxe":7,"minecraft:cherry_planks":16,"simplefarming:strawberries":1,"minecraft:crafting_table":3,"minecraft:dripstone_block":1,"minecraft:oak_log":1,"minecraft:apple":3,"minecraft:bread":8,"minecraft:stone_button":1,"minecraft:map":3,"minecraft:gravel":8,"minecraft:golden_leggings":1,"jeg:scrap_workbench":1,"minecraft:stone_axe":14,"minecraft:wooden_sword":5,"minecraft:cobblestone":48,"minecraft:purple_bed":2,"minecraft:stripped_oak_log":2,"minecraft:purple_wool":1,"minecraft:experience_bottle":4},"minecraft:dropped":{"minecraft:bread":2,"minecraft:knowledge_book":3,"simplefarming:yam_seeds":1,"minecraft:torch":1,"tombstone:grave_key":2,"minecraft:rose_bush":6,"minecraft:purple_wool":2,"minecraft:pink_petals":92,"jeg:tech_trash":1,"minecraft:stone_sword":2,"minecraft:rotten_flesh":1,"minecraft:wooden_pickaxe":1},"minecraft:picked_up":{"minecraft:crafting_table":4,"minecraft:iron_chestplate":1,"minecraft:wheat":3,"minecraft:purple_wool":11,"jeg:scrap_workbench":2,"tombstone:grave_key":1,"minecraft:chain":1,"minecraft:string":6,"minecraft:raw_copper":38,"minecraft:item_frame":2,"minecraft:experience_bottle":1,"minecraft:sea_pickle":2,"born_in_chaos_v1:gnawed_bones":1,"minecraft:rose_bush":8,"minecraft:stick":8,"minecraft:raw_iron":8,"minecraft:torch":2,"minecraft:dried_kelp":1,"minecraft:cherry_log":8,"minecraft:stone_button":1,"tombstone:grave_dust":3,"minecraft:carrot":7,"minecraft:stone_sword":2,"minecraft:rotten_flesh":8,"simplefarming:strawberries":1,"minecraft:hay_block":1,"minecraft:cobblestone":93,"minecraft:white_wool":9,"minecraft:stripped_oak_log":3,"born_in_chaos_v1:corpse_maggot":2,"minecraft:pink_petals":114,"minecraft:cherry_planks":15,"minecraft:leather":4,"minecraft:golden_leggings":1,"minecraft:potato":1,"minecraft:filled_map":3,"minecraft:oak_log":7,"jeg:scrap":4,"minecraft:gunpowder":2,"minecraft:lapis_lazuli":2,"minecraft:map":4,"minecraft:dirt":56,"minecraft:paper":4,"minecraft:apple":3,"minecraft:stone_bricks":2,"minecraft:wheat_seeds":1,"minecraft:iron_ingot":5,"minecraft:glass_bottle":1,"minecraft:oak_planks":4,"jeg:tech_trash":2,"minecraft:purple_concrete":1,"born_in_chaos_v1:ethereal_spirit":1,"minecraft:dripstone_block":1,"minecraft:gravel":6,"minecraft:dark_oak_log":2,"minecraft:purple_bed":2,"minecraft:slime_ball":1,"minecraft:diamond":1,"minecraft:iron_helmet":1,"minecraft:crossbow":1,"minecraft:bread":7,"minecraft:baked_potato":1,"minecraft:coal":42,"minecraft:andesite_slab":2,"minecraft:ender_pearl":1},"minecraft:killed_by":{"minecraft:zombie_villager":1},"minecraft:broken":{"minecraft:golden_helmet":1,"minecraft:golden_leggings":1,"minecraft:wooden_sword":1},"minecraft:custom":{"minecraft:mob_kills":12,"minecraft:interact_with_crafting_table":12,"minecraft:open_barrel":2,"minecraft:interact_with_campfire":1,"minecraft:bell_ring":1,"minecraft:damage_dealt_resisted":86,"minecraft:leave_game":3,"minecraft:time_since_death":15654,"minecraft:sprint_one_cm":153647,"minecraft:walk_one_cm":337902,"minecraft:drop":106,"minecraft:talked_to_villager":5,"minecraft:play_time":132560,"minecraft:deaths":16,"minecraft:sneak_time":5320,"minecraft:walk_under_water_one_cm":15256,"tombstone:tomb_raiding":2,"minecraft:jump":1277,"minecraft:walk_on_water_one_cm":12613,"minecraft:total_world_time":132560,"minecraft:interact_with_furnace":3,"minecraft:sleep_in_bed":2,"minecraft:time_since_rest":15546,"minecraft:damage_taken":5989,"minecraft:damage_dealt":3100,"minecraft:swim_one_cm":9864,"minecraft:fly_one_cm":141469,"minecraft:player_kills":1,"minecraft:open_chest":12,"minecraft:crouch_one_cm":16091,"tombstone:undead_killed":5,"minecraft:inspect_dispenser":1,"minecraft:fall_one_cm":32081}},"DataVersion":3465}