{"stats":{"minecraft:crafted":{"minecraft:golden_carrot":2,"minecraft:oak_planks":124,"minecraft:stone_shovel":2,"minecraft:furnace":4,"minecraft:cooked_mutton":4,"minecraft:iron_boots":1,"tombstone:grave_key":2,"minecraft:stone_pickaxe":3,"minecraft:stone_hoe":1,"biomesoplenty:jacaranda_planks":4,"minecraft:crafting_table":4,"minecraft:wooden_pickaxe":1,"minecraft:iron_helmet":1,"minecraft:iron_sword":2,"minecraft:bucket":1,"minecraft:stone_axe":1,"minecraft:air":0,"minecraft:iron_chestplate":1,"minecraft:gold_nugget":18,"minecraft:shield":1,"minecraft:stick":48,"quark:oak_chest":5,"minecraft:iron_pickaxe":3,"minecraft:iron_ingot":47,"minecraft:wooden_axe":1,"minecraft:iron_leggings":1,"minecraft:white_bed":1,"minecraft:torch":84},"minecraft:killed_by":{"minecraft:skeleton":2,"minecraft:zombie":14},"minecraft:broken":{"minecraft:shield":1,"minecraft:iron_sword":1,"minecraft:iron_pickaxe":1,"minecraft:stone_shovel":1},"minecraft:used":{"minecraft:stone_shovel":173,"minecraft:shield":43,"minecraft:iron_sword":259,"minecraft:nether_wart":30,"minecraft:stone_hoe":83,"minecraft:rotten_flesh":3,"minecraft:torch":71,"minecraft:dirt":147,"minecraft:carrot":119,"minecraft:wooden_axe":6,"minecraft:iron_helmet":1,"minecraft:iron_boots":1,"minecraft:golden_carrot":2,"minecraft:furnace":4,"tombstone:gift":6,"minecraft:potato":68,"minecraft:iron_leggings":1,"minecraft:knowledge_book":126,"minecraft:cooked_mutton":1,"minecraft:wheat_seeds":26,"simplefarming:grape_seeds":1,"minecraft:water_bucket":2,"minecraft:diorite":1,"minecraft:stone_pickaxe":119,"minecraft:oak_planks":4,"minecraft:waxed_oxidized_cut_copper":1,"minecraft:wooden_pickaxe":3,"minecraft:golden_apple":1,"minecraft:crafting_table":6,"minecraft:white_bed":3,"minecraft:iron_pickaxe":473,"tombstone:grave_key":6,"minecraft:stone_axe":125,"minecraft:cobblestone":104,"minecraft:bucket":3,"quark:oak_chest":5,"alexsmobs:animal_dictionary":5},"minecraft:killed":{"zombie_more:cursed_zombie":1,"minecraft:spider":2,"born_in_chaos_v1:scarlet_persecutor":3,"minecraft:skeleton":2,"undead_revamp2:sucker":1,"born_in_chaos_v1:fallen_chaos_knight":1,"zombie_more:crawler_zombie":3,"minecraft:sheep":4,"minecraft:zombie":6,"minecraft:enderman":1},"minecraft:custom":{"minecraft:mob_kills":24,"minecraft:interact_with_crafting_table":39,"minecraft:open_barrel":10,"minecraft:bell_ring":15,"minecraft:leave_game":9,"minecraft:time_since_death":10410,"minecraft:climb_one_cm":10090,"minecraft:damage_resisted":187,"minecraft:sprint_one_cm":529088,"minecraft:walk_one_cm":413348,"minecraft:damage_blocked_by_shield":2310,"minecraft:drop":59,"minecraft:talked_to_villager":3,"minecraft:play_time":254863,"minecraft:deaths":44,"minecraft:sneak_time":3484,"minecraft:walk_under_water_one_cm":22816,"minecraft:jump":3722,"minecraft:walk_on_water_one_cm":25005,"minecraft:total_world_time":254863,"minecraft:interact_with_furnace":33,"minecraft:sleep_in_bed":1,"minecraft:time_since_rest":8011,"minecraft:damage_taken":16701,"minecraft:damage_absorbed":40,"tombstone:sneak_grave":6,"minecraft:damage_dealt":5320,"minecraft:swim_one_cm":47818,"minecraft:fly_one_cm":774686,"minecraft:player_kills":1,"minecraft:open_chest":173,"minecraft:crouch_one_cm":7685,"tombstone:undead_killed":14,"minecraft:fall_one_cm":101748},"minecraft:picked_up":{"minecraft:crafting_table":3,"minecraft:wheat":31,"minecraft:nether_wart":93,"simplefarming:turnip_seeds":8,"born_in_chaos_v1:seedof_chaos":1,"minecraft:knowledge_book":5,"tombstone:grave_key":3,"minecraft:string":58,"minecraft:moss_carpet":1,"simplefarming:sorghum_seeds":10,"minecraft:item_frame":8,"minecraft:zombie_head":2,"minecraft:beetroot":1,"minecraft:iron_nugget":1,"minecraft:furnace":1,"minecraft:stick":2,"minecraft:raw_iron":58,"minecraft:copper_ingot":1,"minecraft:torch":13,"born_in_chaos_v1:pileof_dark_metal":1,"minecraft:white_dye":2,"minecraft:pointed_dripstone":6,"minecraft:diorite":15,"minecraft:carrot":160,"minecraft:blue_carpet":7,"minecraft:arrow":1,"minecraft:rotten_flesh":22,"biomesoplenty:jacaranda_log":7,"minecraft:beetroot_seeds":4,"minecraft:polished_basalt":1,"minecraft:gold_ingot":2,"minecraft:mutton":4,"minecraft:white_wool":4,"minecraft:cobblestone":432,"minecraft:birch_log":2,"farmersdelight:rich_soil":9,"minecraft:lilac":1,"minecraft:magenta_banner":1,"minecraft:andesite":5,"minecraft:red_mushroom":6,"minecraft:potato":62,"minecraft:oak_log":33,"jeg:scrap":20,"minecraft:gunpowder":3,"minecraft:lapis_lazuli":2,"minecraft:dirt":263,"minecraft:lantern":7,"simplefarming:grape_seeds":1,"minecraft:wheat_seeds":93,"minecraft:stone_pickaxe":1,"minecraft:oak_planks":7,"jeg:tech_trash":4,"simplefarming:quinoa_seeds":6,"minecraft:book":80,"born_in_chaos_v1:ethereal_spirit":3,"simplefarming:blueberries":1,"minecraft:dripstone_block":1,"minecraft:white_bed":3,"minecraft:spider_eye":1,"minecraft:stone_axe":1,"minecraft:light_blue_carpet":6,"alexsmobs:maggot":2,"minecraft:chorus_fruit":2,"minecraft:coal":64,"minecraft:ender_pearl":2},"minecraft:dropped":{"simplefarming:turnip_seeds":8,"minecraft:cobblestone":26,"minecraft:knowledge_book":16,"tombstone:grave_key":3,"minecraft:iron_pickaxe":1,"minecraft:blue_carpet":3,"minecraft:magenta_banner":1,"minecraft:stone_axe":1,"minecraft:pointed_dripstone":2,"minecraft:rotten_flesh":51,"minecraft:white_bed":1,"minecraft:light_blue_carpet":3,"minecraft:stone_pickaxe":3,"simplefarming:quinoa_seeds":6,"simplefarming:sorghum_seeds":10},"minecraft:mined":{"minecraft:blue_carpet":3,"farmersdelight:rich_soil":9,"minecraft:white_bed":3,"minecraft:farmland":2,"minecraft:light_blue_carpet":3,"biomesoplenty:bush":19,"minecraft:grass_block":31,"minecraft:red_mushroom":1,"minecraft:nether_wart":30,"farmersdelight:red_mushroom_colony":1,"biomesoplenty:jacaranda_log":7,"minecraft:carrots":52,"minecraft:iron_ore":58,"minecraft:andesite":5,"minecraft:bookshelf":26,"minecraft:pointed_dripstone":2,"minecraft:potatoes":15,"minecraft:stone":432,"simplefarming:fruit_log":1,"jeg:scrap_ore":12,"minecraft:crafting_table":2,"minecraft:torch":5,"minecraft:cobblestone":1,"minecraft:oak_planks":3,"minecraft:diorite":16,"minecraft:wall_torch":6,"minecraft:wheat":36,"minecraft:lilac":1,"minecraft:grass":5,"minecraft:oak_log":35,"minecraft:coal_ore":64,"minecraft:beetroots":1,"minecraft:zombie_head":1,"minecraft:dripstone_block":1,"minecraft:dirt":230,"minecraft:cobweb":54,"minecraft:oak_leaves":24}},"DataVersion":3465}