{"stats":{"minecraft:crafted":{"minecraft:oak_planks":108,"biomesoplenty:jacaranda_planks":4,"minecraft:crafting_table":2,"minecraft:wooden_pickaxe":1,"minecraft:iron_sword":1,"minecraft:furnace":1,"minecraft:bucket":1,"minecraft:stone_axe":1,"minecraft:air":0,"minecraft:shield":1,"minecraft:stick":20,"quark:oak_chest":1,"minecraft:iron_ingot":10,"minecraft:iron_pickaxe":1,"minecraft:stone_pickaxe":1},"minecraft:killed_by":{"minecraft:skeleton":1},"minecraft:used":{"minecraft:knowledge_book":94,"minecraft:water_bucket":1,"minecraft:stone_pickaxe":83,"minecraft:oak_planks":4,"minecraft:wooden_pickaxe":3,"minecraft:shield":4,"minecraft:iron_sword":16,"minecraft:rotten_flesh":3,"minecraft:torch":2,"minecraft:crafting_table":4,"minecraft:carrot":14,"minecraft:iron_pickaxe":15,"minecraft:stone_axe":113,"minecraft:cobblestone":31,"minecraft:furnace":1,"minecraft:bucket":2,"alexsmobs:animal_dictionary":5,"tombstone:gift":2,"quark:oak_chest":1},"minecraft:killed":{"minecraft:skeleton":1,"undead_revamp2:sucker":1},"minecraft:custom":{"minecraft:interact_with_furnace":9,"minecraft:mob_kills":2,"minecraft:interact_with_crafting_table":17,"minecraft:open_barrel":3,"minecraft:bell_ring":15,"minecraft:leave_game":3,"minecraft:time_since_death":2978,"minecraft:climb_one_cm":1561,"minecraft:damage_resisted":4,"minecraft:time_since_rest":2070,"minecraft:sprint_one_cm":137395,"minecraft:damage_taken":3046,"minecraft:walk_one_cm":129215,"minecraft:damage_blocked_by_shield":210,"minecraft:drop":8,"minecraft:damage_dealt":266,"minecraft:swim_one_cm":3248,"minecraft:talked_to_villager":1,"minecraft:fly_one_cm":226403,"minecraft:open_chest":83,"minecraft:crouch_one_cm":898,"minecraft:play_time":88513,"tombstone:undead_killed":2,"minecraft:deaths":7,"minecraft:sneak_time":634,"minecraft:walk_under_water_one_cm":80,"minecraft:jump":1153,"minecraft:walk_on_water_one_cm":1580,"minecraft:total_world_time":88513,"minecraft:fall_one_cm":46214},"minecraft:picked_up":{"farmersdelight:rich_soil":9,"minecraft:crafting_table":2,"minecraft:wheat":31,"minecraft:magenta_banner":1,"minecraft:red_mushroom":6,"minecraft:potato":32,"minecraft:oak_log":29,"minecraft:lapis_lazuli":2,"minecraft:dirt":14,"minecraft:lantern":7,"minecraft:item_frame":8,"minecraft:zombie_head":1,"minecraft:beetroot":1,"minecraft:wheat_seeds":93,"minecraft:oak_planks":3,"minecraft:book":80,"minecraft:raw_iron":10,"minecraft:torch":3,"minecraft:white_dye":2,"minecraft:carrot":68,"minecraft:blue_carpet":7,"minecraft:rotten_flesh":7,"biomesoplenty:jacaranda_log":7,"minecraft:beetroot_seeds":4,"minecraft:light_blue_carpet":6,"minecraft:gold_ingot":2,"alexsmobs:maggot":2,"minecraft:coal":31,"minecraft:cobblestone":60,"minecraft:ender_pearl":1},"minecraft:dropped":{"minecraft:magenta_banner":1,"minecraft:stone_axe":1,"minecraft:rotten_flesh":51,"minecraft:light_blue_carpet":3,"minecraft:blue_carpet":3},"minecraft:mined":{"minecraft:blue_carpet":3,"farmersdelight:rich_soil":9,"minecraft:light_blue_carpet":3,"minecraft:crafting_table":2,"biomesoplenty:bush":18,"minecraft:grass_block":1,"minecraft:oak_planks":3,"minecraft:red_mushroom":1,"minecraft:wall_torch":2,"farmersdelight:red_mushroom_colony":1,"biomesoplenty:jacaranda_log":7,"minecraft:carrots":20,"minecraft:iron_ore":10,"minecraft:wheat":36,"minecraft:grass":3,"minecraft:potatoes":9,"minecraft:bookshelf":26,"minecraft:oak_log":31,"minecraft:coal_ore":31,"minecraft:beetroots":1,"minecraft:zombie_head":1,"minecraft:dirt":13,"minecraft:stone":60,"minecraft:oak_leaves":16}},"DataVersion":3465}