{"stats":{"minecraft:crafted":{"minecraft:oak_planks":276,"securitycraft:mine":30,"minecraft:smooth_stone":12,"quark:birch_chest":2,"minecraft:stone":338,"minecraft:diamond_shovel":1,"minecraft:cooked_mutton":4,"minecraft:diamond_helmet":3,"minecraft:diamond_leggings":1,"minecraft:iron_boots":2,"tombstone:grave_key":3,"minecraft:birch_door":3,"minecraft:stone_hoe":1,"biomesoplenty:jacaranda_planks":4,"minecraft:crafting_table":14,"minecraft:iron_helmet":1,"minecraft:wooden_pickaxe":1,"minecraft:copper_ingot":5,"minecraft:birch_planks":56,"minecraft:iron_chestplate":1,"minecraft:shield":5,"sophisticatedbackpacks:diamond_backpack":1,"minecraft:stick":192,"minecraft:stone_slab":78,"quark:oak_chest":11,"minecraft:iron_pickaxe":9,"minecraft:iron_ingot":272,"minecraft:iron_block":25,"minecraft:golden_carrot":117,"minecraft:oak_door":3,"minecraft:stone_shovel":2,"minecraft:coal":63,"simplyswords:diamond_greathammer":2,"minecraft:iron_nugget":9,"minecraft:furnace":7,"minecraft:blast_furnace":2,"minecraft:stone_stairs":48,"minecraft:iron_axe":4,"minecraft:stone_pickaxe":3,"minecraft:diamond_boots":1,"sophisticatedbackpacks:iron_backpack":1,"minecraft:iron_sword":2,"sophisticatedbackpacks:gold_backpack":1,"minecraft:bucket":1,"minecraft:stone_axe":1,"minecraft:jungle_planks":8,"minecraft:air":0,"securitycraft:dirt_mine":9,"minecraft:gold_nugget":920,"minecraft:wooden_axe":1,"minecraft:iron_shovel":1,"minecraft:iron_leggings":2,"minecraft:stonecutter":1,"minecraft:white_bed":1,"minecraft:torch":416},"minecraft:killed_by":{"minecraft:zombie":32,"minecraft:stray":2,"minecraft:skeleton":5},"minecraft:broken":{"minecraft:iron_shovel":2,"minecraft:diamond_helmet":1,"minecraft:iron_boots":2,"minecraft:iron_leggings":1,"minecraft:iron_sword":1,"minecraft:stone_shovel":1,"simplyswords:iron_greathammer":1,"minecraft:shield":1,"minecraft:iron_pickaxe":4},"minecraft:used":{"minecraft:moss_carpet":1,"minecraft:iron_shovel":482,"minecraft:polished_deepslate":12,"minecraft:polished_basalt":1,"minecraft:shield":71,"minecraft:white_terracotta":1,"minecraft:stone":99,"minecraft:iron_sword":418,"minecraft:nether_wart":30,"alexscaves:galena":3,"minecraft:rotten_flesh":3,"minecraft:iron_chestplate":1,"minecraft:carrot":155,"minecraft:iron_helmet":2,"minecraft:stone_brick_stairs":1,"minecraft:stone_bricks":125,"minecraft:oak_sapling":2,"minecraft:furnace":9,"minecraft:potato":80,"simplefarming:grape_seeds":1,"minecraft:diorite":1,"minecraft:stripped_birch_log":40,"minecraft:stone_pickaxe":119,"minecraft:oak_planks":51,"minecraft:wooden_pickaxe":3,"minecraft:golden_apple":2,"minecraft:blast_furnace":2,"simplyswords:iron_greathammer":250,"minecraft:bread":1,"tombstone:grave_key":19,"minecraft:coal_block":25,"minecraft:andesite":1,"minecraft:birch_log":92,"minecraft:smooth_stone_slab":1,"quark:birch_chest":4,"minecraft:stone_shovel":173,"minecraft:spruce_planks":168,"minecraft:stone_hoe":83,"minecraft:oak_door":4,"minecraft:torch":366,"minecraft:dirt":487,"minecraft:stone_stairs":47,"minecraft:polished_diorite":1,"minecraft:birch_door":6,"minecraft:wooden_axe":9,"minecraft:dark_oak_planks":1,"minecraft:iron_axe":281,"simplyswords:diamond_greathammer":195,"minecraft:iron_boots":2,"minecraft:golden_carrot":97,"securitycraft:dirt_mine":8,"tombstone:gift":6,"minecraft:cooked_beef":3,"minecraft:cobbled_deepslate":11,"minecraft:iron_leggings":2,"minecraft:knowledge_book":258,"minecraft:wheat_seeds":26,"minecraft:cooked_mutton":4,"minecraft:water_bucket":22,"minecraft:birch_planks":31,"minecraft:waxed_oxidized_cut_copper":1,"minecraft:stonecutter":1,"minecraft:cracked_stone_bricks":1,"minecraft:crafting_table":17,"simplyswords:iron_twinblade":214,"minecraft:white_bed":10,"minecraft:apple":1,"minecraft:diamond_shovel":180,"minecraft:iron_pickaxe":1480,"minecraft:stone_slab":59,"minecraft:stone_axe":149,"minecraft:cobblestone":344,"minecraft:bucket":24,"quark:oak_chest":13,"alexsmobs:animal_dictionary":5,"minecraft:smooth_stone":3,"minecraft:diamond_leggings":1},"minecraft:killed":{"zombie_more:cursed_zombie":2,"minecraft:cave_spider":5,"minecraft:witch":1,"minecraft:spider":4,"undead_revamp2:thesmoker":1,"born_in_chaos_v1:scarlet_persecutor":3,"minecraft:skeleton":6,"minecraft:creeper":6,"minecraft:sheep":4,"minecraft:zombie":57,"born_in_chaos_v1:dread_hound":7,"alexsmobs:terrapin":1,"minecraft:stray":2,"alexsmobs:fly":1,"born_in_chaos_v1:zombie_bruiser":1,"born_in_chaos_v1:maggot":13,"undead_revamp2:sucker":2,"born_in_chaos_v1:mr_pumpkin_controlled":1,"born_in_chaos_v1:fallen_chaos_knight":1,"zombie_more:crawler_zombie":4,"undead_revamp2:the_moonflower":2,"minecraft:bat":1,"born_in_chaos_v1:decrepit_skeleton":1,"alexsmobs:crow":2,"minecraft:enderman":1},"minecraft:custom":{"minecraft:interact_with_crafting_table":113,"minecraft:open_barrel":127,"minecraft:bell_ring":15,"minecraft:leave_game":10,"minecraft:time_since_death":108060,"minecraft:damage_resisted":230,"minecraft:sprint_one_cm":1543752,"minecraft:damage_blocked_by_shield":3975,"minecraft:drop":299,"minecraft:talked_to_villager":3,"minecraft:play_time":634555,"minecraft:deaths":98,"minecraft:jump":9153,"minecraft:walk_on_water_one_cm":124885,"minecraft:interact_with_furnace":161,"minecraft:sleep_in_bed":5,"tombstone:sneak_grave":15,"minecraft:damage_dealt":24592,"minecraft:player_kills":2,"minecraft:crouch_one_cm":47441,"tombstone:undead_killed":79,"minecraft:mob_kills":138,"minecraft:damage_dealt_resisted":654,"minecraft:climb_one_cm":63893,"minecraft:walk_one_cm":1409150,"minecraft:damage_dealt_absorbed":67,"minecraft:sneak_time":19352,"minecraft:walk_under_water_one_cm":62295,"minecraft:interact_with_blast_furnace":4,"minecraft:total_world_time":634555,"tombstone:raider_killed":1,"minecraft:tune_noteblock":1,"minecraft:interact_with_stonecutter":8,"minecraft:time_since_rest":107700,"minecraft:damage_taken":40986,"minecraft:damage_absorbed":80,"minecraft:swim_one_cm":122320,"minecraft:fly_one_cm":2002767,"minecraft:open_chest":325,"minecraft:fall_one_cm":286921},"minecraft:picked_up":{"minecraft:wooden_axe":1,"minecraft:birch_door":3,"minecraft:wheat":72,"simplefarming:turnip_seeds":8,"quark:music_disc_drips":1,"minecraft:stone_slab":7,"quark:hollow_oak_log":7,"alexscaves:cave_tablet":4,"minecraft:enchanted_book":1,"minecraft:potion":1,"minecraft:knowledge_book":13,"minecraft:stone_brick_stairs":1,"tombstone:grave_key":7,"minecraft:polished_deepslate":25,"minecraft:music_disc_cat":1,"minecraft:string":136,"minecraft:smooth_stone_slab":2,"zombie_more:acid_drool":1,"minecraft:iron_leggings":1,"minecraft:zombie_head":3,"minecraft:beetroot":2,"minecraft:smooth_stone":12,"minecraft:gold_nugget":74,"minecraft:cobbled_deepslate":16,"minecraft:bucket":1,"minecraft:spruce_planks":27,"minecraft:iron_pickaxe":2,"minecraft:coal_block":8,"minecraft:furnace":5,"minecraft:tipped_arrow":2,"minecraft:stick":13,"born_in_chaos_v1:phantom_powder":2,"minecraft:torch":266,"born_in_chaos_v1:pileof_dark_metal":2,"tombstone:grave_dust":11,"minecraft:pointed_dripstone":15,"minecraft:diorite":32,"minecraft:deepslate_tile_stairs":1,"tombstone:tablet_of_cupidity":1,"minecraft:rotten_flesh":157,"minecraft:music_disc_ward":2,"minecraft:polished_basalt":1,"minecraft:iron_block":25,"minecraft:cyan_terracotta":1,"minecraft:white_terracotta":1,"minecraft:iron_bars":3,"undead_revamp2:arapholia":1,"minecraft:cobblestone":1695,"minecraft:birch_log":27,"minecraft:cooked_beef":6,"minecraft:feather":4,"minecraft:lilac":10,"minecraft:water_bucket":3,"minecraft:andesite":12,"minecraft:jungle_log":2,"minecraft:potato":96,"minecraft:flint":387,"minecraft:tuff":1,"jeg:scrap":20,"minecraft:lapis_lazuli":4,"minecraft:dirt":1207,"minecraft:stripped_birch_log":40,"minecraft:lantern":14,"alexscaves:galena":2,"born_in_chaos_v1:monster_skin":8,"simplefarming:cucumber_seeds":2,"minecraft:bone":19,"undead_revamp2:blacpetalblock":1,"minecraft:wheat_seeds":168,"minecraft:diamond_helmet":1,"minecraft:stone_hoe":1,"minecraft:oak_planks":20,"securitycraft:dirt_mine":3,"simplyswords:iron_greathammer":3,"minecraft:mossy_cobblestone":3,"minecraft:bundle":2,"minecraft:granite":13,"alexsmobs:maggot":4,"biomesoplenty:pink_daffodil":2,"minecraft:oak_sapling":14,"minecraft:chorus_fruit":2,"minecraft:waxed_oxidized_cut_copper":1,"minecraft:crafting_table":4,"minecraft:nether_wart":93,"born_in_chaos_v1:seedof_chaos":2,"minecraft:redstone_lamp":2,"minecraft:shield":4,"minecraft:stone_stairs":13,"minecraft:moss_carpet":14,"simplefarming:sorghum_seeds":10,"minecraft:iron_axe":1,"minecraft:flint_and_steel":1,"minecraft:item_frame":8,"minecraft:cracked_stone_bricks":2,"simplyswords:runic_tablet":1,"minecraft:iron_nugget":20,"quark:music_disc_endermosh":2,"minecraft:birch_sapling":21,"minecraft:raw_iron":74,"minecraft:stone":20,"minecraft:oak_door":3,"simplefarming:cantaloupe_seeds":1,"minecraft:copper_ingot":30,"minecraft:note_block":1,"minecraft:white_dye":4,"quark:birch_chest":3,"minecraft:carrot":373,"minecraft:blue_carpet":7,"minecraft:dark_oak_planks":6,"minecraft:arrow":10,"minecraft:diamond_chestplate":3,"minecraft:stone_shovel":1,"biomesoplenty:jacaranda_log":7,"minecraft:beetroot_seeds":8,"tombstone:essence_of_undeath":1,"minecraft:gold_ingot":36,"minecraft:mutton":4,"minecraft:white_wool":5,"born_in_chaos_v1:corpse_maggot":20,"farmersdelight:rich_soil":18,"minecraft:golden_carrot":12,"born_in_chaos_v1:monster_flesh":28,"minecraft:magenta_banner":1,"minecraft:leather":2,"minecraft:red_mushroom":12,"minecraft:birch_planks":7,"minecraft:oak_log":150,"minecraft:gunpowder":31,"tombstone:gift":1,"simplefarming:grape_seeds":1,"minecraft:cooked_mutton":11,"minecraft:stone_bricks":16,"minecraft:iron_ingot":76,"minecraft:stone_pickaxe":1,"tombstone:bag_of_seeds":3,"minecraft:glass_bottle":1,"minecraft:polished_andesite_slab":1,"jeg:tech_trash":8,"simplefarming:quinoa_seeds":6,"minecraft:book":480,"quark:white_shard":8,"born_in_chaos_v1:ethereal_spirit":7,"minecraft:dripstone_block":3,"simplefarming:blueberries":2,"minecraft:gravel":2,"minecraft:blast_furnace":2,"minecraft:white_bed":10,"quark:oak_chest":2,"minecraft:spider_eye":6,"simplyswords:diamond_greathammer":1,"minecraft:pumpkin_seeds":4,"minecraft:slime_ball":222,"minecraft:stone_axe":2,"minecraft:polished_diorite":1,"minecraft:light_blue_carpet":6,"minecraft:coal":180,"minecraft:ender_pearl":4},"minecraft:dropped":{"minecraft:iron_sword":2,"minecraft:birch_planks":6,"minecraft:chorus_fruit":2,"minecraft:ender_pearl":1,"minecraft:diamond":20,"minecraft:cracked_stone_bricks":1,"minecraft:emerald":2,"minecraft:flint":27,"minecraft:deepslate_tile_stairs":1,"born_in_chaos_v1:monster_flesh":15,"minecraft:dirt":73,"minecraft:redstone_lamp":2,"tombstone:bag_of_seeds":1,"born_in_chaos_v1:monster_skin":8,"minecraft:iron_pickaxe":4,"minecraft:dark_oak_planks":5,"minecraft:bone":5,"minecraft:oak_door":1,"minecraft:gravel":1,"minecraft:note_block":1,"minecraft:magenta_banner":1,"minecraft:stone_axe":2,"minecraft:iron_nugget":8,"minecraft:cobbled_deepslate":4,"minecraft:birch_sapling":3,"undead_revamp2:arapholia":1,"minecraft:pointed_dripstone":7,"born_in_chaos_v1:ethereal_spirit":2,"minecraft:rotten_flesh":117,"minecraft:oak_planks":37,"minecraft:white_bed":1,"minecraft:carrot":21,"minecraft:gunpowder":2,"zombie_more:acid_drool":1,"minecraft:charcoal":12,"minecraft:beetroot_seeds":4,"born_in_chaos_v1:corpse_maggot":9,"minecraft:music_disc_mall":1,"simplyswords:diamond_greathammer":2,"minecraft:iron_bars":3,"minecraft:water_bucket":4,"minecraft:bread":3,"minecraft:lilac":6,"simplefarming:turnip_seeds":8,"minecraft:book":381,"minecraft:knowledge_book":16,"minecraft:iron_helmet":1,"minecraft:cobblestone":26,"minecraft:granite":13,"minecraft:copper_ingot":8,"minecraft:coal":14,"minecraft:stick":14,"minecraft:iron_block":25,"minecraft:diorite":3,"minecraft:golden_carrot":26,"minecraft:torch":66,"tombstone:grave_key":8,"minecraft:diamond_helmet":2,"tombstone:grave_dust":1,"minecraft:potion":2,"minecraft:iron_leggings":1,"minecraft:music_disc_ward":2,"minecraft:smooth_stone":7,"minecraft:string":18,"minecraft:blue_carpet":3,"minecraft:polished_deepslate":14,"securitycraft:mine":7,"minecraft:moss_carpet":7,"alexsmobs:maggot":1,"minecraft:tuff":1,"minecraft:raw_iron":13,"sophisticatedbackpacks:backpack":1,"quark:white_shard":8,"minecraft:pumpkin_seeds":4,"minecraft:filled_map":1,"minecraft:shield":5,"minecraft:diamond_chestplate":2,"minecraft:bundle":2,"minecraft:spruce_planks":7,"minecraft:iron_chestplate":1,"minecraft:andesite":1,"quark:birch_chest":1,"minecraft:quartz_stairs":1,"minecraft:light_blue_carpet":3,"minecraft:oak_sapling":3,"minecraft:waxed_oxidized_cut_copper":1,"minecraft:stone_bricks":7,"minecraft:spider_eye":2,"minecraft:slime_ball":47,"simplefarming:quinoa_seeds":6,"minecraft:stone_pickaxe":3,"jeg:pistol_ammo":2,"simplyswords:iron_greathammer":2,"tombstone:tablet_of_cupidity":1,"simplefarming:sorghum_seeds":10},"minecraft:mined":{"minecraft:dark_oak_planks":1,"minecraft:blue_carpet":3,"farmersdelight:rich_soil":9,"minecraft:spruce_planks":3,"minecraft:white_bed":7,"minecraft:oak_sapling":1,"minecraft:farmland":2,"minecraft:light_blue_carpet":3,"minecraft:grass_block":414,"minecraft:stone_brick_wall":1,"minecraft:deepslate_tile_stairs":2,"minecraft:nether_wart":30,"minecraft:spawner":15,"minecraft:smooth_stone":8,"minecraft:iron_ore":58,"minecraft:fire":4,"minecraft:moss_carpet":2,"minecraft:pointed_dripstone":2,"simplefarming:fruit_log":1,"minecraft:cyan_terracotta":1,"minecraft:torch":17,"minecraft:blast_furnace":2,"minecraft:cobblestone":19,"minecraft:oak_planks":17,"minecraft:wall_torch":20,"minecraft:stone_stairs":13,"minecraft:birch_log":23,"minecraft:wheat":36,"minecraft:lilac":1,"minecraft:birch_door":2,"minecraft:stone_brick_stairs":1,"minecraft:grass":23,"quark:birch_chest":2,"minecraft:oak_log":72,"minecraft:beetroots":1,"minecraft:dirt":573,"minecraft:oak_leaves":26,"minecraft:deepslate":73,"minecraft:tuff":4,"minecraft:mossy_cobblestone":4,"minecraft:oak_door":2,"minecraft:stripped_birch_log":40,"biomesoplenty:bush":19,"minecraft:polished_andesite_slab":1,"minecraft:red_mushroom":1,"alexscaves:galena":1,"farmersdelight:red_mushroom_colony":1,"biomesoplenty:jacaranda_log":7,"minecraft:furnace":4,"minecraft:carrots":58,"minecraft:andesite":6,"minecraft:polished_deepslate":15,"minecraft:bookshelf":146,"minecraft:potatoes":15,"minecraft:stone":1229,"jeg:scrap_ore":12,"minecraft:crafting_table":3,"minecraft:stone_slab":5,"biomesoplenty:high_grass_plant":2,"minecraft:diorite":26,"minecraft:birch_planks":1,"biomesoplenty:pink_daffodil":1,"securitycraft:dirt_mine":3,"minecraft:coal_ore":64,"minecraft:zombie_head":1,"minecraft:gravel":4,"minecraft:dripstone_block":2,"minecraft:cobweb":55,"minecraft:cracked_stone_bricks":3,"minecraft:stone_bricks":21,"minecraft:polished_andesite":2}},"DataVersion":3465}