{"stats":{"minecraft:crafted":{"minecraft:oak_planks":220,"securitycraft:mine":30,"quark:birch_chest":2,"minecraft:cooked_mutton":4,"minecraft:diamond_helmet":3,"minecraft:diamond_leggings":1,"minecraft:iron_boots":2,"tombstone:grave_key":3,"minecraft:birch_door":3,"minecraft:stone_hoe":1,"biomesoplenty:jacaranda_planks":4,"minecraft:crafting_table":13,"minecraft:wooden_pickaxe":1,"minecraft:iron_helmet":1,"minecraft:birch_planks":56,"minecraft:iron_chestplate":1,"minecraft:shield":5,"sophisticatedbackpacks:diamond_backpack":1,"minecraft:stick":192,"quark:oak_chest":7,"minecraft:iron_pickaxe":9,"minecraft:iron_ingot":272,"minecraft:iron_block":25,"minecraft:golden_carrot":117,"minecraft:oak_door":3,"minecraft:stone_shovel":2,"simplyswords:diamond_greathammer":2,"minecraft:iron_nugget":9,"minecraft:furnace":4,"minecraft:iron_axe":1,"minecraft:stone_pickaxe":3,"minecraft:diamond_boots":1,"sophisticatedbackpacks:iron_backpack":1,"minecraft:iron_sword":2,"sophisticatedbackpacks:gold_backpack":1,"minecraft:bucket":1,"minecraft:stone_axe":1,"minecraft:air":0,"minecraft:jungle_planks":8,"securitycraft:dirt_mine":9,"minecraft:gold_nugget":920,"minecraft:wooden_axe":1,"minecraft:iron_leggings":2,"minecraft:white_bed":1,"minecraft:torch":416},"minecraft:killed_by":{"minecraft:zombie":32,"minecraft:stray":2,"minecraft:skeleton":5},"minecraft:broken":{"minecraft:diamond_helmet":1,"minecraft:iron_boots":2,"minecraft:iron_leggings":1,"minecraft:iron_sword":1,"minecraft:stone_shovel":1,"simplyswords:iron_greathammer":1,"minecraft:shield":1,"minecraft:iron_pickaxe":4},"minecraft:used":{"minecraft:moss_carpet":1,"minecraft:iron_shovel":81,"minecraft:polished_deepslate":12,"minecraft:polished_basalt":1,"minecraft:shield":71,"minecraft:white_terracotta":1,"minecraft:iron_sword":418,"minecraft:nether_wart":30,"alexscaves:galena":3,"minecraft:rotten_flesh":3,"minecraft:iron_chestplate":1,"minecraft:carrot":155,"minecraft:iron_helmet":2,"minecraft:stone_brick_stairs":1,"minecraft:stone_bricks":1,"minecraft:oak_sapling":2,"minecraft:furnace":4,"minecraft:potato":80,"simplefarming:grape_seeds":1,"minecraft:diorite":1,"minecraft:stone_pickaxe":119,"minecraft:oak_planks":51,"minecraft:wooden_pickaxe":3,"minecraft:golden_apple":2,"simplyswords:iron_greathammer":250,"minecraft:bread":1,"tombstone:grave_key":19,"minecraft:coal_block":25,"minecraft:andesite":1,"minecraft:smooth_stone_slab":1,"quark:birch_chest":2,"minecraft:stone_shovel":173,"minecraft:spruce_planks":168,"minecraft:stone_hoe":83,"minecraft:oak_door":4,"minecraft:torch":344,"minecraft:dirt":292,"minecraft:polished_diorite":1,"minecraft:birch_door":6,"minecraft:dark_oak_planks":1,"minecraft:wooden_axe":9,"minecraft:iron_axe":132,"simplyswords:diamond_greathammer":110,"minecraft:iron_boots":2,"minecraft:golden_carrot":80,"securitycraft:dirt_mine":8,"tombstone:gift":6,"minecraft:cobbled_deepslate":11,"minecraft:iron_leggings":2,"minecraft:knowledge_book":258,"minecraft:wheat_seeds":26,"minecraft:cooked_mutton":4,"minecraft:water_bucket":22,"minecraft:birch_planks":31,"minecraft:waxed_oxidized_cut_copper":1,"minecraft:cracked_stone_bricks":1,"minecraft:crafting_table":16,"simplyswords:iron_twinblade":214,"minecraft:white_bed":8,"minecraft:apple":1,"minecraft:iron_pickaxe":1335,"minecraft:stone_axe":149,"minecraft:cobblestone":117,"minecraft:bucket":24,"quark:oak_chest":9,"alexsmobs:animal_dictionary":5,"minecraft:smooth_stone":3,"minecraft:diamond_leggings":1},"minecraft:killed":{"zombie_more:cursed_zombie":1,"minecraft:cave_spider":5,"minecraft:witch":1,"minecraft:spider":4,"undead_revamp2:thesmoker":1,"born_in_chaos_v1:scarlet_persecutor":3,"minecraft:skeleton":6,"minecraft:creeper":6,"minecraft:sheep":4,"minecraft:zombie":53,"born_in_chaos_v1:dread_hound":6,"minecraft:stray":2,"born_in_chaos_v1:zombie_bruiser":1,"born_in_chaos_v1:maggot":10,"undead_revamp2:sucker":2,"born_in_chaos_v1:mr_pumpkin_controlled":1,"born_in_chaos_v1:fallen_chaos_knight":1,"zombie_more:crawler_zombie":3,"minecraft:bat":1,"born_in_chaos_v1:decrepit_skeleton":1,"alexsmobs:crow":2,"minecraft:enderman":1},"minecraft:custom":{"minecraft:interact_with_crafting_table":96,"minecraft:open_barrel":127,"minecraft:bell_ring":15,"minecraft:leave_game":10,"minecraft:time_since_death":20796,"minecraft:damage_resisted":230,"minecraft:sprint_one_cm":1356332,"minecraft:damage_blocked_by_shield":3975,"minecraft:drop":273,"minecraft:talked_to_villager":3,"minecraft:play_time":547291,"minecraft:deaths":98,"minecraft:jump":8143,"minecraft:walk_on_water_one_cm":122990,"minecraft:interact_with_furnace":42,"minecraft:sleep_in_bed":5,"tombstone:sneak_grave":15,"minecraft:damage_dealt":21199,"minecraft:player_kills":2,"minecraft:crouch_one_cm":38483,"tombstone:undead_killed":71,"minecraft:mob_kills":124,"minecraft:damage_dealt_resisted":335,"minecraft:climb_one_cm":63893,"minecraft:walk_one_cm":1059272,"minecraft:sneak_time":16970,"minecraft:walk_under_water_one_cm":62095,"minecraft:total_world_time":547291,"tombstone:raider_killed":1,"minecraft:tune_noteblock":1,"minecraft:time_since_rest":20436,"minecraft:damage_taken":39650,"minecraft:damage_absorbed":80,"minecraft:swim_one_cm":122320,"minecraft:fly_one_cm":1797994,"minecraft:open_chest":277,"minecraft:fall_one_cm":256965},"minecraft:picked_up":{"minecraft:wooden_axe":1,"minecraft:birch_door":3,"minecraft:wheat":65,"simplefarming:turnip_seeds":8,"quark:music_disc_drips":1,"alexscaves:cave_tablet":4,"minecraft:enchanted_book":1,"minecraft:potion":1,"minecraft:knowledge_book":13,"minecraft:stone_brick_stairs":1,"tombstone:grave_key":7,"minecraft:polished_deepslate":25,"minecraft:music_disc_cat":1,"minecraft:string":130,"zombie_more:acid_drool":1,"minecraft:smooth_stone_slab":2,"minecraft:iron_leggings":1,"minecraft:zombie_head":3,"minecraft:beetroot":2,"minecraft:smooth_stone":12,"minecraft:gold_nugget":74,"minecraft:cobbled_deepslate":16,"minecraft:bucket":1,"minecraft:spruce_planks":27,"minecraft:iron_pickaxe":2,"minecraft:coal_block":8,"minecraft:furnace":1,"minecraft:tipped_arrow":2,"minecraft:stick":10,"minecraft:torch":244,"born_in_chaos_v1:pileof_dark_metal":2,"tombstone:grave_dust":6,"minecraft:pointed_dripstone":15,"minecraft:diorite":32,"minecraft:deepslate_tile_stairs":1,"tombstone:tablet_of_cupidity":1,"minecraft:rotten_flesh":129,"minecraft:music_disc_ward":2,"minecraft:polished_basalt":1,"minecraft:iron_block":25,"minecraft:cyan_terracotta":1,"minecraft:white_terracotta":1,"minecraft:iron_bars":3,"minecraft:cobblestone":1333,"minecraft:birch_log":14,"minecraft:feather":4,"minecraft:lilac":10,"minecraft:water_bucket":3,"minecraft:andesite":12,"minecraft:jungle_log":2,"minecraft:potato":96,"minecraft:flint":387,"minecraft:tuff":1,"jeg:scrap":20,"minecraft:lapis_lazuli":4,"minecraft:dirt":608,"minecraft:lantern":14,"alexscaves:galena":2,"born_in_chaos_v1:monster_skin":8,"simplefarming:cucumber_seeds":1,"minecraft:bone":19,"minecraft:wheat_seeds":162,"minecraft:diamond_helmet":1,"minecraft:stone_hoe":1,"minecraft:oak_planks":13,"securitycraft:dirt_mine":3,"simplyswords:iron_greathammer":3,"minecraft:mossy_cobblestone":3,"minecraft:bundle":2,"minecraft:granite":13,"alexsmobs:maggot":3,"minecraft:oak_sapling":6,"minecraft:chorus_fruit":2,"minecraft:waxed_oxidized_cut_copper":1,"minecraft:crafting_table":3,"minecraft:nether_wart":93,"born_in_chaos_v1:seedof_chaos":2,"minecraft:redstone_lamp":2,"minecraft:shield":1,"minecraft:moss_carpet":5,"simplefarming:sorghum_seeds":10,"minecraft:flint_and_steel":1,"minecraft:item_frame":8,"minecraft:cracked_stone_bricks":2,"simplyswords:runic_tablet":1,"minecraft:iron_nugget":20,"quark:music_disc_endermosh":2,"minecraft:birch_sapling":1,"minecraft:raw_iron":74,"minecraft:oak_door":3,"minecraft:copper_ingot":16,"minecraft:note_block":1,"minecraft:white_dye":4,"minecraft:carrot":373,"minecraft:blue_carpet":7,"minecraft:dark_oak_planks":6,"minecraft:arrow":9,"minecraft:diamond_chestplate":3,"minecraft:stone_shovel":1,"biomesoplenty:jacaranda_log":7,"minecraft:beetroot_seeds":8,"tombstone:essence_of_undeath":1,"minecraft:gold_ingot":36,"minecraft:mutton":4,"minecraft:white_wool":5,"born_in_chaos_v1:corpse_maggot":12,"farmersdelight:rich_soil":18,"minecraft:golden_carrot":12,"born_in_chaos_v1:monster_flesh":28,"minecraft:magenta_banner":1,"minecraft:leather":2,"minecraft:red_mushroom":12,"minecraft:birch_planks":7,"minecraft:oak_log":69,"minecraft:gunpowder":27,"tombstone:gift":1,"simplefarming:grape_seeds":1,"minecraft:cooked_mutton":11,"minecraft:stone_bricks":13,"minecraft:iron_ingot":75,"minecraft:stone_pickaxe":1,"tombstone:bag_of_seeds":2,"minecraft:glass_bottle":1,"minecraft:polished_andesite_slab":1,"jeg:tech_trash":8,"simplefarming:quinoa_seeds":6,"minecraft:book":480,"quark:white_shard":8,"born_in_chaos_v1:ethereal_spirit":7,"minecraft:dripstone_block":3,"simplefarming:blueberries":2,"minecraft:gravel":2,"minecraft:white_bed":9,"quark:oak_chest":2,"minecraft:spider_eye":6,"simplyswords:diamond_greathammer":1,"minecraft:pumpkin_seeds":4,"minecraft:slime_ball":222,"minecraft:stone_axe":2,"minecraft:polished_diorite":1,"minecraft:light_blue_carpet":6,"minecraft:coal":78,"minecraft:ender_pearl":4},"minecraft:dropped":{"minecraft:iron_sword":2,"minecraft:birch_planks":6,"minecraft:chorus_fruit":2,"minecraft:ender_pearl":1,"minecraft:diamond":20,"minecraft:cracked_stone_bricks":1,"minecraft:flint":27,"minecraft:deepslate_tile_stairs":1,"born_in_chaos_v1:monster_flesh":15,"minecraft:dirt":73,"minecraft:redstone_lamp":2,"tombstone:bag_of_seeds":1,"born_in_chaos_v1:monster_skin":8,"minecraft:iron_pickaxe":4,"minecraft:dark_oak_planks":5,"minecraft:bone":5,"minecraft:oak_door":1,"minecraft:gravel":1,"minecraft:note_block":1,"minecraft:magenta_banner":1,"minecraft:stone_axe":2,"minecraft:iron_nugget":8,"minecraft:cobbled_deepslate":4,"minecraft:birch_sapling":3,"minecraft:pointed_dripstone":7,"born_in_chaos_v1:ethereal_spirit":2,"minecraft:rotten_flesh":117,"minecraft:oak_planks":37,"minecraft:white_bed":1,"minecraft:carrot":21,"minecraft:charcoal":12,"zombie_more:acid_drool":1,"minecraft:beetroot_seeds":4,"born_in_chaos_v1:corpse_maggot":5,"minecraft:music_disc_mall":1,"simplyswords:diamond_greathammer":2,"minecraft:iron_bars":3,"minecraft:water_bucket":4,"minecraft:bread":3,"minecraft:lilac":6,"simplefarming:turnip_seeds":8,"minecraft:knowledge_book":16,"minecraft:iron_helmet":1,"minecraft:cobblestone":26,"minecraft:granite":13,"minecraft:copper_ingot":8,"minecraft:coal":14,"minecraft:stick":14,"minecraft:iron_block":25,"minecraft:diorite":3,"minecraft:golden_carrot":20,"minecraft:torch":66,"tombstone:grave_key":8,"minecraft:diamond_helmet":2,"tombstone:grave_dust":1,"minecraft:potion":2,"minecraft:iron_leggings":1,"minecraft:music_disc_ward":2,"minecraft:smooth_stone":7,"minecraft:string":14,"minecraft:blue_carpet":3,"minecraft:polished_deepslate":14,"minecraft:moss_carpet":1,"alexsmobs:maggot":1,"minecraft:tuff":1,"minecraft:raw_iron":13,"sophisticatedbackpacks:backpack":1,"quark:white_shard":8,"minecraft:pumpkin_seeds":4,"minecraft:filled_map":1,"minecraft:shield":3,"minecraft:diamond_chestplate":2,"minecraft:bundle":2,"minecraft:spruce_planks":7,"minecraft:iron_chestplate":1,"minecraft:andesite":1,"minecraft:quartz_stairs":1,"minecraft:light_blue_carpet":3,"minecraft:oak_sapling":3,"minecraft:waxed_oxidized_cut_copper":1,"minecraft:stone_bricks":7,"minecraft:spider_eye":2,"minecraft:slime_ball":47,"simplefarming:quinoa_seeds":6,"minecraft:stone_pickaxe":3,"jeg:pistol_ammo":2,"simplyswords:iron_greathammer":2,"tombstone:tablet_of_cupidity":1,"simplefarming:sorghum_seeds":10},"minecraft:mined":{"minecraft:dark_oak_planks":1,"minecraft:blue_carpet":3,"farmersdelight:rich_soil":9,"minecraft:spruce_planks":3,"minecraft:white_bed":7,"minecraft:oak_sapling":1,"minecraft:farmland":2,"minecraft:light_blue_carpet":3,"minecraft:grass_block":64,"minecraft:stone_brick_wall":1,"minecraft:deepslate_tile_stairs":2,"minecraft:nether_wart":30,"minecraft:spawner":15,"minecraft:smooth_stone":8,"minecraft:iron_ore":58,"minecraft:fire":4,"minecraft:moss_carpet":2,"minecraft:pointed_dripstone":2,"simplefarming:fruit_log":1,"minecraft:cyan_terracotta":1,"minecraft:torch":13,"minecraft:cobblestone":4,"minecraft:oak_planks":10,"minecraft:wall_torch":7,"minecraft:birch_log":10,"minecraft:wheat":36,"minecraft:lilac":1,"minecraft:birch_door":2,"minecraft:stone_brick_stairs":1,"minecraft:grass":12,"minecraft:oak_log":71,"minecraft:beetroots":1,"minecraft:dirt":337,"minecraft:oak_leaves":25,"minecraft:deepslate":73,"minecraft:tuff":4,"minecraft:mossy_cobblestone":4,"minecraft:oak_door":2,"biomesoplenty:bush":19,"minecraft:polished_andesite_slab":1,"minecraft:red_mushroom":1,"alexscaves:galena":1,"farmersdelight:red_mushroom_colony":1,"biomesoplenty:jacaranda_log":7,"minecraft:carrots":58,"minecraft:andesite":6,"minecraft:polished_deepslate":15,"minecraft:bookshelf":146,"minecraft:potatoes":15,"minecraft:stone":1127,"jeg:scrap_ore":12,"minecraft:crafting_table":2,"minecraft:diorite":26,"minecraft:birch_planks":1,"securitycraft:dirt_mine":3,"minecraft:coal_ore":64,"minecraft:zombie_head":1,"minecraft:gravel":4,"minecraft:dripstone_block":2,"minecraft:cobweb":55,"minecraft:cracked_stone_bricks":3,"minecraft:stone_bricks":19,"minecraft:polished_andesite":2}},"DataVersion":3465}