{"stats":{"minecraft:crafted":{"minecraft:oak_planks":276,"securitycraft:mine":30,"minecraft:smooth_stone":12,"quark:birch_chest":2,"minecraft:stone":338,"minecraft:diamond_shovel":1,"minecraft:cooked_mutton":4,"minecraft:dark_oak_door":3,"minecraft:diamond_helmet":3,"minecraft:diamond_leggings":1,"minecraft:iron_boots":2,"tombstone:grave_key":3,"minecraft:birch_door":3,"minecraft:stone_hoe":1,"biomesoplenty:jacaranda_planks":4,"minecraft:crafting_table":14,"minecraft:spruce_planks":8,"minecraft:iron_helmet":1,"minecraft:wooden_pickaxe":1,"minecraft:copper_ingot":5,"minecraft:birch_planks":56,"minecraft:dark_oak_slab":378,"minecraft:iron_chestplate":1,"minecraft:shield":5,"sophisticatedbackpacks:diamond_backpack":1,"minecraft:stick":192,"minecraft:stone_slab":78,"quark:oak_chest":11,"minecraft:iron_pickaxe":9,"minecraft:iron_ingot":272,"minecraft:iron_block":25,"minecraft:golden_carrot":117,"minecraft:oak_door":3,"minecraft:stone_shovel":2,"minecraft:coal":63,"simplyswords:diamond_greathammer":2,"minecraft:iron_nugget":9,"minecraft:furnace":7,"minecraft:blast_furnace":2,"minecraft:dark_oak_trapdoor":10,"minecraft:stone_stairs":48,"minecraft:iron_axe":4,"minecraft:stone_pickaxe":3,"minecraft:diamond_boots":1,"minecraft:dark_oak_planks":588,"sophisticatedbackpacks:iron_backpack":1,"minecraft:dark_oak_stairs":176,"minecraft:iron_sword":2,"sophisticatedbackpacks:gold_backpack":1,"minecraft:bucket":1,"minecraft:stone_axe":1,"minecraft:jungle_planks":8,"minecraft:air":0,"securitycraft:dirt_mine":9,"minecraft:gold_nugget":920,"minecraft:wooden_axe":1,"minecraft:iron_shovel":1,"minecraft:iron_leggings":2,"minecraft:stonecutter":1,"minecraft:white_bed":1,"minecraft:torch":416},"minecraft:killed_by":{"minecraft:zombie":32,"minecraft:stray":2,"minecraft:skeleton":5},"minecraft:broken":{"minecraft:iron_shovel":2,"minecraft:diamond_helmet":1,"minecraft:iron_boots":2,"minecraft:iron_leggings":1,"minecraft:iron_sword":1,"minecraft:stone_shovel":1,"simplyswords:iron_greathammer":1,"minecraft:shield":1,"minecraft:iron_axe":1,"minecraft:iron_pickaxe":5},"minecraft:used":{"minecraft:moss_carpet":1,"minecraft:iron_shovel":482,"minecraft:polished_deepslate":12,"minecraft:polished_basalt":1,"minecraft:shield":71,"minecraft:white_terracotta":1,"minecraft:stone":99,"minecraft:iron_sword":418,"minecraft:nether_wart":30,"alexscaves:galena":3,"minecraft:rotten_flesh":3,"minecraft:iron_chestplate":1,"minecraft:carrot":185,"minecraft:iron_helmet":2,"minecraft:dark_oak_slab":206,"minecraft:stone_brick_stairs":1,"minecraft:stone_bricks":125,"minecraft:furnace":9,"minecraft:oak_sapling":2,"minecraft:potato":80,"simplefarming:grape_seeds":1,"minecraft:dark_oak_stairs":111,"minecraft:diorite":1,"minecraft:stripped_birch_log":40,"minecraft:stone_pickaxe":119,"minecraft:oak_planks":51,"minecraft:wooden_pickaxe":3,"minecraft:golden_apple":2,"minecraft:dark_oak_trapdoor":18,"minecraft:blast_furnace":2,"simplyswords:iron_greathammer":250,"minecraft:bread":1,"tombstone:grave_key":19,"minecraft:coal_block":25,"minecraft:andesite":1,"minecraft:birch_log":92,"minecraft:smooth_stone_slab":1,"quark:birch_chest":4,"minecraft:stone_shovel":173,"minecraft:spruce_planks":168,"minecraft:stone_hoe":83,"minecraft:oak_door":4,"minecraft:torch":378,"minecraft:dirt":493,"minecraft:stone_stairs":47,"minecraft:polished_diorite":1,"minecraft:birch_door":6,"minecraft:wooden_axe":9,"minecraft:dark_oak_planks":6,"minecraft:iron_axe":576,"simplyswords:diamond_greathammer":252,"minecraft:iron_boots":2,"minecraft:golden_carrot":97,"securitycraft:dirt_mine":8,"tombstone:gift":6,"minecraft:cooked_beef":6,"minecraft:cobbled_deepslate":11,"minecraft:iron_leggings":2,"minecraft:knowledge_book":258,"minecraft:wheat_seeds":26,"minecraft:cooked_mutton":4,"minecraft:water_bucket":30,"minecraft:birch_planks":31,"minecraft:waxed_oxidized_cut_copper":1,"minecraft:stonecutter":1,"minecraft:cracked_stone_bricks":1,"minecraft:crafting_table":17,"simplyswords:iron_twinblade":214,"minecraft:white_bed":10,"minecraft:dark_oak_door":3,"minecraft:apple":1,"minecraft:diamond_shovel":214,"minecraft:iron_pickaxe":1496,"minecraft:stone_slab":59,"minecraft:stone_axe":149,"minecraft:cobblestone":345,"minecraft:bucket":32,"quark:oak_chest":13,"alexsmobs:animal_dictionary":5,"minecraft:smooth_stone":3,"minecraft:diamond_leggings":1},"minecraft:killed":{"zombie_more:cursed_zombie":2,"minecraft:cave_spider":5,"minecraft:witch":1,"minecraft:spider":4,"undead_revamp2:thesmoker":1,"born_in_chaos_v1:scarlet_persecutor":3,"minecraft:skeleton":8,"minecraft:creeper":7,"minecraft:sheep":4,"minecraft:zombie":62,"born_in_chaos_v1:dread_hound":7,"alexsmobs:terrapin":1,"minecraft:stray":2,"alexsmobs:fly":1,"born_in_chaos_v1:zombie_bruiser":1,"born_in_chaos_v1:maggot":15,"undead_revamp2:sucker":2,"born_in_chaos_v1:mr_pumpkin_controlled":1,"born_in_chaos_v1:fallen_chaos_knight":1,"zombie_more:crawler_zombie":4,"undead_revamp2:the_moonflower":4,"minecraft:bat":1,"born_in_chaos_v1:decrepit_skeleton":3,"alexsmobs:crow":2,"minecraft:enderman":1},"minecraft:custom":{"minecraft:interact_with_crafting_table":122,"minecraft:open_barrel":145,"minecraft:bell_ring":15,"minecraft:leave_game":11,"minecraft:time_since_death":31731,"minecraft:damage_resisted":230,"minecraft:sprint_one_cm":1753085,"minecraft:damage_blocked_by_shield":3975,"minecraft:drop":307,"minecraft:talked_to_villager":3,"minecraft:play_time":696591,"minecraft:deaths":99,"minecraft:jump":10131,"minecraft:walk_on_water_one_cm":129572,"minecraft:interact_with_furnace":161,"minecraft:sleep_in_bed":5,"tombstone:sneak_grave":15,"minecraft:damage_dealt":27607,"minecraft:player_kills":2,"minecraft:crouch_one_cm":59457,"tombstone:undead_killed":90,"minecraft:mob_kills":153,"minecraft:damage_dealt_resisted":670,"minecraft:climb_one_cm":73951,"minecraft:walk_one_cm":1539113,"minecraft:damage_dealt_absorbed":67,"minecraft:sneak_time":23307,"minecraft:walk_under_water_one_cm":64427,"minecraft:interact_with_blast_furnace":6,"minecraft:total_world_time":696591,"tombstone:raider_killed":1,"minecraft:tune_noteblock":1,"minecraft:interact_with_stonecutter":8,"minecraft:time_since_rest":31426,"minecraft:damage_taken":42059,"minecraft:damage_absorbed":80,"minecraft:trigger_trapped_chest":6,"minecraft:swim_one_cm":157126,"minecraft:fly_one_cm":2202092,"minecraft:open_chest":356,"minecraft:fall_one_cm":315305},"minecraft:picked_up":{"minecraft:wooden_axe":1,"minecraft:birch_door":3,"minecraft:wheat":72,"simplefarming:turnip_seeds":8,"quark:music_disc_drips":1,"minecraft:stone_slab":7,"quark:hollow_oak_log":7,"alexscaves:cave_tablet":4,"minecraft:enchanted_book":1,"minecraft:potion":1,"minecraft:knowledge_book":13,"minecraft:stone_brick_stairs":1,"tombstone:grave_key":7,"minecraft:polished_deepslate":25,"minecraft:music_disc_cat":1,"minecraft:dark_oak_trapdoor":11,"minecraft:string":136,"simplefarming:zucchini_seeds":1,"minecraft:sticky_piston":1,"minecraft:smooth_stone_slab":2,"zombie_more:acid_drool":2,"minecraft:iron_leggings":1,"minecraft:zombie_head":3,"minecraft:beetroot":2,"minecraft:smooth_stone":12,"minecraft:gold_nugget":74,"minecraft:cobbled_deepslate":16,"minecraft:bucket":1,"minecraft:spruce_planks":27,"minecraft:iron_pickaxe":2,"biomesoplenty:redwood_wood":1,"minecraft:coal_block":8,"minecraft:furnace":5,"minecraft:dark_oak_door":2,"minecraft:tipped_arrow":2,"minecraft:stick":13,"born_in_chaos_v1:phantom_powder":2,"minecraft:torch":270,"born_in_chaos_v1:pileof_dark_metal":2,"quark:blossom_log":1,"tombstone:grave_dust":14,"minecraft:pointed_dripstone":16,"minecraft:diorite":32,"minecraft:deepslate_tile_stairs":1,"tombstone:tablet_of_cupidity":1,"minecraft:rotten_flesh":172,"minecraft:music_disc_ward":2,"minecraft:polished_basalt":1,"minecraft:iron_block":25,"minecraft:cyan_terracotta":1,"minecraft:white_terracotta":1,"minecraft:iron_bars":3,"undead_revamp2:arapholia":1,"minecraft:cobblestone":1697,"minecraft:birch_log":27,"minecraft:cooked_beef":6,"minecraft:feather":4,"minecraft:lilac":10,"minecraft:water_bucket":3,"minecraft:andesite":12,"minecraft:jungle_log":2,"minecraft:potato":96,"minecraft:flint":387,"minecraft:tuff":1,"jeg:scrap":20,"minecraft:lapis_lazuli":4,"minecraft:dirt":1229,"minecraft:stripped_birch_log":40,"minecraft:lantern":14,"alexscaves:galena":2,"born_in_chaos_v1:monster_skin":8,"simplefarming:cucumber_seeds":2,"minecraft:bone":22,"undead_revamp2:blacpetalblock":1,"minecraft:wheat_seeds":168,"minecraft:diamond_helmet":1,"minecraft:stone_hoe":1,"minecraft:oak_planks":20,"simplefarming:corn_seeds":1,"securitycraft:dirt_mine":3,"minecraft:stripped_spruce_log":75,"simplyswords:iron_greathammer":3,"minecraft:barrel":1,"minecraft:dark_oak_log":147,"minecraft:mossy_cobblestone":3,"minecraft:bundle":2,"minecraft:soul_lantern":9,"minecraft:granite":13,"alexsmobs:maggot":4,"biomesoplenty:pink_daffodil":2,"minecraft:oak_sapling":14,"minecraft:chorus_fruit":2,"minecraft:waxed_oxidized_cut_copper":1,"minecraft:crafting_table":4,"minecraft:ladder":1,"minecraft:nether_wart":93,"born_in_chaos_v1:seedof_chaos":2,"minecraft:redstone_lamp":2,"minecraft:brown_mushroom":2,"minecraft:chain":3,"minecraft:shield":4,"minecraft:stone_stairs":13,"minecraft:moss_carpet":14,"simplefarming:sorghum_seeds":10,"minecraft:iron_axe":1,"minecraft:flint_and_steel":1,"minecraft:item_frame":8,"minecraft:cracked_stone_bricks":2,"simplyswords:runic_tablet":1,"minecraft:iron_nugget":20,"quark:music_disc_endermosh":2,"minecraft:birch_sapling":21,"minecraft:raw_iron":74,"minecraft:stone":20,"minecraft:oak_door":3,"simplefarming:cantaloupe_seeds":1,"minecraft:copper_ingot":31,"minecraft:note_block":1,"minecraft:white_dye":4,"quark:birch_chest":3,"minecraft:carrot":374,"minecraft:blue_carpet":7,"minecraft:dark_oak_planks":8,"minecraft:arrow":10,"minecraft:diamond_chestplate":3,"minecraft:stone_shovel":1,"biomesoplenty:jacaranda_log":8,"minecraft:beetroot_seeds":8,"tombstone:essence_of_undeath":1,"minecraft:gold_ingot":36,"minecraft:mutton":4,"minecraft:white_wool":5,"born_in_chaos_v1:corpse_maggot":22,"farmersdelight:rich_soil":18,"minecraft:golden_carrot":12,"born_in_chaos_v1:monster_flesh":28,"minecraft:magenta_banner":1,"minecraft:leather":2,"minecraft:red_mushroom":12,"minecraft:birch_planks":7,"minecraft:oak_log":151,"minecraft:gunpowder":34,"tombstone:gift":1,"simplefarming:grape_seeds":1,"minecraft:cooked_mutton":11,"minecraft:stone_bricks":16,"minecraft:spore_blossom":1,"minecraft:iron_ingot":79,"minecraft:stone_pickaxe":1,"tombstone:bag_of_seeds":3,"minecraft:glass_bottle":1,"minecraft:polished_andesite_slab":1,"jeg:tech_trash":8,"minecraft:dark_oak_stairs":13,"simplefarming:quinoa_seeds":6,"minecraft:book":489,"minecraft:dark_oak_slab":8,"quark:white_shard":8,"born_in_chaos_v1:ethereal_spirit":7,"minecraft:dripstone_block":3,"simplefarming:blueberries":2,"minecraft:gravel":4,"minecraft:blast_furnace":2,"minecraft:white_bed":10,"minecraft:spruce_log":3,"quark:oak_chest":2,"minecraft:spider_eye":7,"simplyswords:diamond_greathammer":1,"minecraft:pumpkin_seeds":4,"minecraft:slime_ball":222,"minecraft:stone_axe":2,"minecraft:polished_diorite":1,"minecraft:light_blue_carpet":6,"minecraft:coal":180,"minecraft:ender_pearl":4},"minecraft:dropped":{"minecraft:iron_sword":2,"minecraft:birch_planks":6,"minecraft:chorus_fruit":2,"minecraft:ender_pearl":1,"minecraft:diamond":20,"minecraft:cracked_stone_bricks":1,"minecraft:emerald":2,"minecraft:flint":27,"minecraft:deepslate_tile_stairs":1,"born_in_chaos_v1:monster_flesh":15,"minecraft:dirt":73,"minecraft:redstone_lamp":2,"tombstone:bag_of_seeds":1,"born_in_chaos_v1:monster_skin":8,"minecraft:iron_pickaxe":4,"minecraft:dark_oak_planks":5,"minecraft:bone":8,"minecraft:oak_door":1,"minecraft:gravel":2,"minecraft:note_block":1,"minecraft:magenta_banner":1,"minecraft:stone_axe":2,"minecraft:iron_nugget":8,"minecraft:cobbled_deepslate":4,"minecraft:birch_sapling":3,"undead_revamp2:arapholia":1,"minecraft:pointed_dripstone":7,"born_in_chaos_v1:ethereal_spirit":2,"minecraft:rotten_flesh":123,"minecraft:oak_planks":37,"minecraft:white_bed":1,"minecraft:carrot":21,"minecraft:gunpowder":2,"zombie_more:acid_drool":1,"minecraft:charcoal":12,"minecraft:beetroot_seeds":4,"born_in_chaos_v1:corpse_maggot":9,"minecraft:music_disc_mall":1,"simplyswords:diamond_greathammer":2,"minecraft:iron_bars":3,"minecraft:water_bucket":4,"minecraft:bread":3,"minecraft:lilac":6,"simplefarming:turnip_seeds":8,"minecraft:book":381,"minecraft:knowledge_book":16,"minecraft:iron_helmet":1,"minecraft:cobblestone":26,"minecraft:granite":13,"minecraft:copper_ingot":8,"minecraft:coal":14,"simplefarming:corn_seeds":1,"minecraft:stick":14,"minecraft:oxeye_daisy":1,"minecraft:iron_block":25,"minecraft:diorite":3,"minecraft:golden_carrot":26,"minecraft:torch":66,"tombstone:grave_key":8,"minecraft:diamond_helmet":2,"tombstone:grave_dust":1,"minecraft:potion":2,"minecraft:iron_leggings":1,"minecraft:music_disc_ward":2,"minecraft:smooth_stone":7,"minecraft:string":18,"minecraft:blue_carpet":3,"minecraft:dandelion":1,"minecraft:polished_deepslate":14,"securitycraft:mine":7,"minecraft:moss_carpet":7,"alexsmobs:maggot":1,"minecraft:tuff":1,"minecraft:raw_iron":13,"sophisticatedbackpacks:backpack":1,"quark:white_shard":8,"minecraft:pumpkin_seeds":4,"minecraft:filled_map":1,"minecraft:shield":5,"minecraft:diamond_chestplate":2,"minecraft:bundle":2,"minecraft:spruce_planks":7,"minecraft:iron_chestplate":1,"minecraft:andesite":1,"quark:birch_chest":1,"minecraft:quartz_stairs":1,"minecraft:light_blue_carpet":3,"minecraft:oak_sapling":3,"minecraft:waxed_oxidized_cut_copper":1,"minecraft:stone_bricks":7,"minecraft:spider_eye":2,"minecraft:slime_ball":47,"simplefarming:quinoa_seeds":6,"minecraft:stone_pickaxe":3,"jeg:pistol_ammo":2,"simplyswords:iron_greathammer":2,"tombstone:tablet_of_cupidity":1,"simplefarming:sorghum_seeds":10},"minecraft:mined":{"minecraft:dark_oak_planks":3,"minecraft:blue_carpet":3,"minecraft:oak_sapling":1,"minecraft:spruce_planks":3,"minecraft:white_bed":7,"farmersdelight:rich_soil":9,"minecraft:farmland":2,"minecraft:sculk_vein":3,"minecraft:light_blue_carpet":3,"minecraft:stone_brick_wall":1,"minecraft:grass_block":448,"minecraft:deepslate_tile_stairs":2,"minecraft:composter":1,"minecraft:nether_wart":30,"minecraft:spawner":18,"minecraft:smooth_stone":8,"minecraft:dark_oak_trapdoor":11,"minecraft:sticky_piston":2,"minecraft:barrel":1,"minecraft:fire":4,"minecraft:iron_ore":58,"biomesoplenty:lavender":1,"minecraft:moss_carpet":2,"minecraft:dark_oak_stairs":13,"minecraft:sculk_shrieker":1,"minecraft:pointed_dripstone":2,"simplefarming:fruit_log":1,"minecraft:brown_mushroom":1,"minecraft:cyan_terracotta":1,"minecraft:soul_lantern":1,"minecraft:torch":17,"minecraft:blast_furnace":2,"quark:blossom_log":1,"minecraft:cobblestone":23,"minecraft:oak_planks":17,"minecraft:wall_torch":21,"minecraft:chain":3,"minecraft:stone_stairs":13,"minecraft:dark_oak_slab":5,"minecraft:dark_oak_door":2,"minecraft:birch_log":23,"minecraft:wheat":36,"minecraft:lilac":1,"minecraft:birch_door":2,"minecraft:stone_brick_stairs":1,"minecraft:grass":28,"quark:birch_chest":2,"minecraft:oak_log":73,"minecraft:beetroots":1,"minecraft:dirt":574,"minecraft:oak_leaves":30,"minecraft:deepslate":73,"minecraft:tuff":4,"minecraft:mossy_cobblestone":4,"minecraft:oak_door":2,"minecraft:stripped_birch_log":40,"minecraft:dark_oak_log":149,"minecraft:glow_lichen":3,"biomesoplenty:bush":19,"minecraft:polished_andesite_slab":1,"minecraft:red_mushroom":1,"alexscaves:galena":1,"farmersdelight:red_mushroom_colony":1,"minecraft:spore_blossom":1,"biomesoplenty:jacaranda_log":8,"minecraft:furnace":4,"minecraft:carrots":58,"minecraft:andesite":6,"minecraft:stripped_spruce_log":80,"minecraft:polished_deepslate":15,"minecraft:bookshelf":149,"minecraft:potatoes":15,"minecraft:vine":13,"minecraft:stripped_jungle_log":1,"minecraft:stone":1229,"jeg:scrap_ore":12,"minecraft:crafting_table":3,"minecraft:stone_slab":5,"biomesoplenty:high_grass_plant":2,"minecraft:tall_grass":2,"minecraft:sculk":1,"minecraft:diorite":26,"minecraft:birch_planks":1,"biomesoplenty:pink_daffodil":1,"minecraft:spruce_log":3,"securitycraft:dirt_mine":3,"minecraft:coal_ore":64,"minecraft:zombie_head":1,"minecraft:gravel":6,"minecraft:dripstone_block":3,"minecraft:cobweb":55,"minecraft:cracked_stone_bricks":3,"minecraft:stone_bricks":21,"minecraft:polished_andesite":2,"minecraft:small_dripleaf":2,"biomesoplenty:redwood_wood":1}},"DataVersion":3465}