{"stats":{"minecraft:crafted":{"biomesoplenty:jacaranda_planks":4,"minecraft:crafting_table":1},"minecraft:used":{"minecraft:knowledge_book":92,"minecraft:crafting_table":1,"tombstone:gift":2,"alexsmobs:animal_dictionary":5},"minecraft:custom":{"minecraft:open_chest":42,"minecraft:time_since_rest":14931,"minecraft:crouch_one_cm":373,"minecraft:deaths":4,"minecraft:play_time":39307,"minecraft:sprint_one_cm":50550,"minecraft:damage_taken":2056,"minecraft:walk_one_cm":50104,"minecraft:sneak_time":288,"minecraft:jump":512,"minecraft:damage_dealt":65,"minecraft:leave_game":2,"minecraft:time_since_death":15902,"minecraft:total_world_time":39307,"minecraft:damage_resisted":4,"minecraft:interact_with_crafting_table":5,"minecraft:fall_one_cm":25956,"minecraft:fly_one_cm":93780,"minecraft:open_barrel":2},"minecraft:picked_up":{"biomesoplenty:jacaranda_log":7,"minecraft:torch":1,"minecraft:oak_log":8,"alexsmobs:maggot":2,"minecraft:dirt":1},"minecraft:mined":{"biomesoplenty:jacaranda_log":7,"minecraft:oak_log":8,"minecraft:dirt":1,"minecraft:oak_leaves":16}},"DataVersion":3465}