{"stats":{"minecraft:crafted":{"minecraft:golden_carrot":2,"minecraft:oak_planks":124,"minecraft:stone_shovel":2,"biomesoplenty:jacaranda_planks":4,"minecraft:crafting_table":3,"minecraft:iron_helmet":1,"minecraft:wooden_pickaxe":1,"minecraft:iron_sword":1,"minecraft:furnace":3,"minecraft:bucket":1,"minecraft:stone_axe":1,"minecraft:air":0,"minecraft:iron_boots":1,"minecraft:iron_chestplate":1,"minecraft:gold_nugget":18,"minecraft:shield":1,"tombstone:grave_key":1,"minecraft:stick":44,"quark:oak_chest":3,"minecraft:iron_ingot":44,"minecraft:iron_pickaxe":3,"minecraft:stone_pickaxe":3,"minecraft:wooden_axe":1,"minecraft:iron_leggings":1,"minecraft:white_bed":1,"minecraft:torch":32,"minecraft:stone_hoe":1},"minecraft:broken":{"minecraft:iron_pickaxe":1,"minecraft:stone_shovel":1},"minecraft:killed_by":{"minecraft:skeleton":1},"minecraft:used":{"minecraft:knowledge_book":95,"minecraft:wheat_seeds":26,"simplefarming:grape_seeds":1,"minecraft:water_bucket":2,"minecraft:diorite":1,"minecraft:stone_shovel":173,"minecraft:stone_pickaxe":119,"minecraft:oak_planks":4,"minecraft:wooden_pickaxe":3,"minecraft:shield":4,"minecraft:iron_sword":48,"minecraft:stone_hoe":83,"minecraft:rotten_flesh":3,"minecraft:torch":29,"minecraft:dirt":133,"minecraft:crafting_table":5,"minecraft:carrot":62,"minecraft:white_bed":1,"minecraft:wooden_axe":6,"minecraft:iron_pickaxe":348,"minecraft:iron_helmet":1,"tombstone:grave_key":6,"minecraft:iron_boots":1,"minecraft:stone_axe":124,"minecraft:cobblestone":36,"minecraft:furnace":3,"minecraft:bucket":2,"alexsmobs:animal_dictionary":5,"tombstone:gift":2,"quark:oak_chest":3,"minecraft:potato":66,"minecraft:iron_leggings":1},"minecraft:killed":{"minecraft:sheep":4,"minecraft:skeleton":2,"minecraft:zombie":3,"undead_revamp2:sucker":1},"minecraft:custom":{"minecraft:interact_with_furnace":27,"minecraft:mob_kills":10,"minecraft:interact_with_crafting_table":34,"minecraft:open_barrel":3,"minecraft:bell_ring":15,"minecraft:leave_game":3,"minecraft:time_since_death":9308,"minecraft:climb_one_cm":1561,"minecraft:damage_resisted":4,"minecraft:time_since_rest":8929,"minecraft:sprint_one_cm":208105,"minecraft:damage_taken":4448,"minecraft:walk_one_cm":247924,"minecraft:damage_blocked_by_shield":210,"tombstone:sneak_grave":1,"minecraft:drop":11,"minecraft:damage_dealt":1539,"minecraft:swim_one_cm":20305,"minecraft:talked_to_villager":1,"minecraft:fly_one_cm":353976,"minecraft:open_chest":128,"minecraft:crouch_one_cm":1105,"minecraft:play_time":142513,"tombstone:undead_killed":6,"minecraft:deaths":11,"minecraft:sneak_time":977,"minecraft:walk_under_water_one_cm":11299,"minecraft:jump":1912,"minecraft:walk_on_water_one_cm":2238,"minecraft:total_world_time":142513,"minecraft:fall_one_cm":57725},"minecraft:picked_up":{"minecraft:birch_log":2,"farmersdelight:rich_soil":9,"minecraft:crafting_table":2,"minecraft:wheat":31,"minecraft:lilac":1,"minecraft:magenta_banner":1,"minecraft:red_mushroom":6,"minecraft:potato":32,"minecraft:oak_log":33,"jeg:scrap":20,"minecraft:gunpowder":2,"minecraft:lapis_lazuli":2,"minecraft:dirt":246,"minecraft:moss_carpet":1,"minecraft:lantern":7,"simplefarming:grape_seeds":1,"minecraft:item_frame":8,"minecraft:zombie_head":2,"minecraft:beetroot":1,"minecraft:wheat_seeds":93,"minecraft:stone_pickaxe":1,"minecraft:iron_nugget":1,"jeg:tech_trash":4,"minecraft:oak_planks":7,"minecraft:book":80,"minecraft:stick":2,"minecraft:raw_iron":44,"minecraft:copper_ingot":1,"minecraft:torch":9,"minecraft:dripstone_block":1,"minecraft:white_dye":2,"minecraft:diorite":15,"minecraft:carrot":69,"minecraft:spider_eye":1,"minecraft:blue_carpet":7,"minecraft:arrow":1,"minecraft:rotten_flesh":10,"biomesoplenty:jacaranda_log":7,"minecraft:stone_axe":1,"minecraft:beetroot_seeds":4,"minecraft:light_blue_carpet":6,"minecraft:gold_ingot":2,"alexsmobs:maggot":2,"minecraft:mutton":4,"minecraft:coal":59,"minecraft:white_wool":4,"minecraft:cobblestone":337,"minecraft:ender_pearl":1},"minecraft:dropped":{"minecraft:magenta_banner":1,"minecraft:stone_axe":1,"minecraft:rotten_flesh":51,"minecraft:light_blue_carpet":3,"minecraft:stone_pickaxe":3,"minecraft:blue_carpet":3},"minecraft:mined":{"minecraft:blue_carpet":3,"jeg:scrap_ore":12,"farmersdelight:rich_soil":9,"minecraft:farmland":2,"minecraft:torch":2,"minecraft:light_blue_carpet":3,"minecraft:crafting_table":2,"biomesoplenty:bush":18,"minecraft:grass_block":28,"minecraft:oak_planks":3,"minecraft:red_mushroom":1,"minecraft:diorite":15,"minecraft:wall_torch":5,"farmersdelight:red_mushroom_colony":1,"biomesoplenty:jacaranda_log":7,"minecraft:carrots":21,"minecraft:iron_ore":44,"minecraft:wheat":36,"minecraft:lilac":1,"minecraft:grass":4,"minecraft:potatoes":9,"minecraft:bookshelf":26,"minecraft:oak_log":35,"minecraft:coal_ore":59,"minecraft:beetroots":1,"minecraft:zombie_head":1,"minecraft:dripstone_block":1,"minecraft:dirt":219,"minecraft:stone":338,"simplefarming:fruit_log":1,"minecraft:oak_leaves":24}},"DataVersion":3465}