{"stats":{"minecraft:crafted":{"minecraft:oak_planks":8,"biomesoplenty:jacaranda_planks":4,"minecraft:crafting_table":1,"minecraft:stick":4,"minecraft:wooden_pickaxe":1,"minecraft:stone_pickaxe":1,"minecraft:furnace":1},"minecraft:killed_by":{"minecraft:skeleton":1},"minecraft:used":{"minecraft:knowledge_book":92,"minecraft:stone_pickaxe":59,"minecraft:wooden_pickaxe":3,"minecraft:rotten_flesh":3,"minecraft:torch":1,"minecraft:cobblestone":2,"minecraft:crafting_table":1,"minecraft:furnace":1,"minecraft:carrot":6,"tombstone:gift":2,"alexsmobs:animal_dictionary":5},"minecraft:custom":{"minecraft:time_since_rest":5519,"minecraft:interact_with_furnace":1,"minecraft:sprint_one_cm":66070,"minecraft:damage_taken":2386,"minecraft:walk_one_cm":77438,"minecraft:drop":3,"minecraft:damage_dealt":65,"minecraft:interact_with_crafting_table":9,"minecraft:fly_one_cm":108205,"minecraft:open_barrel":3,"minecraft:open_chest":54,"minecraft:crouch_one_cm":472,"minecraft:play_time":64513,"minecraft:deaths":5,"minecraft:sneak_time":313,"minecraft:jump":644,"minecraft:leave_game":3,"minecraft:time_since_death":5857,"minecraft:total_world_time":64513,"minecraft:damage_resisted":4,"minecraft:fall_one_cm":26641},"minecraft:picked_up":{"minecraft:raw_iron":4,"minecraft:torch":2,"minecraft:oak_log":8,"minecraft:blue_carpet":3,"minecraft:dirt":1,"biomesoplenty:jacaranda_log":7,"minecraft:light_blue_carpet":3,"alexsmobs:maggot":2,"minecraft:coal":6,"minecraft:oak_planks":3,"minecraft:cobblestone":50},"minecraft:dropped":{"minecraft:light_blue_carpet":3,"minecraft:rotten_flesh":48,"minecraft:blue_carpet":3},"minecraft:mined":{"minecraft:blue_carpet":3,"biomesoplenty:jacaranda_log":7,"minecraft:iron_ore":5,"minecraft:light_blue_carpet":3,"minecraft:grass":3,"biomesoplenty:bush":16,"minecraft:coal_ore":6,"minecraft:oak_log":8,"minecraft:dirt":1,"minecraft:stone":51,"minecraft:oak_planks":3,"minecraft:oak_leaves":16,"minecraft:wall_torch":1}},"DataVersion":3465}