{"stats":{"minecraft:crafted":{"securitycraft:mine":30,"minecraft:oak_planks":212,"minecraft:cooked_mutton":4,"minecraft:diamond_helmet":3,"minecraft:diamond_leggings":1,"minecraft:iron_boots":2,"tombstone:grave_key":3,"minecraft:birch_door":3,"minecraft:stone_hoe":1,"biomesoplenty:jacaranda_planks":4,"minecraft:crafting_table":12,"minecraft:wooden_pickaxe":1,"minecraft:iron_helmet":1,"minecraft:birch_planks":40,"minecraft:iron_chestplate":1,"minecraft:shield":4,"sophisticatedbackpacks:diamond_backpack":1,"minecraft:stick":176,"quark:oak_chest":7,"minecraft:iron_ingot":272,"minecraft:iron_pickaxe":5,"minecraft:iron_block":25,"minecraft:golden_carrot":117,"minecraft:oak_door":3,"minecraft:stone_shovel":2,"simplyswords:diamond_greathammer":2,"minecraft:iron_nugget":9,"minecraft:furnace":4,"minecraft:iron_axe":1,"minecraft:stone_pickaxe":3,"minecraft:diamond_boots":1,"sophisticatedbackpacks:iron_backpack":1,"minecraft:iron_sword":2,"sophisticatedbackpacks:gold_backpack":1,"minecraft:bucket":1,"minecraft:stone_axe":1,"minecraft:air":0,"minecraft:gold_nugget":920,"minecraft:wooden_axe":1,"minecraft:iron_leggings":2,"minecraft:white_bed":1,"minecraft:torch":416},"minecraft:killed_by":{"minecraft:zombie":32,"minecraft:stray":2,"minecraft:skeleton":5},"minecraft:broken":{"minecraft:diamond_helmet":1,"minecraft:iron_boots":2,"minecraft:iron_leggings":1,"minecraft:iron_sword":1,"minecraft:stone_shovel":1,"simplyswords:iron_greathammer":1,"minecraft:shield":1,"minecraft:iron_pickaxe":1},"minecraft:used":{"minecraft:polished_deepslate":12,"minecraft:polished_basalt":1,"minecraft:shield":65,"minecraft:white_terracotta":1,"minecraft:iron_sword":418,"minecraft:nether_wart":30,"alexscaves:galena":3,"minecraft:rotten_flesh":3,"minecraft:iron_chestplate":1,"minecraft:carrot":155,"minecraft:iron_helmet":2,"minecraft:stone_brick_stairs":1,"minecraft:stone_bricks":1,"minecraft:furnace":4,"minecraft:potato":80,"simplefarming:grape_seeds":1,"minecraft:diorite":1,"minecraft:stone_pickaxe":119,"minecraft:oak_planks":50,"minecraft:wooden_pickaxe":3,"minecraft:golden_apple":2,"simplyswords:iron_greathammer":250,"minecraft:bread":1,"tombstone:grave_key":19,"minecraft:coal_block":25,"minecraft:andesite":1,"minecraft:smooth_stone_slab":1,"minecraft:stone_shovel":173,"minecraft:spruce_planks":168,"minecraft:stone_hoe":83,"minecraft:oak_door":4,"minecraft:torch":334,"minecraft:dirt":237,"minecraft:polished_diorite":1,"minecraft:birch_door":6,"minecraft:wooden_axe":9,"minecraft:dark_oak_planks":1,"minecraft:iron_axe":132,"simplyswords:diamond_greathammer":34,"minecraft:iron_boots":2,"minecraft:golden_carrot":75,"tombstone:gift":6,"minecraft:cobbled_deepslate":11,"minecraft:iron_leggings":2,"minecraft:knowledge_book":257,"minecraft:wheat_seeds":26,"minecraft:cooked_mutton":4,"minecraft:water_bucket":22,"minecraft:birch_planks":31,"minecraft:waxed_oxidized_cut_copper":1,"minecraft:cracked_stone_bricks":1,"minecraft:crafting_table":15,"simplyswords:iron_twinblade":214,"minecraft:white_bed":7,"minecraft:iron_pickaxe":643,"minecraft:stone_axe":149,"minecraft:cobblestone":113,"minecraft:bucket":24,"quark:oak_chest":9,"alexsmobs:animal_dictionary":5,"minecraft:diamond_leggings":1,"minecraft:smooth_stone":3},"minecraft:killed":{"zombie_more:cursed_zombie":1,"minecraft:cave_spider":5,"minecraft:witch":1,"minecraft:spider":3,"undead_revamp2:thesmoker":1,"born_in_chaos_v1:scarlet_persecutor":3,"minecraft:skeleton":5,"minecraft:creeper":2,"minecraft:sheep":4,"minecraft:zombie":50,"born_in_chaos_v1:dread_hound":4,"minecraft:stray":2,"born_in_chaos_v1:maggot":9,"undead_revamp2:sucker":2,"born_in_chaos_v1:fallen_chaos_knight":1,"zombie_more:crawler_zombie":3,"minecraft:bat":1,"alexsmobs:crow":2,"minecraft:enderman":1},"minecraft:custom":{"minecraft:interact_with_crafting_table":86,"minecraft:open_barrel":127,"minecraft:bell_ring":15,"minecraft:leave_game":9,"minecraft:time_since_death":17108,"minecraft:damage_resisted":230,"minecraft:sprint_one_cm":1309542,"minecraft:damage_blocked_by_shield":3435,"minecraft:drop":250,"minecraft:talked_to_villager":3,"minecraft:play_time":506863,"minecraft:deaths":95,"minecraft:jump":7915,"minecraft:walk_on_water_one_cm":122990,"minecraft:interact_with_furnace":37,"minecraft:sleep_in_bed":5,"tombstone:sneak_grave":15,"minecraft:damage_dealt":18158,"minecraft:player_kills":1,"minecraft:crouch_one_cm":36048,"tombstone:undead_killed":65,"minecraft:mob_kills":109,"minecraft:damage_dealt_resisted":140,"minecraft:climb_one_cm":63893,"minecraft:walk_one_cm":912390,"minecraft:sneak_time":16275,"minecraft:walk_under_water_one_cm":62095,"minecraft:total_world_time":506863,"tombstone:raider_killed":1,"minecraft:tune_noteblock":1,"minecraft:time_since_rest":532,"minecraft:damage_taken":37525,"minecraft:damage_absorbed":80,"minecraft:swim_one_cm":122320,"minecraft:fly_one_cm":1773516,"minecraft:open_chest":274,"minecraft:fall_one_cm":244069},"minecraft:picked_up":{"minecraft:wooden_axe":1,"minecraft:birch_door":3,"minecraft:wheat":65,"simplefarming:turnip_seeds":8,"quark:music_disc_drips":1,"alexscaves:cave_tablet":4,"minecraft:enchanted_book":1,"minecraft:potion":1,"minecraft:knowledge_book":13,"minecraft:stone_brick_stairs":1,"tombstone:grave_key":7,"minecraft:polished_deepslate":25,"minecraft:music_disc_cat":1,"minecraft:string":127,"minecraft:smooth_stone_slab":2,"zombie_more:acid_drool":1,"minecraft:iron_leggings":1,"minecraft:zombie_head":3,"minecraft:beetroot":2,"minecraft:cobbled_deepslate":16,"minecraft:gold_nugget":74,"minecraft:smooth_stone":12,"minecraft:bucket":1,"minecraft:spruce_planks":27,"minecraft:iron_pickaxe":2,"minecraft:coal_block":8,"minecraft:furnace":1,"minecraft:tipped_arrow":2,"minecraft:stick":6,"minecraft:torch":242,"born_in_chaos_v1:pileof_dark_metal":2,"minecraft:pointed_dripstone":15,"tombstone:grave_dust":6,"minecraft:diorite":32,"minecraft:deepslate_tile_stairs":1,"minecraft:rotten_flesh":97,"minecraft:music_disc_ward":2,"minecraft:polished_basalt":1,"minecraft:iron_block":25,"minecraft:cyan_terracotta":1,"minecraft:white_terracotta":1,"minecraft:iron_bars":3,"minecraft:cobblestone":640,"minecraft:birch_log":14,"minecraft:feather":4,"minecraft:lilac":4,"minecraft:water_bucket":3,"minecraft:andesite":12,"minecraft:potato":96,"minecraft:flint":387,"minecraft:tuff":1,"jeg:scrap":20,"minecraft:lapis_lazuli":4,"minecraft:dirt":481,"minecraft:lantern":14,"alexscaves:galena":2,"born_in_chaos_v1:monster_skin":1,"minecraft:bone":17,"minecraft:wheat_seeds":160,"minecraft:diamond_helmet":1,"minecraft:stone_hoe":1,"minecraft:oak_planks":12,"simplyswords:iron_greathammer":3,"minecraft:mossy_cobblestone":3,"minecraft:bundle":2,"minecraft:granite":13,"alexsmobs:maggot":3,"minecraft:oak_sapling":3,"minecraft:chorus_fruit":2,"minecraft:waxed_oxidized_cut_copper":1,"minecraft:crafting_table":3,"minecraft:nether_wart":93,"born_in_chaos_v1:seedof_chaos":2,"minecraft:redstone_lamp":2,"minecraft:shield":1,"minecraft:flint_and_steel":1,"simplefarming:sorghum_seeds":10,"minecraft:moss_carpet":3,"minecraft:item_frame":8,"minecraft:cracked_stone_bricks":2,"simplyswords:runic_tablet":1,"minecraft:iron_nugget":16,"quark:music_disc_endermosh":2,"minecraft:birch_sapling":1,"minecraft:raw_iron":74,"minecraft:oak_door":3,"minecraft:copper_ingot":16,"minecraft:note_block":1,"minecraft:white_dye":4,"minecraft:carrot":373,"minecraft:blue_carpet":7,"minecraft:dark_oak_planks":6,"minecraft:arrow":9,"minecraft:stone_shovel":1,"minecraft:diamond_chestplate":3,"biomesoplenty:jacaranda_log":7,"minecraft:beetroot_seeds":8,"minecraft:gold_ingot":36,"tombstone:essence_of_undeath":1,"minecraft:mutton":4,"minecraft:white_wool":5,"born_in_chaos_v1:corpse_maggot":8,"farmersdelight:rich_soil":18,"minecraft:golden_carrot":5,"born_in_chaos_v1:monster_flesh":9,"minecraft:magenta_banner":1,"minecraft:leather":2,"minecraft:red_mushroom":12,"minecraft:birch_planks":7,"minecraft:oak_log":69,"minecraft:gunpowder":24,"tombstone:gift":1,"simplefarming:grape_seeds":1,"minecraft:stone_bricks":13,"minecraft:iron_ingot":74,"minecraft:stone_pickaxe":1,"tombstone:bag_of_seeds":1,"minecraft:glass_bottle":1,"minecraft:polished_andesite_slab":1,"jeg:tech_trash":8,"simplefarming:quinoa_seeds":6,"minecraft:book":480,"quark:white_shard":8,"born_in_chaos_v1:ethereal_spirit":7,"minecraft:dripstone_block":3,"simplefarming:blueberries":2,"minecraft:white_bed":8,"quark:oak_chest":2,"minecraft:spider_eye":4,"simplyswords:diamond_greathammer":1,"minecraft:pumpkin_seeds":4,"minecraft:slime_ball":221,"minecraft:stone_axe":2,"minecraft:polished_diorite":1,"minecraft:light_blue_carpet":6,"minecraft:coal":78,"minecraft:ender_pearl":4},"minecraft:dropped":{"minecraft:iron_sword":2,"minecraft:birch_planks":6,"minecraft:chorus_fruit":2,"minecraft:ender_pearl":1,"minecraft:diamond":20,"minecraft:cracked_stone_bricks":1,"minecraft:flint":27,"minecraft:deepslate_tile_stairs":1,"born_in_chaos_v1:monster_flesh":5,"minecraft:dirt":56,"minecraft:redstone_lamp":2,"tombstone:bag_of_seeds":1,"born_in_chaos_v1:monster_skin":1,"minecraft:iron_pickaxe":4,"minecraft:dark_oak_planks":5,"minecraft:bone":3,"minecraft:oak_door":1,"minecraft:note_block":1,"minecraft:magenta_banner":1,"minecraft:stone_axe":2,"minecraft:iron_nugget":4,"minecraft:cobbled_deepslate":4,"minecraft:birch_sapling":3,"born_in_chaos_v1:ethereal_spirit":2,"minecraft:pointed_dripstone":7,"minecraft:rotten_flesh":91,"minecraft:oak_planks":37,"minecraft:white_bed":1,"minecraft:carrot":21,"minecraft:charcoal":12,"minecraft:beetroot_seeds":4,"born_in_chaos_v1:corpse_maggot":5,"minecraft:music_disc_mall":1,"zombie_more:acid_drool":1,"simplyswords:diamond_greathammer":2,"minecraft:iron_bars":3,"minecraft:water_bucket":4,"minecraft:bread":3,"simplefarming:turnip_seeds":8,"minecraft:iron_helmet":1,"minecraft:cobblestone":26,"minecraft:knowledge_book":16,"minecraft:granite":13,"minecraft:copper_ingot":8,"minecraft:coal":14,"minecraft:stick":12,"minecraft:iron_block":25,"minecraft:diorite":3,"minecraft:golden_carrot":6,"minecraft:torch":66,"tombstone:grave_key":8,"minecraft:diamond_helmet":2,"tombstone:grave_dust":1,"minecraft:potion":2,"minecraft:iron_leggings":1,"minecraft:music_disc_ward":2,"minecraft:smooth_stone":7,"minecraft:string":12,"minecraft:blue_carpet":3,"minecraft:polished_deepslate":14,"alexsmobs:maggot":1,"minecraft:tuff":1,"minecraft:raw_iron":13,"sophisticatedbackpacks:backpack":1,"quark:white_shard":8,"minecraft:pumpkin_seeds":4,"minecraft:filled_map":1,"minecraft:shield":3,"minecraft:diamond_chestplate":2,"minecraft:bundle":2,"minecraft:spruce_planks":7,"minecraft:iron_chestplate":1,"minecraft:andesite":1,"minecraft:quartz_stairs":1,"minecraft:light_blue_carpet":3,"minecraft:oak_sapling":2,"minecraft:waxed_oxidized_cut_copper":1,"minecraft:stone_bricks":7,"minecraft:spider_eye":1,"minecraft:slime_ball":46,"simplefarming:quinoa_seeds":6,"minecraft:stone_pickaxe":3,"jeg:pistol_ammo":2,"simplefarming:sorghum_seeds":10,"simplyswords:iron_greathammer":2},"minecraft:mined":{"minecraft:dark_oak_planks":1,"minecraft:blue_carpet":3,"minecraft:spruce_planks":3,"minecraft:white_bed":7,"farmersdelight:rich_soil":9,"minecraft:farmland":2,"minecraft:light_blue_carpet":3,"minecraft:grass_block":47,"minecraft:stone_brick_wall":1,"minecraft:deepslate_tile_stairs":2,"minecraft:nether_wart":30,"minecraft:spawner":15,"minecraft:smooth_stone":8,"minecraft:iron_ore":58,"minecraft:pointed_dripstone":2,"simplefarming:fruit_log":1,"minecraft:cyan_terracotta":1,"minecraft:torch":13,"minecraft:cobblestone":4,"minecraft:oak_planks":9,"minecraft:wall_torch":7,"minecraft:birch_log":10,"minecraft:wheat":36,"minecraft:lilac":1,"minecraft:birch_door":2,"minecraft:stone_brick_stairs":1,"minecraft:grass":9,"minecraft:oak_log":71,"minecraft:beetroots":1,"minecraft:dirt":255,"minecraft:oak_leaves":25,"minecraft:deepslate":73,"minecraft:tuff":4,"minecraft:mossy_cobblestone":4,"minecraft:oak_door":2,"biomesoplenty:bush":19,"minecraft:polished_andesite_slab":1,"minecraft:red_mushroom":1,"farmersdelight:red_mushroom_colony":1,"alexscaves:galena":1,"biomesoplenty:jacaranda_log":7,"minecraft:carrots":58,"minecraft:andesite":6,"minecraft:polished_deepslate":15,"minecraft:bookshelf":146,"minecraft:potatoes":15,"minecraft:stone":435,"jeg:scrap_ore":12,"minecraft:crafting_table":2,"minecraft:diorite":26,"minecraft:birch_planks":1,"minecraft:coal_ore":64,"minecraft:dripstone_block":2,"minecraft:zombie_head":1,"minecraft:gravel":4,"minecraft:cobweb":55,"minecraft:cracked_stone_bricks":3,"minecraft:stone_bricks":19,"minecraft:polished_andesite":2}},"DataVersion":3465}