{"stats":{"minecraft:crafted":{"minecraft:oak_planks":124,"minecraft:cooked_mutton":4,"minecraft:diamond_helmet":1,"minecraft:iron_boots":2,"tombstone:grave_key":2,"minecraft:birch_door":3,"minecraft:stone_hoe":1,"biomesoplenty:jacaranda_planks":4,"minecraft:crafting_table":9,"minecraft:wooden_pickaxe":1,"minecraft:iron_helmet":1,"minecraft:birch_planks":40,"minecraft:iron_chestplate":1,"minecraft:shield":3,"minecraft:stick":160,"quark:oak_chest":5,"minecraft:iron_ingot":47,"minecraft:iron_pickaxe":5,"minecraft:iron_block":25,"minecraft:golden_carrot":71,"minecraft:stone_shovel":2,"minecraft:furnace":4,"minecraft:stone_pickaxe":3,"minecraft:iron_sword":2,"minecraft:bucket":1,"minecraft:stone_axe":1,"minecraft:air":0,"minecraft:gold_nugget":596,"minecraft:wooden_axe":1,"minecraft:iron_leggings":2,"minecraft:white_bed":1,"minecraft:torch":416},"minecraft:killed_by":{"minecraft:zombie":28,"minecraft:skeleton":4},"minecraft:broken":{"minecraft:diamond_helmet":1,"minecraft:iron_boots":2,"minecraft:iron_sword":1,"minecraft:stone_shovel":1,"simplyswords:iron_greathammer":1,"minecraft:shield":1,"minecraft:iron_pickaxe":1},"minecraft:used":{"minecraft:polished_deepslate":12,"minecraft:polished_basalt":1,"minecraft:shield":43,"minecraft:white_terracotta":1,"minecraft:iron_sword":418,"minecraft:nether_wart":30,"alexscaves:galena":3,"minecraft:rotten_flesh":3,"minecraft:iron_chestplate":1,"minecraft:carrot":144,"minecraft:iron_helmet":2,"minecraft:stone_brick_stairs":1,"minecraft:stone_bricks":1,"minecraft:furnace":4,"minecraft:potato":68,"simplefarming:grape_seeds":1,"minecraft:diorite":1,"minecraft:stone_pickaxe":119,"minecraft:oak_planks":39,"minecraft:wooden_pickaxe":3,"minecraft:golden_apple":2,"simplyswords:iron_greathammer":250,"tombstone:grave_key":17,"minecraft:coal_block":25,"minecraft:andesite":1,"minecraft:smooth_stone_slab":1,"minecraft:stone_shovel":173,"minecraft:spruce_planks":168,"minecraft:stone_hoe":83,"minecraft:torch":307,"minecraft:dirt":156,"minecraft:polished_diorite":1,"minecraft:birch_door":6,"minecraft:wooden_axe":6,"minecraft:dark_oak_planks":1,"minecraft:iron_boots":2,"minecraft:golden_carrot":52,"tombstone:gift":6,"minecraft:cobbled_deepslate":11,"minecraft:iron_leggings":2,"minecraft:knowledge_book":126,"minecraft:wheat_seeds":26,"minecraft:cooked_mutton":4,"minecraft:water_bucket":19,"minecraft:birch_planks":31,"minecraft:waxed_oxidized_cut_copper":1,"minecraft:cracked_stone_bricks":1,"minecraft:crafting_table":12,"simplyswords:iron_twinblade":153,"minecraft:white_bed":5,"minecraft:iron_pickaxe":642,"minecraft:stone_axe":125,"minecraft:cobblestone":113,"minecraft:bucket":21,"quark:oak_chest":5,"alexsmobs:animal_dictionary":5,"minecraft:smooth_stone":3},"minecraft:killed":{"zombie_more:cursed_zombie":1,"minecraft:witch":1,"minecraft:spider":2,"born_in_chaos_v1:scarlet_persecutor":3,"minecraft:skeleton":3,"minecraft:creeper":2,"minecraft:sheep":4,"minecraft:zombie":46,"born_in_chaos_v1:dread_hound":4,"born_in_chaos_v1:maggot":9,"undead_revamp2:sucker":1,"born_in_chaos_v1:fallen_chaos_knight":1,"zombie_more:crawler_zombie":3,"minecraft:bat":1,"minecraft:enderman":1},"minecraft:custom":{"minecraft:interact_with_crafting_table":57,"minecraft:open_barrel":121,"minecraft:bell_ring":15,"minecraft:leave_game":9,"minecraft:time_since_death":20245,"minecraft:damage_resisted":187,"minecraft:sprint_one_cm":1064435,"minecraft:damage_blocked_by_shield":2310,"minecraft:drop":220,"minecraft:talked_to_villager":3,"minecraft:play_time":428863,"minecraft:deaths":85,"minecraft:jump":6562,"minecraft:walk_on_water_one_cm":119089,"minecraft:interact_with_furnace":37,"minecraft:sleep_in_bed":2,"tombstone:sneak_grave":14,"minecraft:damage_dealt":14973,"minecraft:player_kills":1,"minecraft:crouch_one_cm":32371,"tombstone:undead_killed":55,"minecraft:mob_kills":89,"minecraft:damage_dealt_resisted":40,"minecraft:climb_one_cm":63597,"minecraft:walk_one_cm":752384,"minecraft:sneak_time":14985,"minecraft:walk_under_water_one_cm":54243,"minecraft:total_world_time":428863,"tombstone:raider_killed":1,"minecraft:tune_noteblock":1,"minecraft:time_since_rest":18548,"minecraft:damage_taken":32533,"minecraft:damage_absorbed":80,"minecraft:swim_one_cm":91776,"minecraft:fly_one_cm":1399194,"minecraft:open_chest":236,"minecraft:fall_one_cm":201062},"minecraft:picked_up":{"minecraft:birch_door":3,"minecraft:wheat":31,"simplefarming:turnip_seeds":8,"minecraft:potion":1,"minecraft:knowledge_book":5,"minecraft:stone_brick_stairs":1,"tombstone:grave_key":7,"minecraft:polished_deepslate":25,"minecraft:string":69,"minecraft:smooth_stone_slab":2,"zombie_more:acid_drool":1,"minecraft:iron_leggings":1,"minecraft:zombie_head":2,"minecraft:beetroot":1,"minecraft:cobbled_deepslate":16,"minecraft:gold_nugget":28,"minecraft:smooth_stone":11,"minecraft:spruce_planks":27,"minecraft:furnace":1,"minecraft:stick":2,"minecraft:torch":190,"born_in_chaos_v1:pileof_dark_metal":1,"minecraft:pointed_dripstone":7,"tombstone:grave_dust":3,"minecraft:diorite":18,"minecraft:deepslate_tile_stairs":1,"minecraft:rotten_flesh":81,"minecraft:music_disc_ward":2,"minecraft:polished_basalt":1,"minecraft:iron_block":25,"minecraft:cyan_terracotta":1,"minecraft:white_terracotta":1,"minecraft:iron_bars":3,"minecraft:cobblestone":443,"minecraft:birch_log":12,"minecraft:lilac":1,"minecraft:water_bucket":3,"minecraft:andesite":7,"minecraft:potato":63,"minecraft:flint":67,"minecraft:tuff":1,"jeg:scrap":20,"minecraft:lapis_lazuli":2,"minecraft:dirt":287,"minecraft:lantern":7,"alexscaves:galena":2,"born_in_chaos_v1:monster_skin":1,"minecraft:bone":9,"minecraft:wheat_seeds":93,"minecraft:oak_planks":12,"simplyswords:iron_greathammer":3,"minecraft:mossy_cobblestone":3,"minecraft:bundle":2,"minecraft:granite":13,"alexsmobs:maggot":2,"minecraft:chorus_fruit":2,"minecraft:waxed_oxidized_cut_copper":1,"minecraft:crafting_table":3,"minecraft:nether_wart":93,"born_in_chaos_v1:seedof_chaos":1,"minecraft:redstone_lamp":2,"minecraft:shield":1,"simplefarming:sorghum_seeds":10,"minecraft:moss_carpet":1,"minecraft:item_frame":8,"minecraft:cracked_stone_bricks":2,"minecraft:iron_nugget":10,"quark:music_disc_endermosh":1,"minecraft:birch_sapling":1,"minecraft:raw_iron":71,"minecraft:copper_ingot":13,"minecraft:note_block":1,"minecraft:white_dye":2,"minecraft:carrot":336,"minecraft:blue_carpet":7,"minecraft:dark_oak_planks":6,"minecraft:arrow":1,"minecraft:diamond_chestplate":2,"biomesoplenty:jacaranda_log":7,"minecraft:beetroot_seeds":4,"minecraft:gold_ingot":36,"tombstone:essence_of_undeath":1,"minecraft:mutton":4,"minecraft:white_wool":4,"born_in_chaos_v1:corpse_maggot":8,"farmersdelight:rich_soil":9,"minecraft:golden_carrot":5,"born_in_chaos_v1:monster_flesh":5,"minecraft:magenta_banner":1,"minecraft:red_mushroom":6,"minecraft:birch_planks":7,"minecraft:oak_log":33,"minecraft:gunpowder":7,"simplefarming:grape_seeds":1,"minecraft:stone_bricks":13,"minecraft:iron_ingot":28,"minecraft:stone_pickaxe":1,"tombstone:bag_of_seeds":1,"minecraft:glass_bottle":1,"minecraft:polished_andesite_slab":1,"jeg:tech_trash":4,"simplefarming:quinoa_seeds":6,"minecraft:book":84,"quark:white_shard":8,"born_in_chaos_v1:ethereal_spirit":3,"minecraft:dripstone_block":2,"simplefarming:blueberries":1,"minecraft:white_bed":5,"minecraft:spider_eye":1,"minecraft:slime_ball":29,"minecraft:stone_axe":1,"minecraft:polished_diorite":1,"minecraft:light_blue_carpet":6,"minecraft:coal":78,"minecraft:ender_pearl":3},"minecraft:dropped":{"minecraft:iron_sword":2,"minecraft:birch_planks":6,"minecraft:chorus_fruit":2,"minecraft:ender_pearl":1,"minecraft:cracked_stone_bricks":1,"minecraft:flint":27,"minecraft:deepslate_tile_stairs":1,"born_in_chaos_v1:monster_flesh":1,"minecraft:dirt":8,"minecraft:redstone_lamp":2,"tombstone:bag_of_seeds":1,"born_in_chaos_v1:monster_skin":1,"minecraft:iron_pickaxe":2,"minecraft:dark_oak_planks":5,"minecraft:bone":3,"minecraft:note_block":1,"minecraft:magenta_banner":1,"minecraft:stone_axe":1,"minecraft:iron_nugget":4,"minecraft:cobbled_deepslate":4,"minecraft:birch_sapling":3,"minecraft:pointed_dripstone":3,"minecraft:rotten_flesh":86,"minecraft:white_bed":1,"minecraft:carrot":21,"minecraft:charcoal":12,"minecraft:beetroot_seeds":4,"born_in_chaos_v1:corpse_maggot":5,"minecraft:music_disc_mall":1,"zombie_more:acid_drool":1,"minecraft:iron_bars":3,"minecraft:water_bucket":4,"minecraft:bread":1,"simplefarming:turnip_seeds":8,"minecraft:iron_helmet":1,"minecraft:cobblestone":26,"minecraft:knowledge_book":16,"minecraft:granite":13,"minecraft:copper_ingot":8,"minecraft:coal":14,"minecraft:stick":12,"minecraft:iron_block":25,"minecraft:diorite":3,"minecraft:golden_carrot":5,"minecraft:torch":66,"tombstone:grave_key":8,"tombstone:grave_dust":1,"minecraft:potion":2,"minecraft:iron_leggings":1,"minecraft:music_disc_ward":2,"minecraft:smooth_stone":7,"minecraft:string":11,"minecraft:blue_carpet":3,"minecraft:polished_deepslate":14,"minecraft:tuff":1,"minecraft:raw_iron":13,"quark:white_shard":8,"minecraft:shield":2,"minecraft:diamond_chestplate":1,"minecraft:bundle":2,"minecraft:spruce_planks":7,"minecraft:iron_chestplate":1,"minecraft:andesite":1,"minecraft:quartz_stairs":1,"minecraft:light_blue_carpet":3,"minecraft:waxed_oxidized_cut_copper":1,"minecraft:stone_bricks":7,"minecraft:spider_eye":1,"minecraft:slime_ball":46,"simplefarming:quinoa_seeds":6,"minecraft:stone_pickaxe":3,"jeg:pistol_ammo":2,"simplefarming:sorghum_seeds":10,"simplyswords:iron_greathammer":2},"minecraft:mined":{"minecraft:dark_oak_planks":1,"minecraft:blue_carpet":3,"minecraft:spruce_planks":3,"minecraft:white_bed":5,"farmersdelight:rich_soil":9,"minecraft:farmland":2,"minecraft:light_blue_carpet":3,"minecraft:grass_block":37,"minecraft:stone_brick_wall":1,"minecraft:deepslate_tile_stairs":2,"minecraft:nether_wart":30,"minecraft:spawner":14,"minecraft:smooth_stone":8,"minecraft:iron_ore":58,"minecraft:pointed_dripstone":2,"simplefarming:fruit_log":1,"minecraft:cyan_terracotta":1,"minecraft:torch":13,"minecraft:cobblestone":4,"minecraft:oak_planks":8,"minecraft:wall_torch":7,"minecraft:birch_log":10,"minecraft:wheat":36,"minecraft:lilac":1,"minecraft:birch_door":2,"minecraft:stone_brick_stairs":1,"minecraft:grass":8,"minecraft:oak_log":35,"minecraft:beetroots":1,"minecraft:dirt":239,"minecraft:oak_leaves":24,"minecraft:deepslate":73,"minecraft:tuff":4,"minecraft:mossy_cobblestone":4,"biomesoplenty:bush":19,"minecraft:polished_andesite_slab":1,"minecraft:red_mushroom":1,"farmersdelight:red_mushroom_colony":1,"alexscaves:galena":1,"biomesoplenty:jacaranda_log":7,"minecraft:carrots":56,"minecraft:andesite":6,"minecraft:polished_deepslate":15,"minecraft:bookshelf":26,"minecraft:potatoes":15,"minecraft:stone":435,"jeg:scrap_ore":12,"minecraft:crafting_table":2,"minecraft:diorite":26,"minecraft:birch_planks":1,"minecraft:coal_ore":64,"minecraft:dripstone_block":2,"minecraft:zombie_head":1,"minecraft:gravel":4,"minecraft:cobweb":54,"minecraft:cracked_stone_bricks":3,"minecraft:stone_bricks":19,"minecraft:polished_andesite":2}},"DataVersion":3465}