{"stats":{"minecraft:crafted":{"minecraft:golden_carrot":71,"minecraft:oak_planks":124,"minecraft:stone_shovel":2,"minecraft:furnace":4,"minecraft:cooked_mutton":4,"minecraft:diamond_helmet":1,"minecraft:iron_boots":2,"tombstone:grave_key":2,"minecraft:stone_pickaxe":3,"minecraft:stone_hoe":1,"biomesoplenty:jacaranda_planks":4,"minecraft:crafting_table":8,"minecraft:wooden_pickaxe":1,"minecraft:iron_helmet":1,"minecraft:iron_sword":2,"minecraft:bucket":1,"minecraft:birch_planks":32,"minecraft:stone_axe":1,"minecraft:air":0,"minecraft:iron_chestplate":1,"minecraft:gold_nugget":596,"minecraft:shield":3,"minecraft:stick":112,"quark:oak_chest":5,"minecraft:iron_pickaxe":5,"minecraft:iron_ingot":47,"minecraft:wooden_axe":1,"minecraft:iron_block":25,"minecraft:iron_leggings":2,"minecraft:white_bed":1,"minecraft:torch":272},"minecraft:killed_by":{"minecraft:skeleton":4,"minecraft:zombie":27},"minecraft:broken":{"simplyswords:iron_greathammer":1,"minecraft:iron_boots":2,"minecraft:shield":1,"minecraft:iron_sword":1,"minecraft:iron_pickaxe":1,"minecraft:stone_shovel":1},"minecraft:used":{"minecraft:polished_deepslate":12,"minecraft:stone_shovel":173,"minecraft:polished_basalt":1,"minecraft:spruce_planks":122,"minecraft:shield":43,"minecraft:white_terracotta":1,"minecraft:iron_sword":418,"minecraft:nether_wart":30,"alexscaves:galena":3,"minecraft:stone_hoe":83,"minecraft:rotten_flesh":3,"minecraft:iron_chestplate":1,"minecraft:torch":265,"minecraft:dirt":152,"minecraft:carrot":142,"minecraft:polished_diorite":1,"minecraft:dark_oak_planks":1,"minecraft:wooden_axe":6,"minecraft:iron_helmet":2,"minecraft:iron_boots":2,"minecraft:stone_brick_stairs":1,"minecraft:golden_carrot":37,"minecraft:furnace":4,"tombstone:gift":6,"minecraft:potato":68,"minecraft:cobbled_deepslate":11,"minecraft:iron_leggings":2,"minecraft:knowledge_book":126,"minecraft:cooked_mutton":4,"minecraft:wheat_seeds":26,"simplefarming:grape_seeds":1,"minecraft:water_bucket":13,"minecraft:diorite":1,"minecraft:birch_planks":31,"minecraft:stone_pickaxe":119,"minecraft:oak_planks":39,"minecraft:waxed_oxidized_cut_copper":1,"minecraft:wooden_pickaxe":3,"minecraft:cracked_stone_bricks":1,"minecraft:golden_apple":2,"minecraft:crafting_table":11,"simplyswords:iron_twinblade":120,"minecraft:white_bed":5,"simplyswords:iron_greathammer":250,"minecraft:iron_pickaxe":630,"tombstone:grave_key":14,"minecraft:stone_axe":125,"minecraft:cobblestone":113,"minecraft:andesite":1,"minecraft:bucket":15,"minecraft:smooth_stone_slab":1,"quark:oak_chest":5,"alexsmobs:animal_dictionary":5,"minecraft:smooth_stone":3},"minecraft:killed":{"zombie_more:cursed_zombie":1,"minecraft:witch":1,"minecraft:spider":2,"born_in_chaos_v1:maggot":9,"born_in_chaos_v1:scarlet_persecutor":3,"minecraft:skeleton":3,"undead_revamp2:sucker":1,"born_in_chaos_v1:fallen_chaos_knight":1,"zombie_more:crawler_zombie":3,"minecraft:bat":1,"minecraft:creeper":2,"minecraft:sheep":4,"minecraft:zombie":45,"minecraft:enderman":1},"minecraft:custom":{"minecraft:mob_kills":83,"minecraft:interact_with_crafting_table":56,"minecraft:open_barrel":85,"minecraft:bell_ring":15,"minecraft:damage_dealt_resisted":40,"minecraft:leave_game":9,"minecraft:time_since_death":2920,"minecraft:climb_one_cm":29738,"minecraft:damage_resisted":187,"minecraft:sprint_one_cm":946474,"minecraft:walk_one_cm":689015,"minecraft:damage_blocked_by_shield":2310,"minecraft:drop":189,"minecraft:talked_to_villager":3,"minecraft:play_time":392863,"minecraft:deaths":82,"minecraft:sneak_time":13486,"minecraft:walk_under_water_one_cm":42770,"minecraft:jump":5998,"minecraft:walk_on_water_one_cm":105959,"minecraft:total_world_time":392863,"minecraft:interact_with_furnace":37,"tombstone:raider_killed":1,"minecraft:sleep_in_bed":1,"minecraft:time_since_rest":2700,"minecraft:damage_taken":30739,"minecraft:damage_absorbed":80,"tombstone:sneak_grave":14,"minecraft:damage_dealt":13921,"minecraft:swim_one_cm":78377,"minecraft:fly_one_cm":1298930,"minecraft:player_kills":1,"minecraft:open_chest":227,"minecraft:crouch_one_cm":29366,"tombstone:undead_killed":54,"minecraft:fall_one_cm":177934},"minecraft:picked_up":{"minecraft:waxed_oxidized_cut_copper":1,"minecraft:crafting_table":3,"minecraft:wheat":31,"minecraft:redstone_lamp":2,"minecraft:nether_wart":93,"simplefarming:turnip_seeds":8,"born_in_chaos_v1:seedof_chaos":1,"minecraft:potion":1,"minecraft:knowledge_book":5,"minecraft:stone_brick_stairs":1,"tombstone:grave_key":7,"minecraft:shield":1,"minecraft:polished_deepslate":23,"minecraft:smooth_stone_slab":2,"minecraft:string":69,"minecraft:moss_carpet":1,"simplefarming:sorghum_seeds":10,"minecraft:iron_leggings":1,"minecraft:item_frame":8,"minecraft:zombie_head":2,"minecraft:beetroot":1,"minecraft:cracked_stone_bricks":2,"minecraft:gold_nugget":28,"minecraft:smooth_stone":10,"minecraft:cobbled_deepslate":16,"minecraft:spruce_planks":21,"minecraft:iron_nugget":10,"minecraft:birch_sapling":1,"minecraft:furnace":1,"minecraft:stick":2,"minecraft:raw_iron":71,"minecraft:copper_ingot":13,"minecraft:torch":190,"minecraft:note_block":1,"born_in_chaos_v1:pileof_dark_metal":1,"minecraft:white_dye":2,"tombstone:grave_dust":3,"minecraft:pointed_dripstone":7,"minecraft:diorite":16,"minecraft:carrot":190,"minecraft:blue_carpet":7,"minecraft:dark_oak_planks":6,"minecraft:arrow":1,"minecraft:diamond_chestplate":1,"minecraft:rotten_flesh":73,"biomesoplenty:jacaranda_log":7,"minecraft:beetroot_seeds":4,"minecraft:music_disc_ward":1,"minecraft:polished_basalt":1,"minecraft:iron_block":25,"minecraft:cyan_terracotta":1,"tombstone:essence_of_undeath":1,"minecraft:gold_ingot":36,"minecraft:white_terracotta":1,"minecraft:mutton":4,"minecraft:iron_bars":3,"minecraft:white_wool":4,"minecraft:cobblestone":443,"born_in_chaos_v1:corpse_maggot":6,"minecraft:birch_log":10,"farmersdelight:rich_soil":9,"born_in_chaos_v1:monster_flesh":1,"minecraft:lilac":1,"minecraft:golden_carrot":5,"minecraft:water_bucket":3,"minecraft:magenta_banner":1,"minecraft:andesite":7,"minecraft:birch_planks":5,"minecraft:red_mushroom":6,"minecraft:potato":63,"minecraft:flint":67,"minecraft:tuff":1,"minecraft:oak_log":33,"jeg:scrap":20,"minecraft:gunpowder":7,"minecraft:lapis_lazuli":2,"minecraft:dirt":274,"minecraft:lantern":7,"alexscaves:galena":2,"simplefarming:grape_seeds":1,"born_in_chaos_v1:monster_skin":1,"minecraft:bone":7,"minecraft:stone_bricks":12,"minecraft:wheat_seeds":93,"minecraft:iron_ingot":28,"minecraft:stone_pickaxe":1,"minecraft:glass_bottle":1,"minecraft:oak_planks":12,"jeg:tech_trash":4,"simplefarming:quinoa_seeds":6,"minecraft:book":84,"born_in_chaos_v1:ethereal_spirit":3,"simplefarming:blueberries":1,"minecraft:dripstone_block":2,"minecraft:white_bed":5,"simplyswords:iron_greathammer":3,"minecraft:spider_eye":1,"minecraft:mossy_cobblestone":3,"minecraft:bundle":2,"minecraft:slime_ball":29,"minecraft:polished_diorite":1,"minecraft:stone_axe":1,"minecraft:light_blue_carpet":6,"minecraft:granite":13,"alexsmobs:maggot":2,"minecraft:chorus_fruit":2,"minecraft:coal":78,"minecraft:ender_pearl":3},"minecraft:dropped":{"minecraft:water_bucket":3,"minecraft:bread":1,"minecraft:birch_planks":2,"minecraft:iron_sword":2,"minecraft:ender_pearl":1,"minecraft:iron_helmet":1,"simplefarming:turnip_seeds":8,"minecraft:cobblestone":26,"minecraft:knowledge_book":16,"minecraft:granite":13,"minecraft:cracked_stone_bricks":1,"minecraft:copper_ingot":8,"minecraft:flint":18,"minecraft:coal":14,"minecraft:iron_block":25,"born_in_chaos_v1:monster_flesh":1,"minecraft:redstone_lamp":2,"minecraft:dirt":6,"minecraft:diorite":1,"minecraft:golden_carrot":5,"born_in_chaos_v1:monster_skin":1,"minecraft:torch":66,"tombstone:grave_key":8,"tombstone:grave_dust":1,"minecraft:potion":2,"minecraft:iron_leggings":1,"minecraft:music_disc_ward":1,"minecraft:iron_pickaxe":2,"minecraft:smooth_stone":7,"minecraft:dark_oak_planks":5,"minecraft:string":11,"minecraft:blue_carpet":3,"minecraft:bone":1,"minecraft:polished_deepslate":12,"minecraft:note_block":1,"minecraft:magenta_banner":1,"minecraft:stone_axe":1,"minecraft:iron_nugget":4,"minecraft:cobbled_deepslate":4,"minecraft:tuff":1,"minecraft:birch_sapling":3,"minecraft:raw_iron":13,"minecraft:pointed_dripstone":3,"minecraft:rotten_flesh":82,"minecraft:white_bed":1,"minecraft:carrot":19,"minecraft:shield":2,"minecraft:spruce_planks":1,"minecraft:bundle":2,"minecraft:andesite":1,"minecraft:iron_chestplate":1,"born_in_chaos_v1:corpse_maggot":5,"minecraft:beetroot_seeds":4,"minecraft:quartz_stairs":1,"minecraft:music_disc_mall":1,"minecraft:light_blue_carpet":3,"minecraft:waxed_oxidized_cut_copper":1,"minecraft:spider_eye":1,"minecraft:stone_bricks":7,"minecraft:slime_ball":29,"minecraft:iron_bars":3,"minecraft:stone_pickaxe":3,"simplefarming:quinoa_seeds":6,"simplyswords:iron_greathammer":2,"simplefarming:sorghum_seeds":10},"minecraft:mined":{"minecraft:dark_oak_planks":1,"minecraft:blue_carpet":3,"minecraft:tuff":4,"minecraft:spruce_planks":3,"farmersdelight:rich_soil":9,"minecraft:white_bed":5,"minecraft:farmland":2,"minecraft:mossy_cobblestone":4,"minecraft:light_blue_carpet":3,"minecraft:stone_brick_wall":1,"biomesoplenty:bush":19,"minecraft:grass_block":32,"minecraft:deepslate_tile_stairs":1,"minecraft:red_mushroom":1,"alexscaves:galena":1,"minecraft:nether_wart":30,"farmersdelight:red_mushroom_colony":1,"minecraft:spawner":12,"minecraft:smooth_stone":3,"biomesoplenty:jacaranda_log":7,"minecraft:carrots":55,"minecraft:iron_ore":58,"minecraft:andesite":6,"minecraft:polished_deepslate":13,"minecraft:bookshelf":26,"minecraft:pointed_dripstone":2,"minecraft:potatoes":15,"minecraft:stone":435,"simplefarming:fruit_log":1,"jeg:scrap_ore":12,"minecraft:cyan_terracotta":1,"minecraft:crafting_table":2,"minecraft:torch":13,"minecraft:cobblestone":4,"minecraft:oak_planks":8,"minecraft:diorite":25,"minecraft:wall_torch":7,"minecraft:birch_planks":1,"minecraft:birch_log":8,"minecraft:wheat":36,"minecraft:lilac":1,"minecraft:stone_brick_stairs":1,"minecraft:grass":5,"minecraft:oak_log":35,"minecraft:coal_ore":64,"minecraft:gravel":4,"minecraft:beetroots":1,"minecraft:zombie_head":1,"minecraft:dripstone_block":2,"minecraft:dirt":232,"minecraft:cobweb":54,"minecraft:cracked_stone_bricks":3,"minecraft:polished_andesite":2,"minecraft:stone_bricks":19,"minecraft:deepslate":73,"minecraft:oak_leaves":24}},"DataVersion":3465}