{"stats":{"minecraft:picked_up":{"born_in_chaos_v1:corpse_maggot":2,"minecraft:crafting_table":1,"minecraft:cooked_beef":1,"minecraft:oak_log":2,"minecraft:dirt":2,"minecraft:item_frame":2,"minecraft:zombie_head":1,"minecraft:bone":1,"minecraft:apple":1,"minecraft:iron_ingot":3,"minecraft:stick":1,"minecraft:raw_iron":15,"minecraft:rotten_flesh":3,"biomesoplenty:jacaranda_log":8,"minecraft:pumpkin_pie":1,"minecraft:iron_block":2,"alexsmobs:maggot":2,"minecraft:coal":1,"minecraft:cobblestone":41},"minecraft:dropped":{"minecraft:iron_ingot":5,"minecraft:iron_sword":1,"minecraft:stone_axe":1,"alexsmobs:maggot":2,"minecraft:iron_nugget":1,"minecraft:stone_sword":1,"minecraft:raw_iron":3,"tombstone:gift":2,"minecraft:rotten_flesh":9,"minecraft:cobblestone":5,"minecraft:knowledge_book":4,"jeg:scrap":27,"minecraft:copper_ingot":1,"minecraft:shears":1,"minecraft:coal":4,"minecraft:shield":1,"minecraft:gunpowder":2,"tombstone:magic_scroll":1,"minecraft:torch":16,"tombstone:grave_key":1,"minecraft:iron_chestplate":1,"born_in_chaos_v1:corpse_maggot":2,"tombstone:grave_dust":2,"minecraft:arrow":5,"minecraft:iron_pickaxe":1,"minecraft:white_wool":2,"jeg:tech_trash":1,"minecraft:bone":3},"minecraft:custom":{"minecraft:interact_with_furnace":16,"minecraft:mob_kills":6,"minecraft:interact_with_crafting_table":9,"minecraft:open_barrel":2,"minecraft:leave_game":1,"minecraft:time_since_death":21440,"minecraft:sleep_in_bed":9,"minecraft:climb_one_cm":1638,"minecraft:time_since_rest":10173,"minecraft:sprint_one_cm":143669,"minecraft:damage_taken":2206,"minecraft:walk_one_cm":68326,"minecraft:drop":35,"minecraft:damage_dealt":523,"minecraft:talked_to_villager":1,"minecraft:fly_one_cm":158340,"minecraft:open_chest":22,"minecraft:crouch_one_cm":16648,"minecraft:play_time":54900,"tombstone:undead_killed":1,"minecraft:deaths":5,"minecraft:sneak_time":5221,"minecraft:walk_under_water_one_cm":452,"tombstone:tomb_raiding":1,"minecraft:jump":1015,"minecraft:total_world_time":54900,"minecraft:walk_on_water_one_cm":5014,"minecraft:interact_with_smoker":1,"minecraft:fall_one_cm":34388},"minecraft:used":{"minecraft:knowledge_book":1,"minecraft:water_bucket":7,"minecraft:stone_pickaxe":57,"minecraft:dirt":2,"minecraft:crafting_table":1,"minecraft:cod":2,"biomesoplenty:jacaranda_planks":33,"minecraft:apple":6,"minecraft:bread":4,"minecraft:stone_axe":3,"minecraft:cobblestone":11,"minecraft:bucket":8,"tombstone:gift":2,"minecraft:cooked_beef":1},"minecraft:killed_by":{"minecraft:skeleton":2},"minecraft:crafted":{"minecraft:oak_planks":8,"biomesoplenty:jacaranda_planks":32,"minecraft:crafting_table":1,"minecraft:bucket":1,"minecraft:stone_axe":1,"minecraft:air":0,"minecraft:iron_boots":1,"minecraft:iron_chestplate":1,"minecraft:stick":8,"minecraft:iron_ingot":34,"minecraft:stone_pickaxe":1,"minecraft:iron_leggings":1},"minecraft:killed":{"minecraft:creeper":1,"born_in_chaos_v1:maggot":2,"alexsmobs:fly":1,"undead_revamp2:sucker":1},"minecraft:mined":{"minecraft:crafting_table":1,"minecraft:cobblestone":1,"biomesoplenty:jacaranda_log":4,"minecraft:iron_ore":14,"minecraft:grass":1,"minecraft:oak_log":2,"minecraft:coal_ore":1,"minecraft:zombie_head":1,"minecraft:stone":33,"minecraft:iron_block":2,"minecraft:oak_leaves":2}},"DataVersion":3465}