{"stats":{"minecraft:crafted":{"minecraft:oak_planks":220,"quark:birch_chest":1,"quark:deepslate_furnace":1,"minecraft:iron_boots":2,"minecraft:iron_door":3,"sophisticatedbackpacks:backpack":1,"biomesoplenty:jacaranda_planks":112,"minecraft:crafting_table":11,"minecraft:wooden_pickaxe":3,"minecraft:iron_helmet":1,"minecraft:birch_planks":16,"minecraft:iron_chestplate":2,"minecraft:shield":9,"sophisticatedbackpacks:diamond_backpack":1,"minecraft:stick":92,"quark:oak_chest":2,"minecraft:iron_ingot":31,"minecraft:iron_pickaxe":5,"minecraft:stone_sword":1,"minecraft:gold_ingot":9,"minecraft:shears":1,"minecraft:golden_carrot":64,"simplyswords:iron_twinblade":2,"minecraft:furnace":1,"minecraft:iron_axe":2,"minecraft:stone_pickaxe":2,"sophisticatedbackpacks:iron_backpack":1,"minecraft:cooked_beef":8,"sophisticatedbackpacks:gold_backpack":1,"minecraft:bucket":3,"minecraft:stone_axe":1,"minecraft:air":0,"minecraft:gold_nugget":576,"minecraft:iron_leggings":2,"minecraft:white_bed":1,"minecraft:torch":144},"minecraft:broken":{"minecraft:iron_leggings":1,"minecraft:stone_pickaxe":1,"minecraft:iron_sword":2,"minecraft:shield":7,"minecraft:iron_pickaxe":2,"minecraft:iron_helmet":1},"minecraft:killed_by":{"born_in_chaos_v1:corpse_fly":1,"minecraft:zombie":25,"minecraft:skeleton":1},"minecraft:used":{"minecraft:polished_deepslate":3,"minecraft:chest":1,"minecraft:shield":235,"minecraft:iron_sword":566,"minecraft:rotten_flesh":8,"minecraft:green_terracotta":100,"minecraft:carrot":141,"minecraft:tuff":7,"born_in_chaos_v1:smoked_flesh":2,"minecraft:lava_bucket":16,"minecraft:quartz_pillar":1,"quark:deepslate_furnace":1,"minecraft:stone_bricks":42,"biomesoplenty:jacaranda_sapling":1,"minecraft:furnace":2,"minecraft:gold_block":1,"minecraft:potato":8,"minecraft:diorite":1,"minecraft:stone_pickaxe":180,"minecraft:oak_planks":140,"minecraft:polished_diorite_slab":12,"minecraft:ender_pearl":1,"minecraft:wooden_pickaxe":36,"minecraft:white_wool":2,"minecraft:golden_apple":1,"biomesoplenty:jacaranda_planks":72,"simplefarming:radish_seeds":1,"minecraft:bread":4,"tombstone:grave_key":13,"minecraft:gravel":1,"minecraft:soul_lantern":1,"minecraft:coal_block":2,"minecraft:andesite":5,"minecraft:stone_sword":23,"born_in_chaos_v1:ethereal_spirit":1,"minecraft:spruce_planks":324,"born_in_chaos_v1:black_argillite":1,"minecraft:torch":151,"minecraft:dirt":38,"minecraft:polished_diorite":14,"minecraft:stone_brick_slab":1,"alexsmobs:maggot":4,"minecraft:iron_axe":224,"minecraft:smooth_sandstone":2,"minecraft:iron_boots":3,"minecraft:golden_carrot":16,"tombstone:gift":12,"minecraft:cooked_beef":8,"minecraft:cobbled_deepslate":123,"minecraft:iron_leggings":1,"minecraft:knowledge_book":357,"minecraft:wheat_seeds":30,"minecraft:water_bucket":27,"minecraft:polished_andesite":14,"minecraft:smooth_sandstone_slab":1,"minecraft:cracked_stone_bricks":2,"simplyswords:gold_greathammer":15,"minecraft:mossy_cobblestone":1,"minecraft:oak_slab":1,"minecraft:crafting_table":23,"simplyswords:iron_twinblade":253,"minecraft:white_bed":5,"tombstone:tablet_of_home":1,"minecraft:oak_log":2,"minecraft:apple":9,"minecraft:iron_pickaxe":780,"tombstone:magic_scroll":2,"minecraft:stone_axe":68,"minecraft:cobblestone":35,"minecraft:potion":3,"minecraft:andesite_stairs":1,"minecraft:bucket":45,"quark:oak_chest":2,"alexsmobs:animal_dictionary":3},"minecraft:killed":{"zombie_more:cursed_zombie":4,"minecraft:cave_spider":1,"zombie_more:tank_zombie":1,"born_in_chaos_v1:restless_spirit":1,"minecraft:spider":7,"undead_revamp2:theswarmer":2,"minecraft:skeleton":12,"minecraft:bee":1,"minecraft:skeleton_horse":5,"zombie_more:boomer_zombie":2,"minecraft:creeper":1,"minecraft:sheep":1,"minecraft:zombie":65,"born_in_chaos_v1:corpse_fly":1,"alexsmobs:fly":1,"minecraft:cow":4,"alexsmobs:raccoon":6,"born_in_chaos_v1:zombie_bruiser":1,"born_in_chaos_v1:maggot":47,"alexsmobs:bison":1,"zombie_more:crawler_zombie":5,"born_in_chaos_v1:swarmer":1,"undead_revamp2:the_moonflower":3,"minecraft:bat":1,"born_in_chaos_v1:decrepit_skeleton":4,"born_in_chaos_v1:dark_vortex":2},"minecraft:custom":{"minecraft:interact_with_crafting_table":65,"minecraft:open_barrel":211,"minecraft:leave_game":2,"minecraft:time_since_death":10972,"minecraft:damage_resisted":47,"minecraft:sprint_one_cm":1121322,"minecraft:damage_blocked_by_shield":22118,"minecraft:drop":383,"minecraft:play_noteblock":1,"minecraft:play_time":472450,"minecraft:deaths":85,"minecraft:jump":6616,"minecraft:walk_on_water_one_cm":209457,"minecraft:interact_with_furnace":31,"minecraft:sleep_in_bed":5,"tombstone:sneak_grave":2,"minecraft:damage_dealt":32356,"minecraft:crouch_one_cm":136056,"tombstone:undead_killed":105,"minecraft:interact_with_smoker":1,"minecraft:horse_one_cm":165154,"minecraft:interact_with_anvil":2,"minecraft:mob_kills":212,"minecraft:damage_dealt_resisted":170,"minecraft:climb_one_cm":231450,"minecraft:walk_one_cm":768952,"minecraft:damage_dealt_absorbed":120,"minecraft:sneak_time":55392,"minecraft:walk_under_water_one_cm":71904,"minecraft:total_world_time":472450,"minecraft:tune_noteblock":2,"minecraft:time_since_rest":10553,"minecraft:damage_taken":32145,"minecraft:damage_absorbed":55,"minecraft:swim_one_cm":275112,"minecraft:fly_one_cm":1715698,"minecraft:open_chest":183,"minecraft:fall_one_cm":332546},"minecraft:picked_up":{"minecraft:iron_chestplate":1,"minecraft:wheat":31,"minecraft:anvil":1,"tombstone:tablet_of_home":2,"minecraft:enchanted_book":2,"minecraft:potion":10,"minecraft:knowledge_book":2,"minecraft:stone_brick_stairs":2,"tombstone:grave_key":4,"born_in_chaos_v1:black_argillite":3,"minecraft:polished_deepslate":6,"minecraft:string":52,"zombie_more:acid_drool":1,"minecraft:iron_leggings":2,"minecraft:armor_stand":9,"biomesoplenty:tall_lavender":3,"minecraft:oak_sign":1,"minecraft:smooth_stone":5,"minecraft:cobbled_deepslate":220,"minecraft:bucket":2,"minecraft:spruce_planks":133,"minecraft:redstone_torch":1,"minecraft:smooth_quartz":8,"minecraft:iron_pickaxe":2,"alexsmobs:raccoon_tail":2,"minecraft:coal_block":15,"minecraft:iron_boots":4,"minecraft:furnace":3,"minecraft:golden_helmet":6,"minecraft:stick":26,"minecraft:torch":28,"tombstone:grave_dust":28,"minecraft:diorite":2,"minecraft:deepslate_tile_stairs":1,"tombstone:tablet_of_cupidity":2,"minecraft:green_terracotta":122,"quark:ancient_tome":3,"minecraft:stone_sword":1,"minecraft:rotten_flesh":528,"minecraft:vex_armor_trim_smithing_template":1,"minecraft:polished_basalt":1,"minecraft:blaze_rod":2,"minecraft:iron_bars":14,"undead_revamp2:arapholia":2,"minecraft:cobblestone":65,"biomesoplenty:lavender":3,"minecraft:birch_log":4,"minecraft:magma_block":1,"minecraft:polished_diorite_slab":73,"minecraft:lilac":1,"minecraft:andesite":10,"minecraft:golden_leggings":9,"minecraft:potato":20,"alexsmobs:bison_fur":1,"alexscaves:cave_book":1,"minecraft:tuff":13,"born_in_chaos_v1:black_argillite_button":1,"minecraft:dirt":40,"minecraft:name_tag":2,"born_in_chaos_v1:monster_skin":3,"minecraft:bone":37,"minecraft:wheat_seeds":153,"minecraft:raw_gold":6,"minecraft:oak_planks":27,"simplefarming:radish_seeds":2,"minecraft:barrel":4,"minecraft:mossy_cobblestone":6,"simplyswords:iron_twinblade":1,"minecraft:bundle":3,"minecraft:polished_andesite":38,"born_in_chaos_v1:fire_dust":4,"minecraft:diamond":17,"minecraft:soul_lantern":1,"minecraft:lever":1,"minecraft:bread":2,"minecraft:emerald":20,"alexsmobs:maggot":6,"minecraft:music_disc_5":2,"minecraft:charcoal":83,"minecraft:waxed_oxidized_cut_copper":1,"minecraft:crafting_table":13,"minecraft:allium":1,"minecraft:wooden_pickaxe":2,"minecraft:gold_block":2,"biomesoplenty:jacaranda_sapling":1,"minecraft:moss_carpet":1,"minecraft:iron_axe":2,"minecraft:flint_and_steel":4,"minecraft:quartz_slab":2,"minecraft:cracked_stone_bricks":4,"minecraft:beef":16,"minecraft:andesite_stairs":1,"minecraft:iron_nugget":33,"minecraft:chest":3,"simplefarming:barley_seeds":1,"minecraft:piston":11,"minecraft:phantom_membrane":4,"minecraft:raw_iron":113,"minecraft:copper_ingot":23,"simplyswords:gold_greathammer":2,"minecraft:spruce_fence":1,"minecraft:quartz_pillar":2,"minecraft:carrot":549,"minecraft:prismarine_crystals":3,"minecraft:smooth_sandstone_slab":5,"minecraft:arrow":38,"minecraft:diamond_chestplate":1,"biomesoplenty:jacaranda_log":42,"minecraft:beetroot_seeds":10,"simplefarming:strawberries":6,"tombstone:essence_of_undeath":2,"minecraft:gold_ingot":32,"minecraft:mutton":2,"minecraft:skeleton_skull":1,"minecraft:white_wool":15,"quark:music_disc_wind":1,"born_in_chaos_v1:corpse_maggot":14,"minecraft:clock":1,"minecraft:golden_carrot":32,"born_in_chaos_v1:monster_flesh":1,"minecraft:glow_ink_sac":1,"minecraft:leather":12,"minecraft:birch_planks":4,"minecraft:oak_log":57,"biomesoplenty:jacaranda_planks":98,"minecraft:gunpowder":84,"tombstone:voodoo_poppet":1,"minecraft:smooth_sandstone":2,"minecraft:apple":2,"minecraft:stone_bricks":68,"minecraft:iron_ingot":408,"minecraft:stone_pickaxe":2,"minecraft:cobweb":9,"minecraft:glass_bottle":1,"quark:music_disc_chatter":1,"minecraft:polished_andesite_slab":11,"alexsmobs:music_disc_daze":1,"minecraft:iron_sword":5,"minecraft:oak_slab":1,"minecraft:polished_andesite_stairs":1,"quark:white_shard":27,"minecraft:stone_brick_slab":2,"born_in_chaos_v1:ethereal_spirit":4,"minecraft:gravel":4,"born_in_chaos_v1:dark_rod":10,"minecraft:white_bed":5,"minecraft:spider_eye":6,"minecraft:music_disc_mall":1,"minecraft:slime_ball":24,"minecraft:polished_diorite":28,"minecraft:iron_helmet":2,"tombstone:magic_scroll":6,"minecraft:coal":68,"minecraft:ender_pearl":8},"minecraft:mined":{"minecraft:spruce_planks":54,"minecraft:white_bed":5,"minecraft:andesite_stairs":2,"minecraft:orange_stained_glass":4,"minecraft:cave_vines_plant":1,"minecraft:grass_block":16,"minecraft:stone_brick_wall":2,"minecraft:polished_diorite":44,"minecraft:spawner":21,"minecraft:smooth_stone":19,"minecraft:magma_block":1,"biomesoplenty:tall_lavender":2,"minecraft:barrel":7,"minecraft:iron_ore":79,"born_in_chaos_v1:black_argillite_brick_slab":4,"minecraft:cobbled_deepslate":36,"biomesoplenty:lavender":3,"minecraft:moss_carpet":1,"minecraft:anvil":1,"biomesoplenty:hanging_cobweb":2,"minecraft:cave_vines":1,"minecraft:quartz_slab":2,"minecraft:iron_bars":5,"biomesoplenty:webbing":1,"minecraft:deepslate_brick_stairs":1,"horror_element_mod:spiked_body":1,"biomesoplenty:jacaranda_leaves":2,"biomesoplenty:jacaranda_planks":18,"minecraft:torch":6,"minecraft:chest":2,"minecraft:polished_diorite_slab":112,"minecraft:cobblestone":7,"minecraft:oak_planks":35,"minecraft:wall_torch":3,"minecraft:smooth_sandstone_slab":12,"minecraft:birch_log":4,"minecraft:wheat":42,"minecraft:lilac":2,"minecraft:smooth_stone_slab":2,"minecraft:stone_brick_stairs":5,"minecraft:grass":47,"minecraft:oak_log":68,"minecraft:beetroots":3,"minecraft:dirt":33,"minecraft:smooth_quartz":8,"minecraft:tripwire_hook":1,"minecraft:netherrack":2,"minecraft:piston":17,"minecraft:oak_leaves":23,"minecraft:deepslate":161,"minecraft:tuff":13,"minecraft:quartz_stairs":1,"minecraft:mossy_cobblestone":7,"minecraft:deepslate_diamond_ore":6,"minecraft:sea_lantern":1,"biomesoplenty:bush":9,"minecraft:allium":1,"minecraft:spruce_fence":1,"born_in_chaos_v1:black_argillite":2,"minecraft:white_stained_glass":3,"minecraft:polished_andesite_slab":5,"biomesoplenty:jacaranda_log":35,"minecraft:waxed_oxidized_cut_copper":1,"minecraft:furnace":2,"minecraft:carrots":37,"minecraft:polished_basalt":1,"minecraft:andesite":10,"minecraft:green_terracotta":105,"minecraft:gold_block":2,"minecraft:polished_deepslate":9,"minecraft:potatoes":7,"minecraft:deepslate_iron_ore":8,"biomesoplenty:spider_egg":2,"minecraft:stone":68,"minecraft:white_wool":2,"minecraft:oak_slab":3,"minecraft:stone_brick_slab":2,"minecraft:crafting_table":14,"minecraft:andesite_wall":2,"minecraft:tall_grass":4,"born_in_chaos_v1:chipped_black_argillite_brick":5,"minecraft:deepslate_gold_ore":6,"minecraft:diorite":6,"horror_element_mod:human_remains":1,"minecraft:quartz_pillar":4,"minecraft:coal_ore":23,"minecraft:gravel":2,"biomesoplenty:stringy_cobweb":3,"minecraft:cracked_stone_bricks":18,"minecraft:stone_bricks":66,"minecraft:polished_andesite":34,"minecraft:iron_trapdoor":1,"minecraft:fern":1},"minecraft:dropped":{"minecraft:iron_sword":3,"minecraft:piston":5,"minecraft:birch_planks":8,"minecraft:glass_bottle":4,"minecraft:crafting_table":1,"alexsmobs:music_disc_daze":1,"simplefarming:radish_seeds":1,"minecraft:leather":5,"minecraft:iron_horse_armor":1,"minecraft:quartz_pillar":1,"alexsmobs:bison_fur":1,"minecraft:deepslate_tile_stairs":1,"minecraft:dirt":1,"born_in_chaos_v1:monster_skin":3,"minecraft:phantom_membrane":4,"minecraft:iron_pickaxe":2,"alexsmobs:raccoon_tail":1,"minecraft:white_wool":9,"minecraft:gold_ingot":3,"minecraft:armor_stand":9,"minecraft:bone":11,"quark:ancient_tome":1,"minecraft:gravel":2,"simplyswords:gold_greathammer":2,"minecraft:lever":1,"alexsmobs:animal_dictionary":1,"minecraft:iron_nugget":23,"minecraft:polished_andesite_slab":6,"born_in_chaos_v1:fire_dust":2,"minecraft:cobbled_deepslate":51,"quark:music_disc_chatter":1,"simplyswords:iron_twinblade":1,"minecraft:wheat":8,"undead_revamp2:arapholia":1,"born_in_chaos_v1:ethereal_spirit":1,"minecraft:music_disc_5":2,"minecraft:rotten_flesh":543,"simplyswords:gold_twinblade":1,"minecraft:carrot":129,"alexscaves:cave_book":1,"minecraft:gunpowder":71,"minecraft:skeleton_skull":3,"minecraft:charcoal":28,"zombie_more:acid_drool":1,"minecraft:beetroot_seeds":6,"born_in_chaos_v1:corpse_maggot":11,"minecraft:chest":1,"simplefarming:strawberries":6,"minecraft:iron_bars":9,"minecraft:arrow":2,"simplefarming:barley_seeds":1,"minecraft:stone_brick_stairs":1,"biomesoplenty:tall_lavender":2,"born_in_chaos_v1:dark_rod":6,"minecraft:bread":2,"minecraft:iron_ingot":149,"minecraft:wheat_seeds":75,"minecraft:golden_helmet":7,"minecraft:clock":1,"minecraft:lilac":1,"minecraft:mossy_cobblestone":4,"tombstone:tablet_of_home":1,"minecraft:cobblestone":2,"biomesoplenty:lavender":3,"minecraft:book":3,"minecraft:knowledge_book":1,"minecraft:iron_helmet":2,"minecraft:apple":2,"minecraft:copper_ingot":27,"biomesoplenty:jacaranda_planks":85,"minecraft:coal":28,"minecraft:stick":38,"minecraft:coal_block":17,"minecraft:polished_andesite":21,"born_in_chaos_v1:black_argillite":1,"minecraft:diorite":2,"minecraft:golden_carrot":32,"tombstone:magic_scroll":2,"minecraft:torch":1,"tombstone:grave_key":11,"quark:music_disc_wind":1,"minecraft:smooth_quartz":8,"minecraft:iron_leggings":1,"tombstone:grave_dust":20,"minecraft:potion":11,"minecraft:smooth_sandstone_slab":1,"minecraft:polished_andesite_stairs":1,"minecraft:iron_axe":1,"minecraft:smooth_stone":5,"minecraft:string":45,"minecraft:polished_diorite":16,"minecraft:furnace":1,"minecraft:moss_carpet":1,"alexsmobs:maggot":2,"minecraft:green_terracotta":17,"minecraft:polished_diorite_slab":40,"minecraft:stone_sword":1,"minecraft:blaze_rod":1,"minecraft:tuff":2,"minecraft:raw_iron":32,"minecraft:iron_boots":3,"quark:white_shard":24,"minecraft:spruce_fence":1,"minecraft:flint_and_steel":4,"minecraft:potato":11,"minecraft:allium":1,"minecraft:bundle":1,"minecraft:spruce_planks":58,"minecraft:iron_chestplate":2,"minecraft:andesite":5,"minecraft:golden_leggings":10,"minecraft:waxed_oxidized_cut_copper":1,"minecraft:redstone_torch":1,"minecraft:stone_bricks":22,"minecraft:barrel":4,"minecraft:spider_eye":6,"minecraft:slime_ball":46,"minecraft:stone_pickaxe":2,"minecraft:wooden_pickaxe":3,"tombstone:tablet_of_cupidity":1,"minecraft:quartz_slab":2}},"DataVersion":3465}