{"stats":{"minecraft:crafted":{"minecraft:oak_planks":8,"quark:birch_chest":1,"simplyswords:iron_twinblade":2,"minecraft:furnace":1,"quark:deepslate_furnace":1,"minecraft:iron_boots":1,"minecraft:iron_axe":1,"minecraft:stone_pickaxe":1,"minecraft:cooked_beef":8,"sophisticatedbackpacks:backpack":1,"biomesoplenty:jacaranda_planks":112,"minecraft:crafting_table":3,"minecraft:wooden_pickaxe":2,"minecraft:birch_planks":16,"minecraft:bucket":1,"minecraft:stone_axe":1,"minecraft:air":0,"minecraft:iron_chestplate":1,"minecraft:shield":2,"minecraft:stick":68,"quark:oak_chest":1,"minecraft:iron_ingot":31,"minecraft:iron_pickaxe":2,"minecraft:stone_sword":1,"minecraft:gold_ingot":9,"minecraft:iron_leggings":1,"minecraft:torch":80},"minecraft:killed_by":{"minecraft:skeleton":1,"minecraft:zombie":5},"minecraft:broken":{"minecraft:stone_pickaxe":1,"minecraft:shield":1},"minecraft:used":{"minecraft:stone_sword":23,"born_in_chaos_v1:ethereal_spirit":1,"minecraft:shield":53,"minecraft:rotten_flesh":7,"minecraft:torch":59,"minecraft:dirt":12,"minecraft:carrot":31,"born_in_chaos_v1:smoked_flesh":2,"alexsmobs:maggot":4,"minecraft:lava_bucket":16,"quark:deepslate_furnace":1,"minecraft:iron_axe":46,"minecraft:iron_boots":1,"minecraft:stone_bricks":1,"biomesoplenty:jacaranda_sapling":1,"minecraft:furnace":2,"tombstone:gift":8,"minecraft:cooked_beef":8,"minecraft:potato":8,"minecraft:cobbled_deepslate":89,"minecraft:iron_leggings":1,"minecraft:knowledge_book":286,"minecraft:wheat_seeds":30,"minecraft:water_bucket":18,"minecraft:stone_pickaxe":134,"minecraft:wooden_pickaxe":32,"minecraft:cracked_stone_bricks":1,"minecraft:white_wool":2,"minecraft:crafting_table":8,"simplyswords:iron_twinblade":189,"minecraft:white_bed":4,"biomesoplenty:jacaranda_planks":25,"simplefarming:radish_seeds":1,"minecraft:apple":7,"minecraft:bread":1,"minecraft:iron_pickaxe":173,"minecraft:gravel":1,"minecraft:soul_lantern":1,"minecraft:stone_axe":68,"minecraft:cobblestone":17,"minecraft:andesite":1,"minecraft:bucket":35,"quark:oak_chest":1,"alexsmobs:animal_dictionary":3},"minecraft:killed":{"zombie_more:cursed_zombie":1,"minecraft:cave_spider":1,"born_in_chaos_v1:restless_spirit":1,"alexsmobs:raccoon":5,"minecraft:spider":1,"undead_revamp2:theswarmer":1,"minecraft:skeleton":3,"alexsmobs:bison":1,"undead_revamp2:the_moonflower":2,"minecraft:creeper":1,"born_in_chaos_v1:decrepit_skeleton":2,"minecraft:sheep":1,"minecraft:zombie":12,"born_in_chaos_v1:corpse_fly":1,"born_in_chaos_v1:dark_vortex":1,"alexsmobs:fly":1,"minecraft:cow":4},"minecraft:custom":{"minecraft:mob_kills":44,"minecraft:interact_with_crafting_table":29,"minecraft:open_barrel":14,"minecraft:leave_game":1,"minecraft:time_since_death":5361,"minecraft:climb_one_cm":4027,"minecraft:damage_resisted":47,"minecraft:sprint_one_cm":486399,"minecraft:walk_one_cm":337798,"minecraft:damage_blocked_by_shield":4493,"minecraft:drop":64,"minecraft:play_time":207923,"minecraft:deaths":44,"minecraft:sneak_time":13989,"minecraft:walk_under_water_one_cm":22375,"minecraft:jump":3214,"minecraft:walk_on_water_one_cm":63840,"minecraft:total_world_time":207923,"minecraft:interact_with_furnace":29,"minecraft:sleep_in_bed":5,"minecraft:time_since_rest":5018,"minecraft:damage_taken":16100,"tombstone:sneak_grave":1,"minecraft:damage_dealt":7564,"minecraft:fly_one_cm":990645,"minecraft:swim_one_cm":70422,"minecraft:open_chest":53,"minecraft:crouch_one_cm":31222,"tombstone:undead_killed":21,"minecraft:fall_one_cm":147711},"minecraft:picked_up":{"minecraft:waxed_oxidized_cut_copper":1,"minecraft:crafting_table":5,"minecraft:allium":1,"minecraft:wheat":30,"minecraft:gold_block":1,"biomesoplenty:jacaranda_sapling":1,"minecraft:string":2,"minecraft:moss_carpet":1,"minecraft:armor_stand":9,"biomesoplenty:tall_lavender":1,"minecraft:oak_sign":1,"minecraft:cracked_stone_bricks":3,"minecraft:cobbled_deepslate":113,"minecraft:beef":16,"minecraft:redstone_torch":1,"minecraft:smooth_quartz":1,"alexsmobs:raccoon_tail":2,"minecraft:coal_block":2,"minecraft:furnace":3,"minecraft:golden_helmet":6,"minecraft:raw_iron":70,"minecraft:torch":5,"tombstone:grave_dust":6,"minecraft:diorite":1,"minecraft:carrot":29,"minecraft:deepslate_tile_stairs":1,"minecraft:prismarine_crystals":3,"minecraft:arrow":5,"minecraft:rotten_flesh":22,"biomesoplenty:jacaranda_log":42,"minecraft:beetroot_seeds":4,"simplefarming:strawberries":3,"minecraft:blaze_rod":2,"minecraft:birch_log":4,"minecraft:mutton":2,"undead_revamp2:arapholia":1,"minecraft:white_wool":6,"minecraft:cobblestone":45,"biomesoplenty:lavender":1,"born_in_chaos_v1:corpse_maggot":3,"minecraft:clock":1,"minecraft:lilac":1,"born_in_chaos_v1:monster_flesh":1,"minecraft:glow_ink_sac":1,"minecraft:andesite":1,"minecraft:leather":12,"minecraft:golden_leggings":8,"minecraft:birch_planks":4,"minecraft:potato":12,"alexsmobs:bison_fur":1,"minecraft:tuff":1,"minecraft:oak_log":2,"biomesoplenty:jacaranda_planks":90,"minecraft:gunpowder":3,"minecraft:dirt":38,"born_in_chaos_v1:monster_skin":3,"minecraft:bone":14,"minecraft:stone_bricks":3,"minecraft:wheat_seeds":150,"minecraft:raw_gold":6,"minecraft:iron_ingot":29,"minecraft:stone_pickaxe":2,"minecraft:oak_planks":22,"simplefarming:radish_seeds":2,"born_in_chaos_v1:ethereal_spirit":4,"minecraft:gravel":1,"born_in_chaos_v1:dark_rod":6,"minecraft:white_bed":5,"minecraft:spider_eye":1,"minecraft:mossy_cobblestone":1,"minecraft:polished_andesite":1,"minecraft:slime_ball":1,"born_in_chaos_v1:fire_dust":2,"minecraft:diamond":1,"minecraft:soul_lantern":1,"alexsmobs:maggot":6,"minecraft:coal":35,"minecraft:ender_pearl":1},"minecraft:dropped":{"minecraft:birch_planks":8,"minecraft:wheat_seeds":73,"minecraft:golden_helmet":4,"minecraft:lilac":1,"biomesoplenty:lavender":1,"simplefarming:radish_seeds":1,"biomesoplenty:jacaranda_planks":82,"alexsmobs:bison_fur":1,"minecraft:coal_block":2,"born_in_chaos_v1:monster_skin":2,"minecraft:torch":1,"tombstone:grave_key":3,"alexsmobs:raccoon_tail":1,"minecraft:white_wool":2,"minecraft:armor_stand":6,"minecraft:bone":1,"minecraft:moss_carpet":1,"alexsmobs:maggot":2,"minecraft:iron_nugget":2,"minecraft:blaze_rod":1,"alexsmobs:animal_dictionary":1,"born_in_chaos_v1:ethereal_spirit":1,"minecraft:rotten_flesh":2,"minecraft:carrot":1,"minecraft:potato":3,"minecraft:gunpowder":2,"minecraft:allium":1,"minecraft:golden_leggings":6,"minecraft:spider_eye":1,"minecraft:arrow":2,"minecraft:wooden_pickaxe":1,"minecraft:stone_pickaxe":2,"born_in_chaos_v1:dark_rod":2},"minecraft:mined":{"minecraft:tuff":1,"minecraft:white_bed":5,"minecraft:mossy_cobblestone":1,"minecraft:deepslate_diamond_ore":2,"minecraft:sea_lantern":1,"biomesoplenty:bush":9,"minecraft:allium":1,"minecraft:grass_block":15,"minecraft:spawner":5,"biomesoplenty:jacaranda_log":35,"minecraft:waxed_oxidized_cut_copper":1,"minecraft:furnace":2,"minecraft:carrots":13,"minecraft:iron_ore":71,"minecraft:cobbled_deepslate":31,"biomesoplenty:lavender":1,"minecraft:andesite":1,"minecraft:moss_carpet":1,"minecraft:gold_block":1,"biomesoplenty:hanging_cobweb":2,"minecraft:potatoes":7,"minecraft:deepslate_iron_ore":5,"biomesoplenty:webbing":1,"biomesoplenty:spider_egg":2,"minecraft:stone":45,"minecraft:white_wool":2,"horror_element_mod:spiked_body":1,"biomesoplenty:jacaranda_leaves":2,"biomesoplenty:jacaranda_planks":8,"minecraft:crafting_table":6,"minecraft:torch":5,"minecraft:cobblestone":5,"minecraft:tall_grass":3,"born_in_chaos_v1:chipped_black_argillite_brick":1,"minecraft:deepslate_gold_ore":6,"minecraft:oak_planks":28,"minecraft:diorite":1,"minecraft:birch_log":4,"minecraft:wheat":42,"minecraft:lilac":2,"minecraft:grass":36,"minecraft:oak_log":14,"minecraft:coal_ore":23,"minecraft:beetroots":3,"minecraft:smooth_quartz":1,"minecraft:gravel":1,"minecraft:dirt":26,"biomesoplenty:stringy_cobweb":3,"minecraft:cracked_stone_bricks":3,"minecraft:polished_andesite":2,"minecraft:stone_bricks":3,"minecraft:netherrack":2,"minecraft:oak_leaves":5,"minecraft:deepslate":114,"minecraft:fern":1}},"DataVersion":3465}