{"stats":{"minecraft:crafted":{"minecraft:oak_planks":352,"quark:birch_chest":1,"minecraft:blaze_powder":2,"quark:deepslate_furnace":1,"minecraft:bow":1,"minecraft:iron_boots":2,"minecraft:iron_door":3,"minecraft:ender_eye":1,"minecraft:golden_axe":1,"sophisticatedbackpacks:backpack":1,"biomesoplenty:jacaranda_planks":112,"minecraft:diamond_axe":1,"minecraft:crafting_table":17,"minecraft:wooden_pickaxe":3,"minecraft:iron_helmet":1,"minecraft:birch_planks":16,"minecraft:iron_chestplate":2,"minecraft:diamond_pickaxe":1,"minecraft:shield":17,"sophisticatedbackpacks:diamond_backpack":2,"minecraft:stick":292,"quark:oak_chest":4,"minecraft:iron_ingot":31,"minecraft:iron_pickaxe":5,"minecraft:stone_sword":1,"minecraft:gold_ingot":27,"minecraft:shears":1,"minecraft:golden_carrot":101,"minecraft:wooden_sword":1,"minecraft:oak_door":3,"minecraft:coal":18,"simplyswords:iron_twinblade":2,"minecraft:furnace":1,"minecraft:iron_axe":2,"minecraft:stone_pickaxe":2,"quark:spruce_chest":2,"sophisticatedbackpacks:iron_backpack":1,"minecraft:cooked_beef":8,"minecraft:diamond_sword":1,"sophisticatedbackpacks:gold_backpack":2,"minecraft:bucket":3,"minecraft:stone_axe":1,"minecraft:jungle_planks":4,"minecraft:air":0,"minecraft:gold_nugget":851,"minecraft:iron_leggings":3,"minecraft:white_bed":1,"minecraft:torch":768},"minecraft:killed_by":{"born_in_chaos_v1:corpse_fly":1,"minecraft:zombie":43,"minecraft:skeleton":1},"minecraft:broken":{"minecraft:diamond_helmet":1,"minecraft:iron_boots":2,"minecraft:iron_leggings":3,"minecraft:stone_pickaxe":1,"minecraft:iron_sword":2,"minecraft:diamond_chestplate":1,"minecraft:shield":16,"minecraft:golden_axe":1,"minecraft:iron_pickaxe":3,"minecraft:iron_helmet":1},"minecraft:used":{"minecraft:polished_deepslate":3,"minecraft:chest":1,"minecraft:shield":410,"minecraft:iron_sword":1178,"minecraft:rotten_flesh":10,"minecraft:green_terracotta":100,"minecraft:carrot":324,"minecraft:tuff":7,"born_in_chaos_v1:corpse_maggot":1,"born_in_chaos_v1:smoked_flesh":2,"minecraft:lava_bucket":16,"minecraft:quartz_pillar":1,"quark:deepslate_furnace":1,"minecraft:stone_bricks":44,"minecraft:stone_brick_stairs":2,"biomesoplenty:jacaranda_sapling":1,"minecraft:magma_block":1,"minecraft:furnace":2,"minecraft:gold_block":1,"minecraft:potato":8,"minecraft:diorite":1,"minecraft:diamond_boots":1,"minecraft:stone_pickaxe":180,"minecraft:oak_planks":265,"minecraft:polished_diorite_slab":12,"minecraft:ender_pearl":1,"minecraft:wooden_pickaxe":36,"minecraft:diamond_axe":15,"minecraft:white_wool":2,"minecraft:golden_apple":2,"biomesoplenty:jacaranda_planks":72,"simplefarming:radish_seeds":1,"minecraft:bread":4,"tombstone:grave_key":17,"minecraft:gravel":1,"minecraft:soul_lantern":1,"minecraft:coal_block":2,"minecraft:andesite":5,"minecraft:stone_sword":23,"born_in_chaos_v1:ethereal_spirit":1,"undead_revamp2:blacpetalblock":1,"minecraft:spruce_planks":872,"born_in_chaos_v1:black_argillite":1,"minecraft:oak_door":1,"minecraft:torch":817,"minecraft:dirt":38,"minecraft:anvil":1,"minecraft:diamond_helmet":1,"minecraft:polished_diorite":14,"farmersdelight:rope":11,"minecraft:stone_brick_slab":1,"alexsmobs:maggot":4,"simplyswords:diamond_scythe":61,"quark:spruce_chest":2,"minecraft:iron_axe":249,"minecraft:smooth_sandstone":2,"minecraft:iron_boots":3,"minecraft:diamond_chestplate":1,"minecraft:golden_carrot":35,"tombstone:gift":12,"minecraft:cooked_beef":8,"minecraft:cobbled_deepslate":124,"minecraft:observer":2,"minecraft:iron_leggings":1,"minecraft:golden_axe":33,"minecraft:knowledge_book":433,"minecraft:wheat_seeds":30,"minecraft:water_bucket":110,"minecraft:polished_andesite":14,"minecraft:smooth_sandstone_slab":1,"minecraft:cauldron":3,"minecraft:cracked_stone_bricks":3,"simplyswords:gold_greathammer":15,"minecraft:mossy_cobblestone":1,"minecraft:oak_slab":1,"minecraft:crafting_table":34,"simplyswords:iron_twinblade":253,"minecraft:white_bed":5,"tombstone:tablet_of_home":1,"tombstone:bag_of_seeds":2,"minecraft:oak_log":3,"minecraft:diamond_pickaxe":242,"minecraft:apple":9,"minecraft:iron_pickaxe":898,"tombstone:magic_scroll":2,"minecraft:stone_axe":68,"minecraft:cobblestone":41,"minecraft:potion":3,"minecraft:bucket":129,"minecraft:andesite_stairs":1,"quark:oak_chest":4,"alexsmobs:animal_dictionary":3,"minecraft:smooth_stone":1,"minecraft:dandelion":2,"minecraft:diamond_leggings":1},"minecraft:killed":{"zombie_more:cursed_zombie":8,"minecraft:cave_spider":2,"zombie_more:tank_zombie":5,"born_in_chaos_v1:restless_spirit":1,"minecraft:spider":12,"undead_revamp2:theswarmer":2,"minecraft:skeleton":26,"minecraft:bee":1,"minecraft:skeleton_horse":5,"zombie_more:boomer_zombie":3,"born_in_chaos_v1:diamond_termite":8,"minecraft:creeper":1,"minecraft:sheep":1,"minecraft:zombie":198,"born_in_chaos_v1:corpse_fly":4,"alexsmobs:fly":1,"minecraft:cow":4,"undead_revamp2:thehunter":1,"alexsmobs:raccoon":6,"undead_revamp2:bomber":2,"born_in_chaos_v1:zombie_bruiser":1,"born_in_chaos_v1:maggot":85,"minecraft:drowned":5,"alexsmobs:bison":1,"born_in_chaos_v1:corpse_fish":3,"born_in_chaos_v1:barrel_zombie":2,"zombie_more:crawler_zombie":11,"born_in_chaos_v1:swarmer":1,"undead_revamp2:the_moonflower":4,"minecraft:bat":1,"born_in_chaos_v1:decrepit_skeleton":4,"born_in_chaos_v1:bloody_gadfly":2,"born_in_chaos_v1:dark_vortex":2},"minecraft:custom":{"minecraft:interact_with_crafting_table":112,"minecraft:open_barrel":437,"minecraft:leave_game":5,"minecraft:time_since_death":129,"minecraft:damage_resisted":47,"minecraft:sprint_one_cm":1625360,"minecraft:damage_blocked_by_shield":42368,"minecraft:drop":467,"minecraft:play_noteblock":1,"minecraft:talked_to_villager":25,"minecraft:play_time":692164,"minecraft:deaths":118,"minecraft:jump":9791,"minecraft:walk_on_water_one_cm":409780,"minecraft:interact_with_furnace":31,"minecraft:sleep_in_bed":6,"tombstone:sneak_grave":2,"minecraft:damage_dealt":77434,"minecraft:crouch_one_cm":177661,"tombstone:undead_killed":278,"minecraft:interact_with_smoker":1,"minecraft:horse_one_cm":165154,"minecraft:interact_with_anvil":17,"minecraft:mob_kills":448,"minecraft:damage_dealt_resisted":390,"minecraft:climb_one_cm":269216,"minecraft:walk_one_cm":1173383,"minecraft:damage_dealt_absorbed":120,"minecraft:sneak_time":71264,"minecraft:walk_under_water_one_cm":136425,"minecraft:total_world_time":692164,"minecraft:tune_noteblock":9,"minecraft:time_since_rest":53,"minecraft:damage_taken":47528,"minecraft:damage_absorbed":57,"minecraft:swim_one_cm":322520,"minecraft:fly_one_cm":2306540,"minecraft:open_chest":345,"minecraft:fall_one_cm":420617},"minecraft:picked_up":{"minecraft:iron_chestplate":1,"minecraft:wheat":31,"minecraft:anvil":1,"minecraft:iron_trapdoor":1,"minecraft:creeper_head":1,"simplefarming:turnip_seeds":1,"tombstone:tablet_of_home":2,"quark:music_disc_drips":1,"minecraft:enchanted_book":2,"minecraft:potion":12,"born_in_chaos_v1:bloody_gadfly_eye":1,"minecraft:knowledge_book":3,"minecraft:stone_brick_stairs":4,"tombstone:grave_key":4,"born_in_chaos_v1:black_argillite":3,"minecraft:polished_deepslate":7,"minecraft:string":65,"minecraft:iron_leggings":2,"zombie_more:acid_drool":2,"minecraft:armor_stand":9,"biomesoplenty:tall_lavender":3,"minecraft:sticky_piston":1,"minecraft:oak_sign":1,"minecraft:gold_nugget":28,"minecraft:smooth_stone":8,"minecraft:cobbled_deepslate":232,"minecraft:bucket":2,"minecraft:spruce_planks":202,"minecraft:redstone_torch":1,"minecraft:calcite":7,"minecraft:smooth_quartz":8,"minecraft:iron_pickaxe":3,"alexsmobs:raccoon_tail":2,"minecraft:coal_block":15,"minecraft:iron_boots":4,"minecraft:furnace":3,"minecraft:golden_helmet":6,"minecraft:stick":48,"minecraft:torch":112,"tombstone:grave_dust":40,"minecraft:pointed_dripstone":4,"minecraft:diorite":13,"minecraft:deepslate_tile_stairs":1,"tombstone:tablet_of_cupidity":2,"minecraft:green_terracotta":122,"minecraft:cauldron":3,"quark:ancient_tome":3,"minecraft:stone_sword":1,"minecraft:rotten_flesh":751,"minecraft:vex_armor_trim_smithing_template":1,"minecraft:polished_basalt":1,"farmersdelight:rope":1,"minecraft:white_terracotta":2,"minecraft:blaze_rod":2,"minecraft:obsidian":10,"minecraft:iron_bars":17,"undead_revamp2:arapholia":3,"minecraft:cobblestone":189,"biomesoplenty:lavender":3,"minecraft:birch_log":4,"minecraft:magma_block":1,"minecraft:polished_diorite_slab":73,"minecraft:lilac":1,"minecraft:repeater":3,"minecraft:jungle_log":1,"minecraft:andesite":13,"minecraft:golden_leggings":9,"minecraft:potato":20,"alexsmobs:bison_fur":1,"alexscaves:cave_book":1,"minecraft:tuff":17,"born_in_chaos_v1:black_argillite_button":1,"minecraft:lapis_lazuli":2,"minecraft:dirt":67,"minecraft:polished_granite":2,"minecraft:name_tag":2,"born_in_chaos_v1:monster_skin":3,"minecraft:bone":76,"undead_revamp2:blacpetalblock":1,"minecraft:wheat_seeds":153,"minecraft:raw_gold":8,"minecraft:oak_planks":52,"simplefarming:peanut_seeds":1,"simplefarming:radish_seeds":2,"minecraft:barrel":4,"minecraft:mossy_cobblestone":9,"simplyswords:iron_twinblade":1,"minecraft:bundle":5,"minecraft:polished_andesite":41,"born_in_chaos_v1:fire_dust":4,"minecraft:diamond":24,"minecraft:black_concrete":1,"minecraft:soul_lantern":1,"minecraft:lever":2,"minecraft:granite":13,"minecraft:white_concrete":1,"minecraft:emerald":20,"minecraft:bread":3,"alexsmobs:maggot":6,"minecraft:oak_sapling":3,"born_in_chaos_v1:rotten_fish":2,"simplefarming:cassava_seeds":1,"minecraft:music_disc_5":2,"born_in_chaos_v1:diamond_termite_shard":8,"minecraft:charcoal":83,"minecraft:waxed_oxidized_cut_copper":1,"minecraft:crafting_table":20,"minecraft:allium":1,"minecraft:wooden_pickaxe":2,"minecraft:infested_cobblestone":14,"minecraft:gold_block":2,"biomesoplenty:jacaranda_sapling":1,"minecraft:moss_carpet":1,"minecraft:iron_axe":3,"minecraft:flint_and_steel":4,"minecraft:quartz_slab":2,"minecraft:iron_shovel":1,"minecraft:cracked_stone_bricks":6,"minecraft:beef":16,"minecraft:andesite_stairs":1,"minecraft:observer":4,"minecraft:iron_nugget":59,"minecraft:quartz_stairs":2,"minecraft:sugar_cane":1,"minecraft:chest":4,"simplefarming:barley_seeds":1,"minecraft:piston":11,"minecraft:phantom_membrane":7,"minecraft:raw_iron":134,"minecraft:copper_ingot":31,"simplyswords:gold_greathammer":2,"minecraft:spruce_fence":1,"minecraft:quartz_pillar":6,"minecraft:carrot":702,"minecraft:redstone":6,"minecraft:prismarine_crystals":6,"minecraft:dark_oak_planks":3,"minecraft:smooth_sandstone_slab":11,"minecraft:arrow":65,"minecraft:diamond_chestplate":1,"biomesoplenty:jacaranda_log":42,"minecraft:beetroot_seeds":10,"simplefarming:strawberries":6,"minecraft:gold_ingot":47,"tombstone:essence_of_undeath":3,"minecraft:mutton":2,"quark:music_disc_wind":1,"minecraft:skeleton_skull":1,"minecraft:white_wool":15,"born_in_chaos_v1:corpse_maggot":32,"minecraft:clock":1,"minecraft:golden_carrot":32,"born_in_chaos_v1:monster_flesh":1,"minecraft:glow_ink_sac":4,"minecraft:leather":12,"minecraft:birch_planks":4,"minecraft:oak_log":91,"biomesoplenty:jacaranda_planks":98,"minecraft:gunpowder":113,"tombstone:voodoo_poppet":1,"simplefarming:broccoli_seeds":1,"minecraft:smooth_sandstone":2,"minecraft:apple":2,"minecraft:stone_bricks":78,"minecraft:iron_ingot":428,"minecraft:stone_pickaxe":2,"minecraft:cobweb":9,"tombstone:bag_of_seeds":2,"minecraft:glass_bottle":1,"quark:music_disc_chatter":1,"minecraft:polished_andesite_slab":11,"minecraft:iron_sword":5,"alexsmobs:music_disc_daze":1,"minecraft:oak_slab":1,"minecraft:polished_andesite_stairs":1,"minecraft:smooth_basalt":5,"quark:white_shard":37,"minecraft:stone_brick_slab":2,"born_in_chaos_v1:ethereal_spirit":4,"minecraft:dandelion":2,"minecraft:dripstone_block":9,"minecraft:gravel":4,"born_in_chaos_v1:dark_rod":10,"minecraft:white_bed":5,"minecraft:spider_eye":9,"minecraft:music_disc_mall":1,"minecraft:slime_ball":25,"minecraft:polished_diorite":28,"minecraft:iron_helmet":2,"tombstone:magic_scroll":10,"minecraft:coal":68,"minecraft:ender_pearl":15},"minecraft:dropped":{"minecraft:piston":5,"minecraft:iron_sword":3,"minecraft:birch_planks":8,"minecraft:lapis_lazuli":2,"minecraft:diamond":1,"minecraft:glass_bottle":4,"minecraft:crafting_table":2,"alexsmobs:music_disc_daze":1,"simplefarming:radish_seeds":1,"minecraft:leather":5,"minecraft:iron_horse_armor":2,"minecraft:cracked_stone_bricks":1,"minecraft:quartz_pillar":1,"alexsmobs:bison_fur":1,"minecraft:flint":1,"minecraft:deepslate_tile_stairs":1,"born_in_chaos_v1:monster_flesh":4,"minecraft:dirt":1,"tombstone:bag_of_seeds":1,"born_in_chaos_v1:monster_skin":3,"minecraft:phantom_membrane":5,"minecraft:iron_pickaxe":3,"alexsmobs:raccoon_tail":1,"minecraft:white_wool":9,"minecraft:gold_ingot":14,"minecraft:armor_stand":9,"quark:ancient_tome":1,"minecraft:bone":26,"minecraft:oak_door":2,"minecraft:gravel":2,"simplyswords:gold_greathammer":2,"quark:music_disc_chatter":1,"minecraft:lever":2,"alexsmobs:animal_dictionary":1,"minecraft:iron_nugget":37,"minecraft:polished_andesite_slab":6,"born_in_chaos_v1:fire_dust":2,"minecraft:cobbled_deepslate":51,"simplyswords:iron_twinblade":1,"minecraft:wheat":8,"undead_revamp2:arapholia":1,"minecraft:pointed_dripstone":4,"born_in_chaos_v1:ethereal_spirit":1,"minecraft:music_disc_5":2,"minecraft:rotten_flesh":662,"minecraft:oak_planks":3,"simplyswords:gold_twinblade":1,"simplefarming:cassava_seeds":1,"minecraft:carrot":161,"alexscaves:cave_book":1,"minecraft:gunpowder":84,"minecraft:skeleton_skull":3,"minecraft:charcoal":28,"minecraft:chest":3,"zombie_more:acid_drool":2,"minecraft:beetroot_seeds":6,"born_in_chaos_v1:corpse_maggot":22,"born_in_chaos_v1:diamond_termite_shard":8,"simplefarming:strawberries":6,"minecraft:iron_bars":10,"minecraft:arrow":6,"simplefarming:barley_seeds":1,"biomesoplenty:tall_lavender":2,"minecraft:stone_brick_stairs":1,"minecraft:infested_cobblestone":14,"minecraft:polished_granite":1,"born_in_chaos_v1:dark_rod":6,"minecraft:bread":3,"minecraft:iron_ingot":149,"minecraft:wheat_seeds":75,"minecraft:golden_helmet":7,"minecraft:clock":1,"minecraft:lilac":1,"minecraft:mossy_cobblestone":5,"tombstone:tablet_of_home":1,"simplefarming:turnip_seeds":1,"minecraft:book":3,"biomesoplenty:lavender":3,"minecraft:knowledge_book":3,"minecraft:cobblestone":2,"minecraft:iron_helmet":2,"minecraft:observer":2,"minecraft:apple":2,"minecraft:copper_ingot":27,"biomesoplenty:jacaranda_planks":85,"minecraft:coal":28,"minecraft:stick":38,"minecraft:coal_block":17,"minecraft:polished_andesite":21,"simplefarming:broccoli_seeds":1,"minecraft:black_candle":2,"born_in_chaos_v1:black_argillite":1,"minecraft:diorite":2,"minecraft:golden_carrot":32,"tombstone:magic_scroll":2,"minecraft:torch":62,"minecraft:repeater":1,"tombstone:grave_key":11,"quark:music_disc_wind":1,"minecraft:smooth_quartz":8,"minecraft:iron_leggings":2,"tombstone:grave_dust":21,"minecraft:potion":12,"minecraft:smooth_sandstone_slab":1,"minecraft:polished_andesite_stairs":1,"minecraft:iron_axe":2,"minecraft:smooth_stone":5,"minecraft:iron_shovel":1,"minecraft:string":48,"minecraft:polished_diorite":16,"minecraft:furnace":1,"minecraft:moss_carpet":1,"alexsmobs:maggot":2,"minecraft:green_terracotta":17,"minecraft:polished_diorite_slab":40,"minecraft:stone_sword":1,"minecraft:blaze_rod":1,"minecraft:tuff":2,"minecraft:raw_iron":40,"born_in_chaos_v1:black_argillite_button":1,"minecraft:iron_boots":3,"quark:white_shard":29,"minecraft:white_terracotta":1,"minecraft:spruce_fence":1,"minecraft:flint_and_steel":4,"minecraft:potato":11,"mowziesmobs:music_disc_petiole":2,"minecraft:allium":1,"minecraft:bundle":1,"minecraft:spruce_planks":67,"minecraft:iron_chestplate":2,"minecraft:andesite":6,"minecraft:golden_leggings":10,"minecraft:waxed_oxidized_cut_copper":1,"minecraft:redstone_torch":1,"minecraft:stone_bricks":24,"minecraft:barrel":4,"minecraft:spider_eye":7,"minecraft:slime_ball":47,"minecraft:stone_pickaxe":2,"minecraft:wooden_pickaxe":3,"minecraft:raw_gold":1,"tombstone:tablet_of_cupidity":1,"minecraft:quartz_slab":2},"minecraft:mined":{"minecraft:dark_oak_planks":3,"minecraft:spruce_planks":63,"minecraft:white_bed":5,"minecraft:andesite_stairs":2,"minecraft:orange_stained_glass":4,"minecraft:obsidian":10,"minecraft:granite":13,"minecraft:cave_vines_plant":1,"minecraft:stone_brick_wall":5,"minecraft:grass_block":16,"minecraft:jungle_log":1,"minecraft:white_concrete":1,"minecraft:polished_diorite":44,"minecraft:spawner":81,"minecraft:smooth_stone":22,"minecraft:magma_block":1,"biomesoplenty:tall_lavender":2,"minecraft:cobbled_deepslate":36,"born_in_chaos_v1:black_argillite_brick_slab":4,"minecraft:iron_ore":79,"minecraft:sticky_piston":1,"minecraft:barrel":7,"biomesoplenty:lavender":3,"minecraft:moss_carpet":1,"minecraft:anvil":1,"biomesoplenty:hanging_cobweb":2,"minecraft:cave_vines":1,"minecraft:quartz_slab":2,"minecraft:iron_bars":9,"biomesoplenty:webbing":1,"minecraft:deepslate_brick_stairs":1,"minecraft:polished_granite_stairs":1,"horror_element_mod:spiked_body":1,"minecraft:piston_head":1,"biomesoplenty:jacaranda_leaves":2,"minecraft:cyan_terracotta":1,"biomesoplenty:jacaranda_planks":18,"minecraft:torch":9,"minecraft:calcite":7,"minecraft:chest":2,"minecraft:polished_diorite_slab":112,"minecraft:cobblestone":8,"minecraft:oak_planks":40,"minecraft:smooth_sandstone_slab":19,"minecraft:wall_torch":4,"minecraft:cauldron":7,"minecraft:white_terracotta":1,"minecraft:birch_log":4,"minecraft:wheat":42,"minecraft:lilac":2,"minecraft:smooth_stone_slab":2,"minecraft:stone_brick_stairs":9,"minecraft:grass":73,"minecraft:oak_log":107,"minecraft:beetroots":3,"minecraft:smooth_quartz":8,"minecraft:dirt":33,"minecraft:smooth_basalt":5,"minecraft:tripwire_hook":1,"minecraft:netherrack":2,"minecraft:piston":17,"minecraft:oak_leaves":29,"minecraft:deepslate":175,"minecraft:tuff":16,"minecraft:quartz_stairs":3,"minecraft:mossy_cobblestone":8,"minecraft:deepslate_diamond_ore":6,"minecraft:sea_lantern":2,"born_in_chaos_v1:infected_diamond_ore":4,"biomesoplenty:bush":9,"minecraft:allium":1,"minecraft:spruce_fence":1,"born_in_chaos_v1:black_argillite":2,"minecraft:white_stained_glass":5,"minecraft:polished_andesite_slab":7,"biomesoplenty:jacaranda_log":35,"minecraft:waxed_oxidized_cut_copper":2,"minecraft:furnace":2,"minecraft:carrots":38,"minecraft:polished_basalt":1,"minecraft:andesite":14,"minecraft:green_terracotta":105,"minecraft:gold_block":2,"minecraft:polished_deepslate":9,"minecraft:potatoes":7,"minecraft:deepslate_iron_ore":8,"farmersdelight:rope":1,"biomesoplenty:spider_egg":2,"minecraft:stone":192,"minecraft:white_wool":2,"minecraft:oak_slab":3,"minecraft:stone_brick_slab":2,"minecraft:observer":2,"minecraft:crafting_table":21,"minecraft:andesite_wall":2,"minecraft:tall_grass":5,"born_in_chaos_v1:chipped_black_argillite_brick":5,"minecraft:deepslate_gold_ore":6,"minecraft:diorite":17,"horror_element_mod:human_remains":1,"minecraft:quartz_pillar":8,"minecraft:coal_ore":23,"minecraft:dripstone_block":9,"minecraft:gravel":2,"minecraft:yellow_concrete":4,"biomesoplenty:stringy_cobweb":3,"minecraft:cracked_stone_bricks":20,"minecraft:polished_andesite":45,"minecraft:stone_bricks":82,"minecraft:iron_trapdoor":3,"minecraft:fern":1}},"DataVersion":3465}