{"stats":{"minecraft:crafted":{"minecraft:oak_planks":44,"quark:birch_chest":1,"simplyswords:iron_twinblade":2,"minecraft:furnace":1,"quark:deepslate_furnace":1,"minecraft:iron_boots":2,"minecraft:iron_axe":1,"minecraft:stone_pickaxe":1,"minecraft:iron_door":3,"minecraft:cooked_beef":8,"sophisticatedbackpacks:backpack":1,"biomesoplenty:jacaranda_planks":112,"minecraft:crafting_table":5,"minecraft:wooden_pickaxe":2,"minecraft:iron_helmet":1,"minecraft:birch_planks":16,"minecraft:bucket":1,"minecraft:stone_axe":1,"minecraft:air":0,"minecraft:iron_chestplate":2,"minecraft:shield":3,"minecraft:stick":76,"quark:oak_chest":1,"minecraft:iron_ingot":31,"minecraft:iron_pickaxe":3,"minecraft:stone_sword":1,"minecraft:gold_ingot":9,"minecraft:iron_leggings":2,"minecraft:torch":80},"minecraft:killed_by":{"minecraft:skeleton":1,"minecraft:zombie":9},"minecraft:broken":{"minecraft:stone_pickaxe":1,"minecraft:shield":1,"minecraft:iron_pickaxe":1},"minecraft:used":{"minecraft:stone_sword":23,"minecraft:polished_deepslate":3,"born_in_chaos_v1:ethereal_spirit":1,"minecraft:spruce_planks":63,"minecraft:shield":61,"born_in_chaos_v1:black_argillite":1,"minecraft:iron_sword":135,"minecraft:green_terracotta":26,"minecraft:rotten_flesh":7,"minecraft:torch":79,"minecraft:dirt":38,"minecraft:carrot":47,"minecraft:polished_diorite":6,"born_in_chaos_v1:smoked_flesh":2,"alexsmobs:maggot":4,"minecraft:lava_bucket":16,"quark:deepslate_furnace":1,"minecraft:iron_axe":95,"minecraft:iron_boots":1,"minecraft:stone_bricks":23,"biomesoplenty:jacaranda_sapling":1,"minecraft:furnace":2,"tombstone:gift":8,"minecraft:cooked_beef":8,"minecraft:potato":8,"minecraft:cobbled_deepslate":92,"minecraft:iron_leggings":1,"minecraft:knowledge_book":292,"minecraft:wheat_seeds":30,"minecraft:water_bucket":18,"minecraft:polished_andesite":14,"minecraft:stone_pickaxe":134,"minecraft:oak_planks":26,"minecraft:smooth_sandstone_slab":1,"minecraft:polished_diorite_slab":7,"minecraft:ender_pearl":1,"minecraft:wooden_pickaxe":32,"minecraft:cracked_stone_bricks":1,"minecraft:white_wool":2,"minecraft:mossy_cobblestone":1,"simplyswords:gold_greathammer":2,"minecraft:crafting_table":11,"simplyswords:iron_twinblade":253,"minecraft:white_bed":4,"biomesoplenty:jacaranda_planks":72,"simplefarming:radish_seeds":1,"minecraft:apple":9,"minecraft:bread":4,"minecraft:iron_pickaxe":415,"minecraft:potion":3,"minecraft:gravel":1,"minecraft:soul_lantern":1,"minecraft:stone_axe":68,"minecraft:coal_block":2,"minecraft:cobblestone":35,"minecraft:andesite":3,"minecraft:bucket":35,"quark:oak_chest":1,"alexsmobs:animal_dictionary":3},"minecraft:killed":{"zombie_more:cursed_zombie":1,"minecraft:cave_spider":1,"born_in_chaos_v1:restless_spirit":1,"alexsmobs:raccoon":5,"minecraft:spider":1,"born_in_chaos_v1:maggot":10,"undead_revamp2:theswarmer":1,"minecraft:skeleton":3,"alexsmobs:bison":1,"undead_revamp2:the_moonflower":2,"minecraft:creeper":1,"born_in_chaos_v1:decrepit_skeleton":2,"minecraft:sheep":1,"minecraft:zombie":32,"born_in_chaos_v1:corpse_fly":1,"born_in_chaos_v1:dark_vortex":1,"alexsmobs:fly":1,"minecraft:cow":4},"minecraft:custom":{"minecraft:mob_kills":83,"minecraft:interact_with_crafting_table":33,"minecraft:open_barrel":52,"minecraft:damage_dealt_resisted":110,"minecraft:leave_game":1,"minecraft:time_since_death":10910,"minecraft:climb_one_cm":13936,"minecraft:damage_resisted":47,"minecraft:sprint_one_cm":602902,"minecraft:walk_one_cm":438314,"minecraft:damage_blocked_by_shield":5573,"minecraft:drop":132,"minecraft:play_time":279923,"minecraft:deaths":55,"minecraft:sneak_time":29468,"minecraft:walk_under_water_one_cm":51418,"minecraft:jump":3915,"minecraft:walk_on_water_one_cm":115240,"minecraft:total_world_time":279923,"minecraft:interact_with_furnace":29,"minecraft:sleep_in_bed":5,"minecraft:time_since_rest":8511,"minecraft:damage_absorbed":50,"minecraft:damage_taken":20142,"tombstone:sneak_grave":2,"minecraft:damage_dealt":13118,"minecraft:fly_one_cm":1127722,"minecraft:swim_one_cm":212789,"minecraft:open_chest":73,"minecraft:crouch_one_cm":70963,"tombstone:undead_killed":41,"minecraft:fall_one_cm":175151},"minecraft:picked_up":{"minecraft:waxed_oxidized_cut_copper":1,"minecraft:crafting_table":7,"minecraft:allium":1,"minecraft:wheat":30,"minecraft:potion":2,"minecraft:gold_block":2,"biomesoplenty:jacaranda_sapling":1,"born_in_chaos_v1:black_argillite":1,"minecraft:polished_deepslate":6,"minecraft:flint_and_steel":1,"minecraft:string":15,"minecraft:iron_axe":1,"minecraft:moss_carpet":1,"minecraft:armor_stand":9,"biomesoplenty:tall_lavender":1,"minecraft:oak_sign":1,"minecraft:cracked_stone_bricks":3,"minecraft:smooth_stone":3,"minecraft:cobbled_deepslate":120,"minecraft:bucket":2,"minecraft:spruce_planks":8,"minecraft:beef":16,"minecraft:redstone_torch":1,"minecraft:iron_nugget":6,"minecraft:smooth_quartz":6,"alexsmobs:raccoon_tail":2,"minecraft:coal_block":5,"minecraft:piston":3,"minecraft:phantom_membrane":1,"minecraft:furnace":3,"minecraft:golden_helmet":6,"minecraft:raw_iron":81,"minecraft:copper_ingot":4,"minecraft:torch":6,"simplyswords:gold_greathammer":1,"tombstone:grave_dust":6,"minecraft:diorite":1,"minecraft:carrot":81,"minecraft:deepslate_tile_stairs":1,"minecraft:prismarine_crystals":3,"minecraft:green_terracotta":31,"minecraft:smooth_sandstone_slab":1,"minecraft:arrow":5,"minecraft:rotten_flesh":53,"biomesoplenty:jacaranda_log":42,"minecraft:beetroot_seeds":4,"simplefarming:strawberries":3,"minecraft:blaze_rod":2,"minecraft:birch_log":4,"minecraft:mutton":2,"undead_revamp2:arapholia":1,"minecraft:white_wool":6,"minecraft:cobblestone":63,"biomesoplenty:lavender":1,"born_in_chaos_v1:corpse_maggot":5,"minecraft:polished_diorite_slab":23,"minecraft:clock":1,"minecraft:lilac":1,"born_in_chaos_v1:monster_flesh":1,"minecraft:glow_ink_sac":1,"minecraft:andesite":3,"minecraft:leather":12,"minecraft:golden_leggings":8,"minecraft:birch_planks":4,"minecraft:potato":12,"alexsmobs:bison_fur":1,"minecraft:tuff":1,"minecraft:oak_log":11,"biomesoplenty:jacaranda_planks":95,"minecraft:gunpowder":22,"tombstone:voodoo_poppet":1,"minecraft:dirt":39,"minecraft:name_tag":1,"born_in_chaos_v1:monster_skin":3,"minecraft:bone":19,"minecraft:apple":2,"minecraft:stone_bricks":32,"minecraft:wheat_seeds":150,"minecraft:raw_gold":6,"minecraft:iron_ingot":31,"minecraft:stone_pickaxe":2,"minecraft:glass_bottle":1,"minecraft:iron_sword":2,"minecraft:oak_planks":22,"simplefarming:radish_seeds":2,"minecraft:stone_brick_slab":1,"born_in_chaos_v1:ethereal_spirit":4,"minecraft:gravel":1,"born_in_chaos_v1:dark_rod":6,"minecraft:white_bed":5,"minecraft:spider_eye":4,"minecraft:mossy_cobblestone":5,"minecraft:polished_andesite":14,"minecraft:polished_diorite":11,"minecraft:slime_ball":4,"born_in_chaos_v1:fire_dust":2,"minecraft:diamond":7,"minecraft:soul_lantern":1,"minecraft:emerald":12,"alexsmobs:maggot":6,"minecraft:coal":35,"minecraft:ender_pearl":3},"minecraft:mined":{"minecraft:tuff":1,"minecraft:spruce_planks":8,"minecraft:white_bed":5,"minecraft:mossy_cobblestone":5,"minecraft:deepslate_diamond_ore":2,"minecraft:andesite_stairs":1,"minecraft:orange_stained_glass":4,"minecraft:sea_lantern":1,"minecraft:cave_vines_plant":1,"biomesoplenty:bush":9,"minecraft:allium":1,"minecraft:grass_block":16,"born_in_chaos_v1:black_argillite":1,"minecraft:polished_diorite":14,"minecraft:spawner":6,"minecraft:smooth_stone":14,"biomesoplenty:jacaranda_log":35,"minecraft:waxed_oxidized_cut_copper":1,"minecraft:furnace":2,"minecraft:carrots":18,"minecraft:barrel":2,"minecraft:iron_ore":79,"minecraft:cobbled_deepslate":31,"biomesoplenty:lavender":1,"minecraft:green_terracotta":32,"minecraft:andesite":4,"minecraft:moss_carpet":1,"minecraft:gold_block":1,"biomesoplenty:hanging_cobweb":2,"minecraft:polished_deepslate":7,"minecraft:potatoes":7,"minecraft:cave_vines":1,"minecraft:deepslate_iron_ore":8,"biomesoplenty:webbing":1,"biomesoplenty:spider_egg":2,"minecraft:stone":66,"minecraft:white_wool":2,"horror_element_mod:spiked_body":1,"biomesoplenty:jacaranda_leaves":2,"biomesoplenty:jacaranda_planks":15,"minecraft:stone_brick_slab":1,"minecraft:crafting_table":8,"minecraft:torch":6,"minecraft:polished_diorite_slab":33,"minecraft:cobblestone":7,"minecraft:tall_grass":3,"born_in_chaos_v1:chipped_black_argillite_brick":1,"minecraft:deepslate_gold_ore":6,"minecraft:oak_planks":29,"minecraft:wall_torch":1,"minecraft:diorite":5,"minecraft:smooth_sandstone_slab":6,"minecraft:birch_log":4,"minecraft:wheat":42,"minecraft:lilac":2,"minecraft:quartz_pillar":2,"minecraft:stone_brick_stairs":1,"minecraft:grass":36,"minecraft:oak_log":23,"minecraft:coal_ore":23,"minecraft:beetroots":3,"minecraft:smooth_quartz":6,"minecraft:gravel":1,"minecraft:dirt":31,"biomesoplenty:stringy_cobweb":3,"minecraft:cracked_stone_bricks":3,"minecraft:tripwire_hook":1,"minecraft:polished_andesite":18,"minecraft:stone_bricks":32,"minecraft:netherrack":2,"minecraft:iron_trapdoor":1,"minecraft:piston":3,"minecraft:oak_leaves":6,"minecraft:deepslate":126,"minecraft:fern":1},"minecraft:dropped":{"minecraft:iron_ingot":2,"minecraft:iron_sword":2,"minecraft:piston":3,"minecraft:birch_planks":8,"minecraft:wheat_seeds":73,"minecraft:golden_helmet":5,"minecraft:lilac":1,"minecraft:mossy_cobblestone":3,"minecraft:glass_bottle":4,"minecraft:crafting_table":1,"biomesoplenty:lavender":1,"simplefarming:radish_seeds":1,"minecraft:book":3,"minecraft:apple":2,"minecraft:leather":5,"minecraft:copper_ingot":11,"biomesoplenty:jacaranda_planks":82,"minecraft:coal":1,"alexsmobs:bison_fur":1,"minecraft:coal_block":5,"minecraft:polished_andesite":1,"minecraft:dirt":1,"minecraft:diorite":2,"born_in_chaos_v1:monster_skin":3,"minecraft:torch":1,"tombstone:grave_key":4,"minecraft:smooth_quartz":6,"minecraft:potion":1,"minecraft:iron_axe":1,"minecraft:smooth_stone":3,"minecraft:string":8,"simplyswords:gold_greathammer":1,"alexsmobs:raccoon_tail":1,"minecraft:white_wool":2,"minecraft:armor_stand":6,"minecraft:bone":1,"minecraft:polished_diorite":3,"minecraft:furnace":1,"minecraft:moss_carpet":1,"alexsmobs:maggot":2,"minecraft:polished_diorite_slab":8,"minecraft:cobbled_deepslate":4,"minecraft:iron_nugget":14,"minecraft:blaze_rod":1,"alexsmobs:animal_dictionary":1,"minecraft:wheat":7,"born_in_chaos_v1:ethereal_spirit":1,"minecraft:rotten_flesh":53,"minecraft:carrot":1,"minecraft:flint_and_steel":1,"minecraft:potato":3,"minecraft:gunpowder":29,"minecraft:allium":1,"minecraft:spruce_planks":1,"minecraft:redstone_torch":1,"minecraft:slime_ball":3,"minecraft:waxed_oxidized_cut_copper":1,"minecraft:golden_leggings":7,"minecraft:stone_bricks":7,"minecraft:spider_eye":2,"minecraft:arrow":2,"minecraft:wooden_pickaxe":1,"minecraft:stone_pickaxe":2,"born_in_chaos_v1:dark_rod":2}},"DataVersion":3465}