{"stats":{"minecraft:crafted":{"minecraft:oak_planks":8,"simplyswords:iron_twinblade":2,"minecraft:furnace":1,"quark:deepslate_furnace":1,"minecraft:iron_boots":1,"minecraft:iron_axe":1,"minecraft:stone_pickaxe":1,"minecraft:cooked_beef":8,"biomesoplenty:jacaranda_planks":96,"minecraft:crafting_table":2,"minecraft:wooden_pickaxe":2,"minecraft:bucket":1,"minecraft:stone_axe":1,"minecraft:air":0,"minecraft:iron_chestplate":1,"minecraft:shield":1,"minecraft:stick":60,"quark:oak_chest":1,"minecraft:iron_ingot":31,"minecraft:iron_pickaxe":2,"minecraft:stone_sword":1,"minecraft:iron_leggings":1,"minecraft:torch":48},"minecraft:killed_by":{"minecraft:skeleton":1,"minecraft:zombie":4},"minecraft:broken":{"minecraft:stone_pickaxe":1},"minecraft:used":{"minecraft:stone_sword":20,"minecraft:shield":22,"minecraft:rotten_flesh":7,"minecraft:torch":50,"minecraft:dirt":3,"minecraft:carrot":10,"alexsmobs:maggot":4,"minecraft:lava_bucket":16,"quark:deepslate_furnace":1,"minecraft:iron_axe":38,"minecraft:iron_boots":1,"biomesoplenty:jacaranda_sapling":1,"minecraft:furnace":2,"tombstone:gift":6,"minecraft:cooked_beef":5,"minecraft:potato":6,"minecraft:cobbled_deepslate":89,"minecraft:iron_leggings":1,"minecraft:knowledge_book":228,"minecraft:wheat_seeds":29,"minecraft:water_bucket":18,"minecraft:stone_pickaxe":134,"minecraft:wooden_pickaxe":32,"minecraft:crafting_table":4,"simplyswords:iron_twinblade":129,"minecraft:white_bed":1,"biomesoplenty:jacaranda_planks":12,"simplefarming:radish_seeds":1,"minecraft:iron_pickaxe":149,"minecraft:gravel":1,"minecraft:stone_axe":68,"minecraft:cobblestone":17,"minecraft:andesite":1,"minecraft:bucket":35,"quark:oak_chest":1,"alexsmobs:animal_dictionary":3},"minecraft:killed":{"zombie_more:cursed_zombie":1,"minecraft:cave_spider":1,"alexsmobs:raccoon":3,"minecraft:spider":1,"undead_revamp2:theswarmer":1,"minecraft:skeleton":3,"alexsmobs:bison":1,"undead_revamp2:the_moonflower":1,"minecraft:creeper":1,"minecraft:sheep":1,"minecraft:zombie":4,"born_in_chaos_v1:corpse_fly":1,"born_in_chaos_v1:dark_vortex":1,"alexsmobs:fly":1,"minecraft:cow":2},"minecraft:custom":{"minecraft:mob_kills":28,"minecraft:interact_with_crafting_table":22,"minecraft:open_barrel":2,"minecraft:leave_game":1,"minecraft:time_since_death":8741,"minecraft:climb_one_cm":2836,"minecraft:damage_resisted":43,"minecraft:sprint_one_cm":299588,"minecraft:walk_one_cm":236391,"minecraft:damage_blocked_by_shield":1928,"minecraft:drop":23,"minecraft:play_time":147923,"minecraft:deaths":34,"minecraft:sneak_time":11163,"minecraft:walk_under_water_one_cm":15341,"minecraft:jump":2121,"minecraft:walk_on_water_one_cm":29025,"minecraft:total_world_time":147923,"minecraft:interact_with_furnace":29,"minecraft:sleep_in_bed":4,"minecraft:time_since_rest":6929,"minecraft:damage_taken":12500,"minecraft:damage_dealt":4760,"minecraft:fly_one_cm":696938,"minecraft:swim_one_cm":20190,"minecraft:open_chest":27,"minecraft:crouch_one_cm":23202,"tombstone:undead_killed":10,"minecraft:fall_one_cm":100592},"minecraft:picked_up":{"minecraft:crafting_table":3,"minecraft:allium":1,"minecraft:wheat":29,"biomesoplenty:jacaranda_sapling":1,"minecraft:string":1,"minecraft:moss_carpet":1,"biomesoplenty:tall_lavender":1,"minecraft:oak_sign":1,"minecraft:cobbled_deepslate":113,"minecraft:beef":12,"alexsmobs:raccoon_tail":1,"minecraft:furnace":2,"minecraft:raw_iron":65,"minecraft:torch":3,"tombstone:grave_dust":2,"minecraft:carrot":11,"minecraft:arrow":3,"minecraft:rotten_flesh":11,"biomesoplenty:jacaranda_log":38,"minecraft:beetroot_seeds":4,"simplefarming:strawberries":3,"minecraft:mutton":2,"undead_revamp2:arapholia":1,"minecraft:white_wool":1,"minecraft:cobblestone":45,"biomesoplenty:lavender":1,"born_in_chaos_v1:corpse_maggot":3,"minecraft:lilac":1,"born_in_chaos_v1:monster_flesh":1,"minecraft:glow_ink_sac":1,"minecraft:andesite":1,"minecraft:leather":4,"minecraft:potato":9,"alexsmobs:bison_fur":1,"minecraft:tuff":1,"minecraft:oak_log":2,"biomesoplenty:jacaranda_planks":8,"minecraft:gunpowder":1,"minecraft:dirt":20,"born_in_chaos_v1:monster_skin":1,"minecraft:bone":5,"minecraft:stone_bricks":2,"minecraft:wheat_seeds":136,"minecraft:raw_gold":6,"minecraft:iron_ingot":29,"minecraft:stone_pickaxe":2,"minecraft:oak_planks":22,"simplefarming:radish_seeds":2,"born_in_chaos_v1:ethereal_spirit":1,"minecraft:gravel":1,"born_in_chaos_v1:dark_rod":2,"minecraft:white_bed":2,"minecraft:spider_eye":1,"minecraft:slime_ball":1,"minecraft:diamond":1,"alexsmobs:maggot":6,"minecraft:coal":25},"minecraft:dropped":{"minecraft:wheat_seeds":61,"minecraft:lilac":1,"biomesoplenty:lavender":1,"simplefarming:radish_seeds":1,"tombstone:grave_key":3,"minecraft:bone":1,"minecraft:moss_carpet":1,"alexsmobs:maggot":2,"minecraft:iron_nugget":2,"alexsmobs:animal_dictionary":1,"minecraft:rotten_flesh":2,"minecraft:carrot":1,"minecraft:potato":3,"minecraft:allium":1,"minecraft:wooden_pickaxe":1,"minecraft:stone_pickaxe":2},"minecraft:mined":{"minecraft:tuff":1,"minecraft:white_bed":2,"minecraft:deepslate_diamond_ore":2,"biomesoplenty:bush":9,"minecraft:allium":1,"minecraft:grass_block":6,"biomesoplenty:jacaranda_log":35,"minecraft:furnace":2,"minecraft:carrots":9,"minecraft:iron_ore":69,"minecraft:cobbled_deepslate":31,"biomesoplenty:lavender":1,"minecraft:andesite":1,"minecraft:moss_carpet":1,"biomesoplenty:hanging_cobweb":2,"minecraft:potatoes":6,"minecraft:deepslate_iron_ore":2,"biomesoplenty:webbing":1,"biomesoplenty:spider_egg":2,"minecraft:stone":45,"biomesoplenty:jacaranda_leaves":2,"biomesoplenty:jacaranda_planks":8,"minecraft:crafting_table":3,"minecraft:torch":1,"minecraft:cobblestone":5,"minecraft:tall_grass":3,"born_in_chaos_v1:chipped_black_argillite_brick":1,"minecraft:deepslate_gold_ore":6,"minecraft:oak_planks":28,"minecraft:wheat":31,"minecraft:lilac":2,"minecraft:grass":18,"minecraft:oak_log":14,"minecraft:coal_ore":23,"minecraft:beetroots":2,"minecraft:gravel":1,"minecraft:dirt":14,"biomesoplenty:stringy_cobweb":3,"minecraft:stone_bricks":2,"minecraft:oak_leaves":5,"minecraft:deepslate":114,"minecraft:fern":1}},"DataVersion":3465}