{"stats":{"minecraft:picked_up":{"alexsmobs:maggot":4,"biomesoplenty:jacaranda_log":1,"minecraft:wheat_seeds":1},"minecraft:custom":{"minecraft:jump":40,"minecraft:time_since_rest":486,"minecraft:crouch_one_cm":184,"minecraft:sprint_one_cm":2847,"minecraft:deaths":1,"minecraft:damage_taken":435,"minecraft:play_time":7561,"minecraft:time_since_death":987,"minecraft:walk_one_cm":21722,"minecraft:sneak_time":107,"minecraft:total_world_time":7561,"minecraft:damage_resisted":2,"minecraft:mob_kills":2,"minecraft:fall_one_cm":1194,"minecraft:fly_one_cm":3430},"minecraft:mined":{"minecraft:grass":2,"biomesoplenty:jacaranda_log":1},"minecraft:used":{"minecraft:knowledge_book":35,"alexsmobs:animal_dictionary":1}},"DataVersion":3465}