{"stats":{"minecraft:crafted":{"minecraft:oak_planks":52,"quark:birch_chest":1,"quark:deepslate_furnace":1,"minecraft:iron_boots":2,"minecraft:iron_door":3,"sophisticatedbackpacks:backpack":1,"biomesoplenty:jacaranda_planks":112,"minecraft:crafting_table":9,"minecraft:wooden_pickaxe":2,"minecraft:iron_helmet":1,"minecraft:birch_planks":16,"minecraft:iron_chestplate":2,"minecraft:shield":7,"minecraft:stick":76,"quark:oak_chest":1,"minecraft:iron_ingot":31,"minecraft:iron_pickaxe":5,"minecraft:stone_sword":1,"minecraft:gold_ingot":9,"simplyswords:iron_twinblade":2,"minecraft:furnace":1,"minecraft:iron_axe":1,"minecraft:stone_pickaxe":1,"minecraft:cooked_beef":8,"minecraft:bucket":1,"minecraft:stone_axe":1,"minecraft:air":0,"minecraft:iron_leggings":2,"minecraft:torch":144},"minecraft:broken":{"minecraft:iron_leggings":1,"minecraft:stone_pickaxe":1,"minecraft:iron_sword":1,"minecraft:shield":6,"minecraft:iron_pickaxe":2},"minecraft:killed_by":{"born_in_chaos_v1:corpse_fly":1,"minecraft:zombie":20,"minecraft:skeleton":1},"minecraft:used":{"minecraft:polished_deepslate":3,"minecraft:shield":177,"minecraft:iron_sword":390,"minecraft:rotten_flesh":7,"minecraft:green_terracotta":100,"minecraft:carrot":132,"born_in_chaos_v1:smoked_flesh":2,"minecraft:lava_bucket":16,"minecraft:quartz_pillar":1,"quark:deepslate_furnace":1,"minecraft:stone_bricks":39,"biomesoplenty:jacaranda_sapling":1,"minecraft:furnace":2,"minecraft:gold_block":1,"minecraft:potato":8,"minecraft:diorite":1,"minecraft:stone_pickaxe":134,"minecraft:oak_planks":34,"minecraft:polished_diorite_slab":12,"minecraft:ender_pearl":1,"minecraft:wooden_pickaxe":32,"minecraft:white_wool":2,"minecraft:golden_apple":1,"biomesoplenty:jacaranda_planks":72,"simplefarming:radish_seeds":1,"minecraft:bread":4,"tombstone:grave_key":6,"minecraft:gravel":1,"minecraft:soul_lantern":1,"minecraft:coal_block":2,"minecraft:andesite":5,"minecraft:stone_sword":23,"born_in_chaos_v1:ethereal_spirit":1,"minecraft:spruce_planks":324,"born_in_chaos_v1:black_argillite":1,"minecraft:torch":134,"minecraft:dirt":38,"minecraft:polished_diorite":14,"minecraft:stone_brick_slab":1,"alexsmobs:maggot":4,"minecraft:iron_axe":165,"minecraft:smooth_sandstone":2,"minecraft:iron_boots":3,"tombstone:gift":12,"minecraft:cooked_beef":8,"minecraft:cobbled_deepslate":92,"minecraft:iron_leggings":1,"minecraft:knowledge_book":297,"minecraft:wheat_seeds":30,"minecraft:water_bucket":18,"minecraft:polished_andesite":14,"minecraft:smooth_sandstone_slab":1,"minecraft:cracked_stone_bricks":2,"simplyswords:gold_greathammer":15,"minecraft:mossy_cobblestone":1,"minecraft:crafting_table":15,"simplyswords:iron_twinblade":253,"minecraft:white_bed":4,"minecraft:oak_log":2,"minecraft:apple":9,"minecraft:iron_pickaxe":725,"minecraft:stone_axe":68,"minecraft:cobblestone":35,"minecraft:potion":3,"minecraft:andesite_stairs":1,"minecraft:bucket":35,"quark:oak_chest":1,"alexsmobs:animal_dictionary":3},"minecraft:killed":{"zombie_more:cursed_zombie":2,"minecraft:cave_spider":1,"zombie_more:tank_zombie":1,"born_in_chaos_v1:restless_spirit":1,"minecraft:spider":2,"undead_revamp2:theswarmer":1,"minecraft:skeleton":4,"minecraft:creeper":1,"minecraft:sheep":1,"minecraft:zombie":55,"born_in_chaos_v1:corpse_fly":1,"alexsmobs:fly":1,"minecraft:cow":4,"alexsmobs:raccoon":5,"born_in_chaos_v1:zombie_bruiser":1,"born_in_chaos_v1:maggot":45,"alexsmobs:bison":1,"zombie_more:crawler_zombie":5,"born_in_chaos_v1:swarmer":1,"undead_revamp2:the_moonflower":2,"minecraft:bat":1,"born_in_chaos_v1:decrepit_skeleton":3,"born_in_chaos_v1:dark_vortex":2},"minecraft:custom":{"minecraft:interact_with_crafting_table":42,"minecraft:open_barrel":192,"minecraft:leave_game":1,"minecraft:time_since_death":3289,"minecraft:damage_resisted":47,"minecraft:sprint_one_cm":945415,"minecraft:damage_blocked_by_shield":17363,"minecraft:drop":283,"minecraft:play_noteblock":1,"minecraft:play_time":394801,"minecraft:deaths":74,"minecraft:jump":5520,"minecraft:walk_on_water_one_cm":152245,"minecraft:interact_with_furnace":30,"minecraft:sleep_in_bed":5,"tombstone:sneak_grave":2,"minecraft:damage_dealt":23933,"minecraft:crouch_one_cm":124435,"tombstone:undead_killed":75,"minecraft:mob_kills":172,"minecraft:damage_dealt_resisted":150,"minecraft:climb_one_cm":32920,"minecraft:walk_one_cm":653662,"minecraft:sneak_time":50236,"minecraft:walk_under_water_one_cm":60136,"minecraft:total_world_time":394801,"minecraft:tune_noteblock":2,"minecraft:time_since_rest":1971,"minecraft:damage_absorbed":55,"minecraft:damage_taken":27367,"minecraft:swim_one_cm":250435,"minecraft:fly_one_cm":1483974,"minecraft:open_chest":157,"minecraft:fall_one_cm":276256},"minecraft:picked_up":{"minecraft:iron_chestplate":1,"minecraft:wheat":31,"minecraft:potion":10,"born_in_chaos_v1:black_argillite":1,"minecraft:polished_deepslate":6,"minecraft:string":43,"minecraft:iron_leggings":2,"minecraft:armor_stand":9,"biomesoplenty:tall_lavender":1,"minecraft:oak_sign":1,"minecraft:smooth_stone":5,"minecraft:cobbled_deepslate":123,"minecraft:bucket":2,"minecraft:spruce_planks":124,"minecraft:redstone_torch":1,"minecraft:smooth_quartz":6,"minecraft:iron_pickaxe":1,"alexsmobs:raccoon_tail":2,"minecraft:coal_block":15,"minecraft:iron_boots":1,"minecraft:furnace":3,"minecraft:golden_helmet":6,"minecraft:stick":18,"minecraft:torch":7,"tombstone:grave_dust":16,"minecraft:diorite":2,"minecraft:deepslate_tile_stairs":1,"minecraft:green_terracotta":122,"minecraft:stone_sword":1,"minecraft:rotten_flesh":287,"minecraft:blaze_rod":2,"minecraft:iron_bars":1,"undead_revamp2:arapholia":1,"minecraft:cobblestone":63,"biomesoplenty:lavender":1,"minecraft:birch_log":4,"minecraft:polished_diorite_slab":73,"minecraft:lilac":1,"minecraft:andesite":7,"minecraft:golden_leggings":9,"minecraft:potato":20,"alexsmobs:bison_fur":1,"minecraft:tuff":3,"minecraft:dirt":40,"minecraft:name_tag":1,"born_in_chaos_v1:monster_skin":3,"minecraft:bone":25,"minecraft:wheat_seeds":150,"minecraft:raw_gold":6,"minecraft:oak_planks":22,"simplefarming:radish_seeds":2,"minecraft:barrel":4,"minecraft:mossy_cobblestone":5,"simplyswords:iron_twinblade":1,"minecraft:polished_andesite":15,"born_in_chaos_v1:fire_dust":4,"minecraft:diamond":17,"minecraft:soul_lantern":1,"minecraft:lever":1,"minecraft:emerald":12,"alexsmobs:maggot":6,"minecraft:charcoal":83,"minecraft:waxed_oxidized_cut_copper":1,"minecraft:crafting_table":7,"minecraft:allium":1,"minecraft:gold_block":2,"biomesoplenty:jacaranda_sapling":1,"minecraft:moss_carpet":1,"minecraft:iron_axe":1,"minecraft:flint_and_steel":4,"minecraft:cracked_stone_bricks":4,"minecraft:beef":16,"minecraft:andesite_stairs":1,"minecraft:iron_nugget":29,"minecraft:phantom_membrane":1,"minecraft:piston":11,"minecraft:raw_iron":113,"minecraft:copper_ingot":15,"simplyswords:gold_greathammer":2,"minecraft:quartz_pillar":2,"minecraft:carrot":317,"minecraft:prismarine_crystals":3,"minecraft:smooth_sandstone_slab":5,"minecraft:arrow":7,"biomesoplenty:jacaranda_log":42,"minecraft:beetroot_seeds":4,"simplefarming:strawberries":6,"tombstone:essence_of_undeath":1,"minecraft:mutton":2,"minecraft:skeleton_skull":1,"minecraft:white_wool":8,"born_in_chaos_v1:corpse_maggot":13,"minecraft:clock":1,"born_in_chaos_v1:monster_flesh":1,"minecraft:glow_ink_sac":1,"minecraft:leather":12,"minecraft:birch_planks":4,"minecraft:oak_log":15,"biomesoplenty:jacaranda_planks":98,"minecraft:gunpowder":57,"tombstone:voodoo_poppet":1,"minecraft:smooth_sandstone":2,"minecraft:apple":2,"minecraft:stone_bricks":60,"minecraft:iron_ingot":203,"minecraft:stone_pickaxe":2,"minecraft:cobweb":9,"minecraft:glass_bottle":1,"minecraft:iron_sword":2,"minecraft:polished_andesite_stairs":1,"quark:white_shard":6,"minecraft:stone_brick_slab":2,"born_in_chaos_v1:ethereal_spirit":4,"minecraft:gravel":1,"born_in_chaos_v1:dark_rod":10,"minecraft:white_bed":5,"minecraft:spider_eye":5,"minecraft:music_disc_mall":1,"minecraft:slime_ball":24,"minecraft:polished_diorite":28,"minecraft:iron_helmet":2,"tombstone:magic_scroll":2,"minecraft:coal":60,"minecraft:ender_pearl":5},"minecraft:mined":{"minecraft:spruce_planks":52,"minecraft:white_bed":5,"minecraft:andesite_stairs":2,"minecraft:orange_stained_glass":4,"minecraft:cave_vines_plant":1,"minecraft:grass_block":16,"minecraft:polished_diorite":44,"minecraft:spawner":16,"minecraft:smooth_stone":16,"minecraft:iron_ore":79,"minecraft:barrel":7,"minecraft:cobbled_deepslate":33,"biomesoplenty:lavender":1,"minecraft:moss_carpet":1,"biomesoplenty:hanging_cobweb":2,"minecraft:cave_vines":1,"minecraft:iron_bars":4,"biomesoplenty:webbing":1,"minecraft:deepslate_brick_stairs":1,"horror_element_mod:spiked_body":1,"biomesoplenty:jacaranda_leaves":2,"biomesoplenty:jacaranda_planks":18,"minecraft:torch":6,"minecraft:polished_diorite_slab":112,"minecraft:cobblestone":7,"minecraft:oak_planks":30,"minecraft:smooth_sandstone_slab":12,"minecraft:wall_torch":2,"minecraft:birch_log":4,"minecraft:wheat":42,"minecraft:lilac":2,"minecraft:stone_brick_stairs":1,"minecraft:grass":36,"minecraft:oak_log":25,"minecraft:beetroots":3,"minecraft:dirt":33,"minecraft:smooth_quartz":6,"minecraft:tripwire_hook":1,"minecraft:netherrack":2,"minecraft:piston":17,"minecraft:oak_leaves":6,"minecraft:deepslate":133,"minecraft:tuff":3,"minecraft:deepslate_diamond_ore":6,"minecraft:mossy_cobblestone":6,"minecraft:sea_lantern":1,"biomesoplenty:bush":9,"minecraft:allium":1,"born_in_chaos_v1:black_argillite":1,"minecraft:white_stained_glass":3,"minecraft:polished_andesite_slab":3,"biomesoplenty:jacaranda_log":35,"minecraft:waxed_oxidized_cut_copper":1,"minecraft:furnace":2,"minecraft:carrots":37,"minecraft:andesite":9,"minecraft:green_terracotta":103,"minecraft:gold_block":2,"minecraft:polished_deepslate":9,"minecraft:potatoes":7,"minecraft:deepslate_iron_ore":8,"biomesoplenty:spider_egg":2,"minecraft:stone":66,"minecraft:white_wool":2,"minecraft:oak_slab":2,"minecraft:stone_brick_slab":2,"minecraft:crafting_table":8,"minecraft:tall_grass":3,"born_in_chaos_v1:chipped_black_argillite_brick":1,"minecraft:deepslate_gold_ore":6,"minecraft:diorite":6,"minecraft:quartz_pillar":4,"minecraft:coal_ore":23,"minecraft:gravel":1,"biomesoplenty:stringy_cobweb":3,"minecraft:cracked_stone_bricks":18,"minecraft:stone_bricks":60,"minecraft:polished_andesite":28,"minecraft:iron_trapdoor":1,"minecraft:fern":1},"minecraft:dropped":{"minecraft:iron_sword":2,"minecraft:piston":5,"minecraft:birch_planks":8,"minecraft:glass_bottle":4,"minecraft:crafting_table":1,"simplefarming:radish_seeds":1,"minecraft:leather":5,"minecraft:quartz_pillar":1,"alexsmobs:bison_fur":1,"minecraft:deepslate_tile_stairs":1,"minecraft:dirt":1,"born_in_chaos_v1:monster_skin":3,"minecraft:phantom_membrane":2,"minecraft:iron_pickaxe":2,"alexsmobs:raccoon_tail":1,"minecraft:white_wool":5,"minecraft:gold_ingot":3,"minecraft:bone":11,"minecraft:armor_stand":9,"simplyswords:gold_greathammer":2,"minecraft:lever":1,"alexsmobs:animal_dictionary":1,"minecraft:iron_nugget":23,"born_in_chaos_v1:fire_dust":2,"minecraft:cobbled_deepslate":7,"simplyswords:iron_twinblade":1,"minecraft:wheat":8,"born_in_chaos_v1:ethereal_spirit":1,"minecraft:rotten_flesh":276,"simplyswords:gold_twinblade":1,"minecraft:carrot":55,"minecraft:gunpowder":55,"minecraft:skeleton_skull":3,"minecraft:charcoal":28,"born_in_chaos_v1:corpse_maggot":10,"simplefarming:strawberries":6,"minecraft:iron_bars":1,"minecraft:arrow":2,"born_in_chaos_v1:dark_rod":6,"minecraft:iron_ingot":85,"minecraft:wheat_seeds":73,"minecraft:clock":1,"minecraft:golden_helmet":7,"minecraft:lilac":1,"minecraft:mossy_cobblestone":3,"biomesoplenty:lavender":1,"minecraft:iron_helmet":2,"minecraft:knowledge_book":1,"minecraft:book":3,"minecraft:apple":2,"minecraft:copper_ingot":21,"biomesoplenty:jacaranda_planks":85,"minecraft:coal":15,"minecraft:coal_block":15,"minecraft:polished_andesite":2,"minecraft:stick":24,"minecraft:diorite":2,"tombstone:magic_scroll":1,"minecraft:torch":1,"tombstone:grave_key":7,"minecraft:smooth_quartz":6,"minecraft:iron_leggings":1,"tombstone:grave_dust":9,"minecraft:potion":9,"minecraft:polished_andesite_stairs":1,"minecraft:smooth_sandstone_slab":1,"minecraft:iron_axe":1,"minecraft:smooth_stone":5,"minecraft:string":41,"minecraft:polished_diorite":16,"minecraft:furnace":1,"minecraft:moss_carpet":1,"alexsmobs:maggot":2,"minecraft:green_terracotta":17,"minecraft:polished_diorite_slab":40,"minecraft:blaze_rod":1,"minecraft:stone_sword":1,"minecraft:tuff":2,"minecraft:raw_iron":32,"minecraft:iron_boots":2,"quark:white_shard":6,"minecraft:flint_and_steel":4,"minecraft:potato":11,"minecraft:allium":1,"minecraft:spruce_planks":41,"minecraft:iron_chestplate":2,"minecraft:andesite":2,"minecraft:golden_leggings":10,"minecraft:waxed_oxidized_cut_copper":1,"minecraft:redstone_torch":1,"minecraft:stone_bricks":17,"minecraft:barrel":4,"minecraft:spider_eye":5,"minecraft:slime_ball":3,"minecraft:stone_pickaxe":2,"minecraft:wooden_pickaxe":1}},"DataVersion":3465}