{"stats":{"minecraft:picked_up":{"born_in_chaos_v1:corpse_maggot":1,"minecraft:crafting_table":2,"minecraft:wheat":29,"minecraft:andesite":1,"minecraft:potato":9,"biomesoplenty:jacaranda_sapling":1,"minecraft:oak_log":2,"biomesoplenty:tall_lavender":1,"minecraft:bone":1,"minecraft:oak_sign":1,"minecraft:stone_bricks":2,"minecraft:wheat_seeds":133,"minecraft:iron_ingot":3,"minecraft:stone_pickaxe":2,"minecraft:furnace":1,"minecraft:raw_iron":58,"simplefarming:radish_seeds":2,"minecraft:torch":2,"minecraft:gravel":1,"tombstone:grave_dust":2,"minecraft:white_bed":1,"minecraft:carrot":11,"minecraft:slime_ball":1,"minecraft:arrow":1,"minecraft:rotten_flesh":9,"biomesoplenty:jacaranda_log":24,"minecraft:beetroot_seeds":4,"alexsmobs:maggot":4,"undead_revamp2:arapholia":1,"minecraft:coal":25,"minecraft:cobblestone":42},"minecraft:custom":{"minecraft:interact_with_furnace":15,"minecraft:mob_kills":8,"minecraft:interact_with_crafting_table":14,"minecraft:open_barrel":2,"minecraft:time_since_death":4450,"minecraft:sleep_in_bed":4,"minecraft:climb_one_cm":2304,"minecraft:damage_resisted":43,"minecraft:time_since_rest":3736,"minecraft:damage_taken":7618,"minecraft:sprint_one_cm":135450,"minecraft:walk_one_cm":150408,"minecraft:damage_blocked_by_shield":1586,"minecraft:drop":11,"minecraft:damage_dealt":1645,"minecraft:swim_one_cm":12431,"minecraft:fly_one_cm":326033,"minecraft:open_chest":23,"minecraft:crouch_one_cm":6498,"minecraft:play_time":79561,"tombstone:undead_killed":4,"minecraft:deaths":19,"minecraft:sneak_time":3021,"minecraft:walk_under_water_one_cm":5766,"minecraft:jump":1138,"minecraft:walk_on_water_one_cm":11586,"minecraft:total_world_time":79561,"minecraft:fall_one_cm":72885},"minecraft:killed":{"zombie_more:cursed_zombie":1,"minecraft:cave_spider":1,"undead_revamp2:the_moonflower":1,"undead_revamp2:theswarmer":1,"minecraft:skeleton":1},"minecraft:dropped":{"minecraft:wheat_seeds":58,"minecraft:iron_nugget":2,"alexsmobs:animal_dictionary":1,"simplefarming:radish_seeds":1,"minecraft:carrot":1,"minecraft:potato":3,"minecraft:stone_pickaxe":2},"minecraft:crafted":{"minecraft:oak_planks":8,"biomesoplenty:jacaranda_planks":96,"minecraft:crafting_table":1,"simplyswords:iron_twinblade":1,"minecraft:wooden_pickaxe":1,"minecraft:furnace":1,"minecraft:bucket":1,"minecraft:stone_axe":1,"minecraft:air":0,"minecraft:iron_boots":1,"minecraft:iron_chestplate":1,"minecraft:shield":1,"minecraft:stick":20,"quark:oak_chest":1,"minecraft:iron_ingot":29,"minecraft:stone_pickaxe":1,"minecraft:stone_sword":1,"minecraft:iron_leggings":1,"minecraft:torch":48},"minecraft:mined":{"biomesoplenty:jacaranda_leaves":1,"minecraft:white_bed":1,"minecraft:crafting_table":2,"minecraft:torch":1,"biomesoplenty:bush":5,"minecraft:oak_planks":3,"biomesoplenty:jacaranda_log":24,"minecraft:furnace":1,"minecraft:carrots":9,"minecraft:iron_ore":61,"minecraft:wheat":31,"minecraft:andesite":1,"minecraft:deepslate_iron_ore":2,"minecraft:oak_log":2,"minecraft:grass":14,"minecraft:potatoes":6,"minecraft:coal_ore":23,"minecraft:beetroots":2,"minecraft:gravel":1,"biomesoplenty:stringy_cobweb":2,"biomesoplenty:spider_egg":2,"minecraft:stone_bricks":2,"minecraft:stone":43,"minecraft:oak_leaves":4},"minecraft:used":{"minecraft:knowledge_book":201,"minecraft:wheat_seeds":29,"minecraft:water_bucket":11,"minecraft:stone_sword":8,"minecraft:stone_pickaxe":119,"minecraft:shield":15,"minecraft:wooden_pickaxe":19,"minecraft:rotten_flesh":2,"minecraft:torch":32,"minecraft:crafting_table":2,"simplyswords:iron_twinblade":70,"minecraft:carrot":10,"minecraft:white_bed":1,"simplefarming:radish_seeds":1,"alexsmobs:maggot":4,"minecraft:iron_boots":1,"minecraft:gravel":1,"minecraft:stone_axe":43,"biomesoplenty:jacaranda_sapling":1,"minecraft:cobblestone":14,"minecraft:furnace":1,"minecraft:andesite":1,"minecraft:bucket":11,"tombstone:gift":4,"quark:oak_chest":1,"alexsmobs:animal_dictionary":3,"minecraft:potato":6,"minecraft:iron_leggings":1}},"DataVersion":3465}