{"stats":{"minecraft:crafted":{"minecraft:oak_planks":220,"quark:birch_chest":1,"minecraft:blaze_powder":2,"quark:deepslate_furnace":1,"minecraft:iron_boots":2,"minecraft:iron_door":3,"minecraft:ender_eye":1,"sophisticatedbackpacks:backpack":1,"biomesoplenty:jacaranda_planks":112,"minecraft:crafting_table":14,"minecraft:wooden_pickaxe":3,"minecraft:iron_helmet":1,"minecraft:birch_planks":16,"minecraft:iron_chestplate":2,"minecraft:diamond_pickaxe":1,"minecraft:shield":16,"sophisticatedbackpacks:diamond_backpack":1,"minecraft:stick":256,"quark:oak_chest":2,"minecraft:iron_ingot":31,"minecraft:iron_pickaxe":5,"minecraft:stone_sword":1,"minecraft:gold_ingot":27,"minecraft:shears":1,"minecraft:golden_carrot":64,"minecraft:coal":18,"simplyswords:iron_twinblade":2,"minecraft:furnace":1,"minecraft:iron_axe":2,"minecraft:stone_pickaxe":2,"sophisticatedbackpacks:iron_backpack":1,"minecraft:cooked_beef":8,"sophisticatedbackpacks:gold_backpack":1,"minecraft:bucket":3,"minecraft:stone_axe":1,"minecraft:air":0,"minecraft:gold_nugget":576,"minecraft:iron_leggings":3,"minecraft:white_bed":1,"minecraft:torch":720},"minecraft:killed_by":{"born_in_chaos_v1:corpse_fly":1,"minecraft:zombie":42,"minecraft:skeleton":1},"minecraft:broken":{"minecraft:diamond_helmet":1,"minecraft:iron_boots":2,"minecraft:iron_leggings":3,"minecraft:stone_pickaxe":1,"minecraft:iron_sword":2,"minecraft:diamond_chestplate":1,"minecraft:shield":14,"minecraft:iron_pickaxe":3,"minecraft:iron_helmet":1},"minecraft:used":{"minecraft:polished_deepslate":3,"minecraft:chest":1,"minecraft:shield":384,"minecraft:iron_sword":997,"minecraft:rotten_flesh":10,"minecraft:green_terracotta":100,"minecraft:carrot":311,"minecraft:tuff":7,"born_in_chaos_v1:corpse_maggot":1,"born_in_chaos_v1:smoked_flesh":2,"minecraft:lava_bucket":16,"minecraft:quartz_pillar":1,"quark:deepslate_furnace":1,"minecraft:stone_bricks":44,"minecraft:stone_brick_stairs":2,"biomesoplenty:jacaranda_sapling":1,"minecraft:magma_block":1,"minecraft:furnace":2,"minecraft:gold_block":1,"minecraft:potato":8,"minecraft:diorite":1,"minecraft:stone_pickaxe":180,"minecraft:oak_planks":167,"minecraft:polished_diorite_slab":12,"minecraft:ender_pearl":1,"minecraft:wooden_pickaxe":36,"minecraft:white_wool":2,"minecraft:golden_apple":1,"biomesoplenty:jacaranda_planks":72,"simplefarming:radish_seeds":1,"minecraft:bread":4,"tombstone:grave_key":16,"minecraft:gravel":1,"minecraft:soul_lantern":1,"minecraft:coal_block":2,"minecraft:andesite":5,"minecraft:stone_sword":23,"born_in_chaos_v1:ethereal_spirit":1,"minecraft:spruce_planks":818,"born_in_chaos_v1:black_argillite":1,"minecraft:torch":716,"minecraft:dirt":38,"minecraft:polished_diorite":14,"farmersdelight:rope":11,"minecraft:stone_brick_slab":1,"alexsmobs:maggot":4,"simplyswords:diamond_scythe":61,"minecraft:iron_axe":237,"minecraft:smooth_sandstone":2,"minecraft:iron_boots":3,"minecraft:golden_carrot":16,"tombstone:gift":12,"minecraft:cooked_beef":8,"minecraft:cobbled_deepslate":123,"minecraft:observer":2,"minecraft:iron_leggings":1,"minecraft:knowledge_book":373,"minecraft:wheat_seeds":30,"minecraft:water_bucket":100,"minecraft:polished_andesite":14,"minecraft:smooth_sandstone_slab":1,"minecraft:cauldron":3,"minecraft:cracked_stone_bricks":3,"simplyswords:gold_greathammer":15,"minecraft:mossy_cobblestone":1,"minecraft:oak_slab":1,"minecraft:crafting_table":29,"simplyswords:iron_twinblade":253,"minecraft:white_bed":5,"tombstone:tablet_of_home":1,"tombstone:bag_of_seeds":2,"minecraft:oak_log":2,"minecraft:diamond_pickaxe":44,"minecraft:apple":9,"minecraft:iron_pickaxe":898,"tombstone:magic_scroll":2,"minecraft:stone_axe":68,"minecraft:cobblestone":35,"minecraft:potion":3,"minecraft:bucket":119,"minecraft:andesite_stairs":1,"quark:oak_chest":2,"alexsmobs:animal_dictionary":3},"minecraft:killed":{"zombie_more:cursed_zombie":7,"minecraft:cave_spider":2,"zombie_more:tank_zombie":1,"born_in_chaos_v1:restless_spirit":1,"minecraft:spider":9,"undead_revamp2:theswarmer":2,"minecraft:skeleton":22,"minecraft:bee":1,"minecraft:skeleton_horse":5,"zombie_more:boomer_zombie":2,"born_in_chaos_v1:diamond_termite":8,"minecraft:creeper":1,"minecraft:sheep":1,"minecraft:zombie":171,"born_in_chaos_v1:corpse_fly":4,"alexsmobs:fly":1,"minecraft:cow":4,"alexsmobs:raccoon":6,"undead_revamp2:bomber":1,"born_in_chaos_v1:zombie_bruiser":1,"born_in_chaos_v1:maggot":70,"minecraft:drowned":5,"born_in_chaos_v1:corpse_fish":3,"alexsmobs:bison":1,"zombie_more:crawler_zombie":9,"born_in_chaos_v1:swarmer":1,"undead_revamp2:the_moonflower":3,"minecraft:bat":1,"born_in_chaos_v1:decrepit_skeleton":4,"born_in_chaos_v1:dark_vortex":2},"minecraft:custom":{"minecraft:interact_with_crafting_table":78,"minecraft:open_barrel":426,"minecraft:leave_game":4,"minecraft:time_since_death":20793,"minecraft:damage_resisted":47,"minecraft:sprint_one_cm":1510380,"minecraft:damage_blocked_by_shield":39548,"minecraft:drop":450,"minecraft:play_noteblock":1,"minecraft:play_time":627214,"minecraft:deaths":116,"minecraft:jump":9054,"minecraft:walk_on_water_one_cm":389803,"minecraft:interact_with_furnace":31,"minecraft:sleep_in_bed":6,"tombstone:sneak_grave":2,"minecraft:damage_dealt":64128,"minecraft:crouch_one_cm":168386,"tombstone:undead_killed":234,"minecraft:interact_with_smoker":1,"minecraft:horse_one_cm":165154,"minecraft:interact_with_anvil":2,"minecraft:mob_kills":383,"minecraft:damage_dealt_resisted":330,"minecraft:climb_one_cm":242645,"minecraft:walk_one_cm":1041056,"minecraft:damage_dealt_absorbed":120,"minecraft:sneak_time":67680,"minecraft:walk_under_water_one_cm":135633,"minecraft:total_world_time":627214,"minecraft:tune_noteblock":2,"minecraft:time_since_rest":20612,"minecraft:damage_taken":44496,"minecraft:damage_absorbed":55,"minecraft:swim_one_cm":318976,"minecraft:fly_one_cm":2125494,"minecraft:open_chest":279,"minecraft:fall_one_cm":388634},"minecraft:picked_up":{"minecraft:iron_chestplate":1,"minecraft:wheat":31,"minecraft:creeper_head":1,"minecraft:iron_trapdoor":1,"minecraft:anvil":1,"tombstone:tablet_of_home":2,"quark:music_disc_drips":1,"minecraft:enchanted_book":2,"minecraft:potion":12,"minecraft:knowledge_book":2,"minecraft:stone_brick_stairs":3,"tombstone:grave_key":4,"born_in_chaos_v1:black_argillite":3,"minecraft:polished_deepslate":7,"minecraft:string":65,"zombie_more:acid_drool":1,"minecraft:iron_leggings":2,"minecraft:armor_stand":9,"biomesoplenty:tall_lavender":3,"minecraft:sticky_piston":1,"minecraft:oak_sign":1,"minecraft:smooth_stone":5,"minecraft:cobbled_deepslate":224,"minecraft:bucket":2,"minecraft:spruce_planks":199,"minecraft:redstone_torch":1,"minecraft:smooth_quartz":8,"minecraft:iron_pickaxe":3,"alexsmobs:raccoon_tail":2,"minecraft:coal_block":15,"minecraft:iron_boots":4,"minecraft:furnace":3,"minecraft:golden_helmet":6,"minecraft:stick":46,"minecraft:torch":105,"minecraft:pointed_dripstone":4,"tombstone:grave_dust":32,"minecraft:diorite":2,"minecraft:deepslate_tile_stairs":1,"tombstone:tablet_of_cupidity":2,"minecraft:green_terracotta":122,"minecraft:cauldron":3,"quark:ancient_tome":3,"minecraft:stone_sword":1,"minecraft:rotten_flesh":675,"minecraft:vex_armor_trim_smithing_template":1,"minecraft:polished_basalt":1,"farmersdelight:rope":1,"minecraft:white_terracotta":2,"minecraft:blaze_rod":2,"minecraft:obsidian":9,"minecraft:iron_bars":17,"undead_revamp2:arapholia":2,"minecraft:cobblestone":65,"biomesoplenty:lavender":3,"minecraft:birch_log":4,"minecraft:magma_block":1,"minecraft:polished_diorite_slab":73,"minecraft:lilac":1,"minecraft:repeater":2,"minecraft:andesite":12,"minecraft:golden_leggings":9,"minecraft:potato":20,"alexsmobs:bison_fur":1,"alexscaves:cave_book":1,"minecraft:tuff":16,"born_in_chaos_v1:black_argillite_button":1,"minecraft:dirt":40,"minecraft:polished_granite":2,"minecraft:name_tag":2,"born_in_chaos_v1:monster_skin":3,"minecraft:bone":62,"minecraft:wheat_seeds":153,"minecraft:raw_gold":6,"minecraft:oak_planks":34,"simplefarming:radish_seeds":2,"minecraft:barrel":4,"minecraft:mossy_cobblestone":9,"simplyswords:iron_twinblade":1,"minecraft:bundle":5,"minecraft:polished_andesite":40,"born_in_chaos_v1:fire_dust":4,"minecraft:diamond":19,"minecraft:black_concrete":1,"minecraft:soul_lantern":1,"minecraft:lever":2,"minecraft:bread":3,"minecraft:emerald":20,"alexsmobs:maggot":6,"born_in_chaos_v1:rotten_fish":2,"simplefarming:cassava_seeds":1,"minecraft:music_disc_5":2,"born_in_chaos_v1:diamond_termite_shard":8,"minecraft:charcoal":83,"minecraft:waxed_oxidized_cut_copper":1,"minecraft:crafting_table":18,"minecraft:allium":1,"minecraft:wooden_pickaxe":2,"minecraft:infested_cobblestone":14,"minecraft:gold_block":2,"biomesoplenty:jacaranda_sapling":1,"minecraft:moss_carpet":1,"minecraft:iron_axe":2,"minecraft:flint_and_steel":4,"minecraft:quartz_slab":2,"minecraft:iron_shovel":1,"minecraft:cracked_stone_bricks":6,"minecraft:beef":16,"minecraft:andesite_stairs":1,"minecraft:observer":4,"minecraft:iron_nugget":50,"minecraft:chest":4,"simplefarming:barley_seeds":1,"minecraft:piston":11,"minecraft:phantom_membrane":6,"minecraft:raw_iron":121,"minecraft:copper_ingot":31,"simplyswords:gold_greathammer":2,"minecraft:spruce_fence":1,"minecraft:quartz_pillar":4,"minecraft:carrot":564,"minecraft:prismarine_crystals":3,"minecraft:smooth_sandstone_slab":11,"minecraft:arrow":55,"minecraft:diamond_chestplate":1,"biomesoplenty:jacaranda_log":42,"minecraft:beetroot_seeds":10,"simplefarming:strawberries":6,"tombstone:essence_of_undeath":3,"minecraft:gold_ingot":32,"minecraft:mutton":2,"minecraft:skeleton_skull":1,"minecraft:white_wool":15,"quark:music_disc_wind":1,"born_in_chaos_v1:corpse_maggot":27,"minecraft:clock":1,"minecraft:golden_carrot":32,"born_in_chaos_v1:monster_flesh":1,"minecraft:glow_ink_sac":4,"minecraft:leather":12,"minecraft:birch_planks":4,"minecraft:oak_log":57,"biomesoplenty:jacaranda_planks":98,"minecraft:gunpowder":110,"tombstone:voodoo_poppet":1,"minecraft:smooth_sandstone":2,"minecraft:apple":2,"minecraft:stone_bricks":76,"minecraft:iron_ingot":427,"minecraft:stone_pickaxe":2,"minecraft:cobweb":9,"tombstone:bag_of_seeds":2,"minecraft:glass_bottle":1,"minecraft:polished_andesite_slab":11,"quark:music_disc_chatter":1,"minecraft:iron_sword":5,"alexsmobs:music_disc_daze":1,"minecraft:oak_slab":1,"minecraft:polished_andesite_stairs":1,"quark:white_shard":37,"minecraft:stone_brick_slab":2,"born_in_chaos_v1:ethereal_spirit":4,"minecraft:gravel":4,"born_in_chaos_v1:dark_rod":10,"minecraft:white_bed":5,"minecraft:spider_eye":8,"minecraft:music_disc_mall":1,"minecraft:slime_ball":25,"minecraft:polished_diorite":28,"minecraft:iron_helmet":2,"tombstone:magic_scroll":7,"minecraft:coal":68,"minecraft:ender_pearl":14},"minecraft:mined":{"minecraft:spruce_planks":60,"minecraft:white_bed":5,"minecraft:andesite_stairs":2,"minecraft:orange_stained_glass":4,"minecraft:obsidian":9,"minecraft:cave_vines_plant":1,"minecraft:grass_block":16,"minecraft:stone_brick_wall":5,"minecraft:polished_diorite":44,"minecraft:spawner":78,"minecraft:smooth_stone":19,"minecraft:magma_block":1,"biomesoplenty:tall_lavender":2,"minecraft:cobbled_deepslate":36,"born_in_chaos_v1:black_argillite_brick_slab":4,"minecraft:iron_ore":79,"minecraft:sticky_piston":1,"minecraft:barrel":7,"biomesoplenty:lavender":3,"minecraft:moss_carpet":1,"minecraft:anvil":1,"biomesoplenty:hanging_cobweb":2,"minecraft:cave_vines":1,"minecraft:quartz_slab":2,"minecraft:iron_bars":9,"biomesoplenty:webbing":1,"minecraft:deepslate_brick_stairs":1,"minecraft:polished_granite_stairs":1,"horror_element_mod:spiked_body":1,"minecraft:piston_head":1,"biomesoplenty:jacaranda_leaves":2,"minecraft:cyan_terracotta":1,"biomesoplenty:jacaranda_planks":18,"minecraft:torch":7,"minecraft:chest":2,"minecraft:polished_diorite_slab":112,"minecraft:cobblestone":8,"minecraft:oak_planks":40,"minecraft:smooth_sandstone_slab":19,"minecraft:wall_torch":4,"minecraft:cauldron":7,"minecraft:white_terracotta":1,"minecraft:birch_log":4,"minecraft:wheat":42,"minecraft:lilac":2,"minecraft:smooth_stone_slab":2,"minecraft:stone_brick_stairs":8,"minecraft:grass":47,"minecraft:oak_log":68,"minecraft:beetroots":3,"minecraft:smooth_quartz":8,"minecraft:dirt":33,"minecraft:tripwire_hook":1,"minecraft:netherrack":2,"minecraft:piston":17,"minecraft:oak_leaves":23,"minecraft:deepslate":167,"minecraft:tuff":16,"minecraft:quartz_stairs":1,"minecraft:mossy_cobblestone":8,"minecraft:deepslate_diamond_ore":6,"minecraft:sea_lantern":1,"born_in_chaos_v1:infected_diamond_ore":4,"biomesoplenty:bush":9,"minecraft:allium":1,"minecraft:spruce_fence":1,"born_in_chaos_v1:black_argillite":2,"minecraft:white_stained_glass":5,"minecraft:polished_andesite_slab":7,"biomesoplenty:jacaranda_log":35,"minecraft:waxed_oxidized_cut_copper":2,"minecraft:furnace":2,"minecraft:carrots":38,"minecraft:polished_basalt":1,"minecraft:andesite":13,"minecraft:green_terracotta":105,"minecraft:gold_block":2,"minecraft:polished_deepslate":9,"farmersdelight:rope":1,"minecraft:potatoes":7,"minecraft:deepslate_iron_ore":8,"biomesoplenty:spider_egg":2,"minecraft:stone":68,"minecraft:white_wool":2,"minecraft:oak_slab":3,"minecraft:stone_brick_slab":2,"minecraft:observer":2,"minecraft:crafting_table":18,"minecraft:andesite_wall":2,"minecraft:tall_grass":4,"born_in_chaos_v1:chipped_black_argillite_brick":5,"minecraft:deepslate_gold_ore":6,"minecraft:diorite":6,"horror_element_mod:human_remains":1,"minecraft:quartz_pillar":6,"minecraft:coal_ore":23,"minecraft:yellow_concrete":4,"minecraft:gravel":2,"biomesoplenty:stringy_cobweb":3,"minecraft:cracked_stone_bricks":20,"minecraft:polished_andesite":44,"minecraft:stone_bricks":80,"minecraft:iron_trapdoor":3,"minecraft:fern":1},"minecraft:dropped":{"minecraft:iron_sword":3,"minecraft:piston":5,"minecraft:birch_planks":8,"minecraft:glass_bottle":4,"minecraft:crafting_table":2,"alexsmobs:music_disc_daze":1,"simplefarming:radish_seeds":1,"minecraft:leather":5,"minecraft:iron_horse_armor":2,"minecraft:cracked_stone_bricks":1,"minecraft:quartz_pillar":1,"alexsmobs:bison_fur":1,"minecraft:flint":1,"minecraft:deepslate_tile_stairs":1,"born_in_chaos_v1:monster_flesh":4,"minecraft:dirt":1,"tombstone:bag_of_seeds":1,"born_in_chaos_v1:monster_skin":3,"minecraft:phantom_membrane":5,"minecraft:iron_pickaxe":3,"alexsmobs:raccoon_tail":1,"minecraft:white_wool":9,"minecraft:gold_ingot":3,"minecraft:armor_stand":9,"minecraft:bone":26,"quark:ancient_tome":1,"minecraft:gravel":2,"simplyswords:gold_greathammer":2,"minecraft:lever":2,"alexsmobs:animal_dictionary":1,"minecraft:iron_nugget":29,"minecraft:polished_andesite_slab":6,"born_in_chaos_v1:fire_dust":2,"minecraft:cobbled_deepslate":51,"quark:music_disc_chatter":1,"simplyswords:iron_twinblade":1,"minecraft:wheat":8,"undead_revamp2:arapholia":1,"born_in_chaos_v1:ethereal_spirit":1,"minecraft:music_disc_5":2,"minecraft:rotten_flesh":656,"minecraft:oak_planks":3,"simplyswords:gold_twinblade":1,"simplefarming:cassava_seeds":1,"minecraft:carrot":129,"alexscaves:cave_book":1,"minecraft:gunpowder":79,"minecraft:skeleton_skull":3,"minecraft:charcoal":28,"born_in_chaos_v1:diamond_termite_shard":8,"minecraft:chest":3,"minecraft:beetroot_seeds":6,"born_in_chaos_v1:corpse_maggot":20,"zombie_more:acid_drool":1,"simplefarming:strawberries":6,"minecraft:iron_bars":10,"minecraft:arrow":6,"simplefarming:barley_seeds":1,"minecraft:polished_granite":1,"minecraft:stone_brick_stairs":1,"minecraft:infested_cobblestone":14,"biomesoplenty:tall_lavender":2,"born_in_chaos_v1:dark_rod":6,"minecraft:bread":3,"minecraft:iron_ingot":149,"minecraft:wheat_seeds":75,"minecraft:golden_helmet":7,"minecraft:clock":1,"minecraft:lilac":1,"minecraft:mossy_cobblestone":5,"tombstone:tablet_of_home":1,"minecraft:book":3,"biomesoplenty:lavender":3,"minecraft:knowledge_book":2,"minecraft:cobblestone":2,"minecraft:iron_helmet":2,"minecraft:observer":2,"minecraft:apple":2,"minecraft:copper_ingot":27,"biomesoplenty:jacaranda_planks":85,"minecraft:coal":28,"minecraft:stick":38,"minecraft:coal_block":17,"minecraft:polished_andesite":21,"minecraft:black_candle":2,"born_in_chaos_v1:black_argillite":1,"minecraft:diorite":2,"minecraft:golden_carrot":32,"tombstone:magic_scroll":2,"minecraft:torch":62,"minecraft:repeater":1,"tombstone:grave_key":11,"quark:music_disc_wind":1,"minecraft:smooth_quartz":8,"minecraft:iron_leggings":2,"tombstone:grave_dust":21,"minecraft:potion":12,"minecraft:smooth_sandstone_slab":1,"minecraft:polished_andesite_stairs":1,"minecraft:iron_axe":1,"minecraft:smooth_stone":5,"minecraft:iron_shovel":1,"minecraft:string":48,"minecraft:polished_diorite":16,"minecraft:furnace":1,"minecraft:moss_carpet":1,"alexsmobs:maggot":2,"minecraft:green_terracotta":17,"minecraft:polished_diorite_slab":40,"minecraft:stone_sword":1,"minecraft:blaze_rod":1,"minecraft:tuff":2,"minecraft:raw_iron":40,"born_in_chaos_v1:black_argillite_button":1,"minecraft:iron_boots":3,"quark:white_shard":29,"minecraft:white_terracotta":1,"minecraft:spruce_fence":1,"minecraft:flint_and_steel":4,"minecraft:potato":11,"mowziesmobs:music_disc_petiole":2,"minecraft:allium":1,"minecraft:bundle":1,"minecraft:spruce_planks":67,"minecraft:iron_chestplate":2,"minecraft:andesite":6,"minecraft:golden_leggings":10,"minecraft:waxed_oxidized_cut_copper":1,"minecraft:redstone_torch":1,"minecraft:stone_bricks":24,"minecraft:barrel":4,"minecraft:spider_eye":7,"minecraft:slime_ball":47,"minecraft:stone_pickaxe":2,"minecraft:wooden_pickaxe":3,"tombstone:tablet_of_cupidity":1,"minecraft:quartz_slab":2}},"DataVersion":3465}