{"stats":{"minecraft:crafted":{"minecraft:oak_planks":76,"quark:birch_chest":1,"quark:deepslate_furnace":1,"minecraft:iron_boots":2,"minecraft:iron_door":3,"sophisticatedbackpacks:backpack":1,"biomesoplenty:jacaranda_planks":112,"minecraft:crafting_table":10,"minecraft:wooden_pickaxe":3,"minecraft:iron_helmet":1,"minecraft:birch_planks":16,"minecraft:iron_chestplate":2,"minecraft:shield":7,"sophisticatedbackpacks:diamond_backpack":1,"minecraft:stick":84,"quark:oak_chest":1,"minecraft:iron_ingot":31,"minecraft:iron_pickaxe":5,"minecraft:stone_sword":1,"minecraft:gold_ingot":9,"simplyswords:iron_twinblade":2,"minecraft:furnace":1,"minecraft:iron_axe":1,"minecraft:stone_pickaxe":2,"sophisticatedbackpacks:iron_backpack":1,"minecraft:cooked_beef":8,"sophisticatedbackpacks:gold_backpack":1,"minecraft:bucket":1,"minecraft:stone_axe":1,"minecraft:air":0,"minecraft:iron_leggings":2,"minecraft:torch":144},"minecraft:broken":{"minecraft:iron_leggings":1,"minecraft:stone_pickaxe":1,"minecraft:iron_sword":1,"minecraft:shield":6,"minecraft:iron_pickaxe":2},"minecraft:killed_by":{"born_in_chaos_v1:corpse_fly":1,"minecraft:zombie":20,"minecraft:skeleton":1},"minecraft:used":{"minecraft:polished_deepslate":3,"minecraft:chest":1,"minecraft:shield":177,"minecraft:iron_sword":391,"minecraft:rotten_flesh":7,"minecraft:green_terracotta":100,"minecraft:carrot":141,"minecraft:tuff":7,"born_in_chaos_v1:smoked_flesh":2,"minecraft:lava_bucket":16,"minecraft:quartz_pillar":1,"quark:deepslate_furnace":1,"minecraft:stone_bricks":42,"biomesoplenty:jacaranda_sapling":1,"minecraft:furnace":2,"minecraft:gold_block":1,"minecraft:potato":8,"minecraft:diorite":1,"minecraft:stone_pickaxe":180,"minecraft:oak_planks":48,"minecraft:polished_diorite_slab":12,"minecraft:ender_pearl":1,"minecraft:wooden_pickaxe":36,"minecraft:white_wool":2,"minecraft:golden_apple":1,"biomesoplenty:jacaranda_planks":72,"simplefarming:radish_seeds":1,"minecraft:bread":4,"tombstone:grave_key":13,"minecraft:gravel":1,"minecraft:soul_lantern":1,"minecraft:coal_block":2,"minecraft:andesite":5,"minecraft:stone_sword":23,"born_in_chaos_v1:ethereal_spirit":1,"minecraft:spruce_planks":324,"born_in_chaos_v1:black_argillite":1,"minecraft:torch":142,"minecraft:dirt":38,"minecraft:polished_diorite":14,"minecraft:stone_brick_slab":1,"alexsmobs:maggot":4,"minecraft:iron_axe":165,"minecraft:smooth_sandstone":2,"minecraft:iron_boots":3,"tombstone:gift":12,"minecraft:cooked_beef":8,"minecraft:cobbled_deepslate":123,"minecraft:iron_leggings":1,"minecraft:knowledge_book":297,"minecraft:wheat_seeds":30,"minecraft:water_bucket":18,"minecraft:polished_andesite":14,"minecraft:smooth_sandstone_slab":1,"minecraft:cracked_stone_bricks":2,"simplyswords:gold_greathammer":15,"minecraft:mossy_cobblestone":1,"minecraft:oak_slab":1,"minecraft:crafting_table":17,"simplyswords:iron_twinblade":253,"minecraft:white_bed":4,"tombstone:tablet_of_home":1,"minecraft:oak_log":2,"minecraft:apple":9,"minecraft:iron_pickaxe":741,"tombstone:magic_scroll":2,"minecraft:stone_axe":68,"minecraft:cobblestone":35,"minecraft:potion":3,"minecraft:andesite_stairs":1,"minecraft:bucket":35,"quark:oak_chest":1,"alexsmobs:animal_dictionary":3},"minecraft:killed":{"zombie_more:cursed_zombie":2,"minecraft:cave_spider":1,"zombie_more:tank_zombie":1,"born_in_chaos_v1:restless_spirit":1,"minecraft:spider":2,"undead_revamp2:theswarmer":1,"minecraft:skeleton":4,"minecraft:creeper":1,"minecraft:sheep":1,"minecraft:zombie":55,"born_in_chaos_v1:corpse_fly":1,"alexsmobs:fly":1,"minecraft:cow":4,"alexsmobs:raccoon":5,"born_in_chaos_v1:zombie_bruiser":1,"born_in_chaos_v1:maggot":45,"alexsmobs:bison":1,"zombie_more:crawler_zombie":5,"born_in_chaos_v1:swarmer":1,"undead_revamp2:the_moonflower":2,"minecraft:bat":1,"born_in_chaos_v1:decrepit_skeleton":3,"born_in_chaos_v1:dark_vortex":2},"minecraft:custom":{"minecraft:interact_with_crafting_table":48,"minecraft:open_barrel":197,"minecraft:leave_game":1,"minecraft:time_since_death":16265,"minecraft:damage_resisted":47,"minecraft:sprint_one_cm":1005574,"minecraft:damage_blocked_by_shield":17363,"minecraft:drop":345,"minecraft:play_noteblock":1,"minecraft:play_time":418801,"minecraft:deaths":78,"minecraft:jump":5908,"minecraft:walk_on_water_one_cm":178458,"minecraft:interact_with_furnace":31,"minecraft:sleep_in_bed":5,"tombstone:sneak_grave":2,"minecraft:damage_dealt":24204,"minecraft:crouch_one_cm":126188,"tombstone:undead_killed":75,"minecraft:mob_kills":172,"minecraft:damage_dealt_resisted":150,"minecraft:climb_one_cm":38197,"minecraft:walk_one_cm":684850,"minecraft:sneak_time":51296,"minecraft:walk_under_water_one_cm":62308,"minecraft:total_world_time":418801,"minecraft:tune_noteblock":2,"minecraft:time_since_rest":15310,"minecraft:damage_absorbed":55,"minecraft:damage_taken":28483,"minecraft:swim_one_cm":255364,"minecraft:fly_one_cm":1556017,"minecraft:open_chest":167,"minecraft:fall_one_cm":304804},"minecraft:picked_up":{"minecraft:iron_chestplate":1,"minecraft:wheat":31,"tombstone:tablet_of_home":2,"minecraft:enchanted_book":2,"minecraft:potion":10,"minecraft:knowledge_book":2,"tombstone:grave_key":4,"born_in_chaos_v1:black_argillite":1,"minecraft:polished_deepslate":6,"minecraft:string":43,"minecraft:iron_leggings":2,"minecraft:armor_stand":9,"biomesoplenty:tall_lavender":1,"minecraft:oak_sign":1,"minecraft:smooth_stone":5,"minecraft:cobbled_deepslate":220,"minecraft:bucket":2,"minecraft:spruce_planks":133,"minecraft:redstone_torch":1,"minecraft:smooth_quartz":6,"minecraft:iron_pickaxe":2,"alexsmobs:raccoon_tail":2,"minecraft:coal_block":15,"minecraft:iron_boots":4,"minecraft:furnace":3,"minecraft:golden_helmet":6,"minecraft:stick":26,"minecraft:torch":28,"tombstone:grave_dust":21,"minecraft:diorite":2,"minecraft:deepslate_tile_stairs":1,"tombstone:tablet_of_cupidity":2,"minecraft:green_terracotta":122,"quark:ancient_tome":3,"minecraft:stone_sword":1,"minecraft:rotten_flesh":492,"minecraft:vex_armor_trim_smithing_template":1,"minecraft:blaze_rod":2,"minecraft:iron_bars":13,"undead_revamp2:arapholia":1,"minecraft:cobblestone":63,"biomesoplenty:lavender":1,"minecraft:birch_log":4,"minecraft:polished_diorite_slab":73,"minecraft:lilac":1,"minecraft:andesite":10,"minecraft:golden_leggings":9,"minecraft:potato":20,"alexsmobs:bison_fur":1,"alexscaves:cave_book":1,"minecraft:tuff":13,"minecraft:dirt":40,"minecraft:name_tag":2,"born_in_chaos_v1:monster_skin":3,"minecraft:bone":25,"minecraft:wheat_seeds":150,"minecraft:raw_gold":6,"minecraft:oak_planks":23,"simplefarming:radish_seeds":2,"minecraft:barrel":4,"minecraft:mossy_cobblestone":5,"simplyswords:iron_twinblade":1,"minecraft:bundle":2,"minecraft:polished_andesite":37,"born_in_chaos_v1:fire_dust":4,"minecraft:diamond":17,"minecraft:soul_lantern":1,"minecraft:lever":1,"minecraft:bread":2,"minecraft:emerald":20,"alexsmobs:maggot":6,"minecraft:music_disc_5":2,"minecraft:charcoal":83,"minecraft:waxed_oxidized_cut_copper":1,"minecraft:crafting_table":8,"minecraft:allium":1,"minecraft:wooden_pickaxe":2,"minecraft:gold_block":2,"biomesoplenty:jacaranda_sapling":1,"minecraft:moss_carpet":1,"minecraft:iron_axe":2,"minecraft:flint_and_steel":4,"minecraft:cracked_stone_bricks":4,"minecraft:beef":16,"minecraft:andesite_stairs":1,"minecraft:iron_nugget":29,"minecraft:chest":2,"minecraft:phantom_membrane":4,"minecraft:piston":11,"minecraft:raw_iron":113,"minecraft:copper_ingot":21,"simplyswords:gold_greathammer":2,"minecraft:quartz_pillar":2,"minecraft:carrot":361,"minecraft:prismarine_crystals":3,"minecraft:smooth_sandstone_slab":5,"minecraft:arrow":33,"minecraft:diamond_chestplate":1,"biomesoplenty:jacaranda_log":42,"minecraft:beetroot_seeds":10,"simplefarming:strawberries":6,"minecraft:gold_ingot":32,"tombstone:essence_of_undeath":2,"minecraft:mutton":2,"minecraft:skeleton_skull":1,"minecraft:white_wool":8,"quark:music_disc_wind":1,"born_in_chaos_v1:corpse_maggot":13,"minecraft:clock":1,"born_in_chaos_v1:monster_flesh":1,"minecraft:glow_ink_sac":1,"minecraft:leather":12,"minecraft:birch_planks":4,"minecraft:oak_log":21,"biomesoplenty:jacaranda_planks":98,"minecraft:gunpowder":78,"tombstone:voodoo_poppet":1,"minecraft:smooth_sandstone":2,"minecraft:apple":2,"minecraft:stone_bricks":65,"minecraft:iron_ingot":407,"minecraft:stone_pickaxe":2,"minecraft:cobweb":9,"minecraft:glass_bottle":1,"minecraft:polished_andesite_slab":9,"minecraft:iron_sword":4,"minecraft:oak_slab":1,"minecraft:polished_andesite_stairs":1,"quark:white_shard":27,"minecraft:stone_brick_slab":2,"born_in_chaos_v1:ethereal_spirit":4,"minecraft:gravel":4,"born_in_chaos_v1:dark_rod":10,"minecraft:white_bed":5,"minecraft:spider_eye":5,"minecraft:music_disc_mall":1,"minecraft:slime_ball":24,"minecraft:polished_diorite":28,"minecraft:iron_helmet":2,"tombstone:magic_scroll":4,"minecraft:coal":66,"minecraft:ender_pearl":7},"minecraft:mined":{"minecraft:spruce_planks":53,"minecraft:white_bed":5,"minecraft:andesite_stairs":2,"minecraft:orange_stained_glass":4,"minecraft:cave_vines_plant":1,"minecraft:stone_brick_wall":2,"minecraft:grass_block":16,"minecraft:polished_diorite":44,"minecraft:spawner":17,"minecraft:smooth_stone":17,"minecraft:iron_ore":79,"minecraft:barrel":7,"minecraft:cobbled_deepslate":36,"biomesoplenty:lavender":1,"minecraft:moss_carpet":1,"biomesoplenty:hanging_cobweb":2,"minecraft:cave_vines":1,"minecraft:iron_bars":4,"biomesoplenty:webbing":1,"minecraft:deepslate_brick_stairs":1,"horror_element_mod:spiked_body":1,"biomesoplenty:jacaranda_leaves":2,"biomesoplenty:jacaranda_planks":18,"minecraft:torch":6,"minecraft:chest":1,"minecraft:polished_diorite_slab":112,"minecraft:cobblestone":7,"minecraft:oak_planks":31,"minecraft:smooth_sandstone_slab":12,"minecraft:wall_torch":3,"minecraft:birch_log":4,"minecraft:wheat":42,"minecraft:lilac":2,"minecraft:smooth_stone_slab":2,"minecraft:stone_brick_stairs":1,"minecraft:grass":36,"minecraft:oak_log":31,"minecraft:beetroots":3,"minecraft:dirt":33,"minecraft:smooth_quartz":6,"minecraft:tripwire_hook":1,"minecraft:netherrack":2,"minecraft:piston":17,"minecraft:oak_leaves":6,"minecraft:deepslate":161,"minecraft:tuff":13,"minecraft:deepslate_diamond_ore":6,"minecraft:mossy_cobblestone":6,"minecraft:sea_lantern":1,"biomesoplenty:bush":9,"minecraft:allium":1,"born_in_chaos_v1:black_argillite":1,"minecraft:white_stained_glass":3,"minecraft:polished_andesite_slab":3,"biomesoplenty:jacaranda_log":35,"minecraft:waxed_oxidized_cut_copper":1,"minecraft:furnace":2,"minecraft:carrots":37,"minecraft:andesite":10,"minecraft:green_terracotta":105,"minecraft:gold_block":2,"minecraft:polished_deepslate":9,"minecraft:potatoes":7,"minecraft:deepslate_iron_ore":8,"biomesoplenty:spider_egg":2,"minecraft:stone":66,"minecraft:white_wool":2,"minecraft:oak_slab":3,"minecraft:stone_brick_slab":2,"minecraft:crafting_table":9,"minecraft:andesite_wall":2,"minecraft:tall_grass":3,"born_in_chaos_v1:chipped_black_argillite_brick":1,"minecraft:deepslate_gold_ore":6,"minecraft:diorite":6,"horror_element_mod:human_remains":1,"minecraft:quartz_pillar":4,"minecraft:coal_ore":23,"minecraft:gravel":2,"biomesoplenty:stringy_cobweb":3,"minecraft:cracked_stone_bricks":18,"minecraft:stone_bricks":63,"minecraft:polished_andesite":31,"minecraft:iron_trapdoor":1,"minecraft:fern":1},"minecraft:dropped":{"minecraft:iron_sword":2,"minecraft:piston":5,"minecraft:birch_planks":8,"minecraft:glass_bottle":4,"minecraft:crafting_table":1,"simplefarming:radish_seeds":1,"minecraft:leather":5,"minecraft:quartz_pillar":1,"alexsmobs:bison_fur":1,"minecraft:deepslate_tile_stairs":1,"minecraft:dirt":1,"born_in_chaos_v1:monster_skin":3,"minecraft:phantom_membrane":4,"minecraft:iron_pickaxe":2,"alexsmobs:raccoon_tail":1,"minecraft:white_wool":5,"quark:ancient_tome":1,"minecraft:gold_ingot":3,"minecraft:bone":11,"minecraft:armor_stand":9,"minecraft:gravel":2,"simplyswords:gold_greathammer":2,"minecraft:lever":1,"minecraft:polished_andesite_slab":6,"alexsmobs:animal_dictionary":1,"minecraft:iron_nugget":23,"born_in_chaos_v1:fire_dust":2,"minecraft:cobbled_deepslate":51,"simplyswords:iron_twinblade":1,"minecraft:wheat":8,"born_in_chaos_v1:ethereal_spirit":1,"minecraft:music_disc_5":2,"minecraft:rotten_flesh":533,"simplyswords:gold_twinblade":1,"minecraft:carrot":65,"alexscaves:cave_book":1,"minecraft:gunpowder":69,"minecraft:skeleton_skull":3,"minecraft:charcoal":28,"minecraft:beetroot_seeds":6,"born_in_chaos_v1:corpse_maggot":10,"minecraft:chest":1,"simplefarming:strawberries":6,"minecraft:iron_bars":9,"minecraft:arrow":2,"born_in_chaos_v1:dark_rod":6,"minecraft:bread":2,"minecraft:iron_ingot":149,"minecraft:wheat_seeds":73,"minecraft:clock":1,"minecraft:golden_helmet":7,"minecraft:lilac":1,"minecraft:mossy_cobblestone":3,"tombstone:tablet_of_home":1,"biomesoplenty:lavender":1,"minecraft:iron_helmet":2,"minecraft:knowledge_book":1,"minecraft:book":3,"minecraft:apple":2,"minecraft:copper_ingot":25,"biomesoplenty:jacaranda_planks":85,"minecraft:coal":19,"minecraft:coal_block":15,"minecraft:polished_andesite":20,"minecraft:stick":32,"minecraft:diorite":2,"tombstone:magic_scroll":2,"minecraft:torch":1,"tombstone:grave_key":11,"quark:music_disc_wind":1,"minecraft:smooth_quartz":6,"minecraft:iron_leggings":1,"tombstone:grave_dust":13,"minecraft:potion":9,"minecraft:polished_andesite_stairs":1,"minecraft:smooth_sandstone_slab":1,"minecraft:iron_axe":1,"minecraft:smooth_stone":5,"minecraft:string":41,"minecraft:polished_diorite":16,"minecraft:furnace":1,"minecraft:moss_carpet":1,"alexsmobs:maggot":2,"minecraft:green_terracotta":17,"minecraft:polished_diorite_slab":40,"minecraft:blaze_rod":1,"minecraft:stone_sword":1,"minecraft:tuff":2,"minecraft:raw_iron":32,"minecraft:iron_boots":3,"quark:white_shard":24,"minecraft:flint_and_steel":4,"minecraft:potato":11,"minecraft:allium":1,"minecraft:bundle":1,"minecraft:spruce_planks":49,"minecraft:iron_chestplate":2,"minecraft:andesite":5,"minecraft:golden_leggings":10,"minecraft:waxed_oxidized_cut_copper":1,"minecraft:redstone_torch":1,"minecraft:stone_bricks":19,"minecraft:barrel":4,"minecraft:spider_eye":5,"minecraft:slime_ball":3,"minecraft:stone_pickaxe":2,"minecraft:wooden_pickaxe":3,"tombstone:tablet_of_cupidity":1}},"DataVersion":3465}