{"stats":{"minecraft:picked_up":{"minecraft:crafting_table":2,"minecraft:wheat":29,"minecraft:andesite":1,"minecraft:potato":9,"biomesoplenty:jacaranda_sapling":1,"minecraft:oak_log":2,"biomesoplenty:tall_lavender":1,"minecraft:bone":1,"minecraft:oak_sign":1,"minecraft:stone_bricks":2,"minecraft:wheat_seeds":132,"minecraft:iron_ingot":3,"minecraft:stone_pickaxe":2,"minecraft:furnace":1,"minecraft:raw_iron":41,"simplefarming:radish_seeds":2,"minecraft:torch":2,"minecraft:gravel":1,"minecraft:white_bed":1,"minecraft:carrot":11,"minecraft:arrow":1,"minecraft:rotten_flesh":5,"biomesoplenty:jacaranda_log":24,"minecraft:beetroot_seeds":4,"alexsmobs:maggot":4,"minecraft:coal":8,"minecraft:cobblestone":39},"minecraft:custom":{"minecraft:interact_with_furnace":14,"minecraft:mob_kills":4,"minecraft:interact_with_crafting_table":14,"minecraft:open_barrel":2,"minecraft:time_since_death":3477,"minecraft:sleep_in_bed":4,"minecraft:climb_one_cm":1656,"minecraft:damage_resisted":39,"minecraft:time_since_rest":2607,"minecraft:damage_taken":4067,"minecraft:sprint_one_cm":84131,"minecraft:walk_one_cm":114261,"minecraft:drop":11,"minecraft:damage_dealt":733,"minecraft:swim_one_cm":1697,"minecraft:fly_one_cm":161368,"minecraft:open_chest":23,"minecraft:crouch_one_cm":4576,"minecraft:play_time":55561,"tombstone:undead_killed":2,"minecraft:deaths":10,"minecraft:sneak_time":2025,"minecraft:walk_under_water_one_cm":3330,"minecraft:jump":773,"minecraft:walk_on_water_one_cm":4738,"minecraft:total_world_time":55561,"minecraft:fall_one_cm":39862},"minecraft:killed":{"undead_revamp2:theswarmer":1,"minecraft:skeleton":1},"minecraft:dropped":{"minecraft:wheat_seeds":58,"minecraft:iron_nugget":2,"alexsmobs:animal_dictionary":1,"simplefarming:radish_seeds":1,"minecraft:carrot":1,"minecraft:potato":3,"minecraft:stone_pickaxe":2},"minecraft:crafted":{"minecraft:oak_planks":8,"biomesoplenty:jacaranda_planks":96,"minecraft:crafting_table":1,"simplyswords:iron_twinblade":1,"minecraft:wooden_pickaxe":1,"minecraft:furnace":1,"minecraft:bucket":1,"minecraft:stone_axe":1,"minecraft:air":0,"minecraft:iron_boots":1,"minecraft:iron_chestplate":1,"minecraft:shield":1,"minecraft:stick":20,"quark:oak_chest":1,"minecraft:iron_ingot":29,"minecraft:stone_pickaxe":1,"minecraft:stone_sword":1,"minecraft:iron_leggings":1,"minecraft:torch":8},"minecraft:mined":{"biomesoplenty:jacaranda_leaves":1,"minecraft:white_bed":1,"minecraft:crafting_table":2,"minecraft:torch":1,"biomesoplenty:bush":5,"biomesoplenty:jacaranda_log":24,"minecraft:furnace":1,"minecraft:carrots":9,"minecraft:iron_ore":46,"minecraft:wheat":31,"minecraft:andesite":1,"minecraft:oak_log":2,"minecraft:grass":13,"minecraft:potatoes":6,"minecraft:coal_ore":6,"minecraft:beetroots":2,"minecraft:gravel":1,"biomesoplenty:stringy_cobweb":1,"minecraft:stone_bricks":2,"minecraft:stone":40,"minecraft:oak_leaves":4},"minecraft:used":{"minecraft:knowledge_book":160,"minecraft:wheat_seeds":29,"minecraft:water_bucket":4,"minecraft:stone_sword":8,"minecraft:stone_pickaxe":81,"minecraft:wooden_pickaxe":19,"minecraft:torch":1,"minecraft:crafting_table":2,"simplyswords:iron_twinblade":57,"minecraft:carrot":10,"minecraft:white_bed":1,"simplefarming:radish_seeds":1,"alexsmobs:maggot":4,"minecraft:iron_boots":1,"minecraft:gravel":1,"minecraft:stone_axe":36,"biomesoplenty:jacaranda_sapling":1,"minecraft:cobblestone":13,"minecraft:furnace":1,"minecraft:andesite":1,"minecraft:bucket":5,"tombstone:gift":4,"quark:oak_chest":1,"alexsmobs:animal_dictionary":3,"minecraft:potato":6,"minecraft:iron_leggings":1}},"DataVersion":3465}