{"stats":{"minecraft:crafted":{"minecraft:smooth_stone":5,"minecraft:oak_planks":84,"simplyswords:diamond_greathammer":1,"immersive_aircraft:boiler":1,"minecraft:diamond_axe":1,"minecraft:iron_nugget":9,"minecraft:crafting_table":3,"minecraft:wooden_pickaxe":1,"minecraft:baked_potato":20,"minecraft:furnace":4,"minecraft:blast_furnace":1,"minecraft:piston":2,"minecraft:copper_ingot":7,"minecraft:stone":11,"sophisticatedbackpacks:gold_backpack":1,"minecraft:bucket":2,"minecraft:stone_axe":1,"immersive_aircraft:propeller":1,"minecraft:air":0,"jeg:scrap_block":1,"minecraft:book":1,"minecraft:diamond_helmet":1,"minecraft:paper":3,"minecraft:diamond_leggings":1,"minecraft:diamond_pickaxe":1,"jeg:scrap_workbench":1,"sophisticatedbackpacks:diamond_backpack":1,"minecraft:stick":20,"minecraft:iron_ingot":53,"minecraft:iron_pickaxe":1,"minecraft:stone_pickaxe":1,"minecraft:diamond_boots":1,"minecraft:gold_ingot":14,"minecraft:torch":8,"minecraft:diamond_chestplate":1,"sophisticatedbackpacks:iron_backpack":1},"minecraft:used":{"minecraft:knowledge_book":1,"minecraft:water_bucket":2,"minecraft:stone_pickaxe":62,"minecraft:baked_potato":17,"minecraft:wooden_pickaxe":6,"minecraft:sugar_cane":3,"minecraft:diamond_axe":25,"minecraft:torch":16,"minecraft:crafting_table":8,"minecraft:carrot":4,"minecraft:diamond_pickaxe":497,"minecraft:iron_pickaxe":2,"simplyswords:diamond_greathammer":3,"jeg:scrap_workbench":1,"minecraft:stone_axe":39,"minecraft:cobblestone":133,"minecraft:furnace":13,"minecraft:birch_log":1,"minecraft:bucket":4,"alexsmobs:animal_dictionary":1},"minecraft:killed":{"zombie_more:cursed_zombie":1,"undead_revamp2:the_moonflower":2,"minecraft:skeleton":1,"minecraft:sheep":1,"minecraft:cow":4},"minecraft:custom":{"minecraft:interact_with_furnace":71,"minecraft:mob_kills":9,"minecraft:interact_with_crafting_table":42,"minecraft:open_barrel":1,"minecraft:damage_dealt_resisted":23,"minecraft:leave_game":1,"minecraft:time_since_death":56354,"minecraft:damage_resisted":64,"minecraft:time_since_rest":54684,"minecraft:sprint_one_cm":182031,"minecraft:damage_taken":1089,"minecraft:walk_one_cm":151797,"minecraft:drop":3,"minecraft:damage_dealt":966,"minecraft:swim_one_cm":6290,"minecraft:fly_one_cm":178187,"minecraft:open_chest":10,"minecraft:crouch_one_cm":5835,"minecraft:play_time":90247,"tombstone:undead_killed":4,"minecraft:deaths":1,"minecraft:sneak_time":2440,"minecraft:walk_under_water_one_cm":341,"minecraft:jump":1060,"minecraft:interact_with_blast_furnace":9,"minecraft:walk_on_water_one_cm":2112,"minecraft:interact_with_smoker":2,"minecraft:total_world_time":90247,"minecraft:fall_one_cm":29296},"minecraft:picked_up":{"minecraft:birch_log":18,"minecraft:crafting_table":6,"minecraft:lilac":4,"minecraft:andesite":10,"minecraft:leather":3,"minecraft:brown_mushroom":2,"minecraft:smoker":1,"minecraft:potato":58,"minecraft:oak_stairs":1,"minecraft:oak_log":21,"jeg:scrap":31,"minecraft:lapis_lazuli":43,"minecraft:dirt":15,"minecraft:raw_copper":16,"minecraft:bone":6,"minecraft:blue_orchid":2,"minecraft:cobbled_deepslate":88,"minecraft:raw_gold":14,"minecraft:beef":4,"simplefarming:blackberry_bush":1,"minecraft:sugar_cane":6,"minecraft:oak_planks":1,"jeg:tech_trash":5,"minecraft:furnace":11,"minecraft:stick":1,"minecraft:raw_iron":44,"securitycraft:mine":7,"simplefarming:pear":2,"minecraft:torch":8,"minecraft:gravel":4,"sophisticatedbackpacks:backpack":1,"minecraft:diorite":1,"minecraft:carrot":2,"minecraft:redstone":13,"quark:blue_corundum_cluster":1,"quark:oak_chest":2,"minecraft:arrow":2,"minecraft:rotten_flesh":20,"minecraft:diamond":43,"minecraft:iron_block":1,"minecraft:granite":42,"minecraft:damaged_anvil":1,"minecraft:mutton":2,"minecraft:white_wool":1,"minecraft:obsidian":4,"minecraft:coal":42,"minecraft:cobblestone":180},"minecraft:dropped":{"minecraft:lilac":2,"minecraft:blue_orchid":1},"minecraft:mined":{"minecraft:deepslate_redstone_ore":3,"minecraft:diamond_ore":6,"horror_element_mod:dead_experiment":1,"minecraft:brown_mushroom":2,"jeg:scrap_ore":12,"minecraft:deepslate_diamond_ore":17,"quark:oak_chest":2,"minecraft:smoker":1,"minecraft:obsidian":4,"minecraft:crafting_table":6,"minecraft:granite":42,"biomesoplenty:bush":7,"minecraft:grass_block":4,"quark:blue_corundum_cluster":1,"minecraft:copper_ore":5,"minecraft:cobblestone":7,"minecraft:lapis_ore":1,"minecraft:sugar_cane":2,"minecraft:oak_planks":1,"minecraft:damaged_anvil":1,"minecraft:diorite":1,"minecraft:wall_torch":6,"minecraft:deepslate_copper_ore":1,"jeg:deepslate_scrap_ore":6,"minecraft:furnace":11,"minecraft:birch_log":18,"minecraft:iron_ore":37,"simplefarming:pear_leaves":2,"minecraft:lilac":3,"minecraft:andesite":10,"minecraft:deepslate_lapis_ore":5,"horror_element_mod:dead_cow":1,"minecraft:grass":1,"minecraft:coal_ore":24,"minecraft:oak_log":22,"minecraft:deepslate_iron_ore":7,"minecraft:oak_stairs":1,"minecraft:gravel":5,"minecraft:dirt":7,"minecraft:blue_orchid":1,"minecraft:stone":215,"minecraft:iron_block":1,"minecraft:gold_ore":14,"minecraft:deepslate":113}},"DataVersion":3465}