{"stats":{"minecraft:crafted":{"immersive_aircraft:engine":1,"minecraft:smooth_stone":5,"minecraft:oak_planks":84,"minecraft:birch_wood":12,"simplyswords:diamond_greathammer":1,"minecraft:iron_nugget":9,"minecraft:furnace":4,"immersive_aircraft:biplane":1,"minecraft:blast_furnace":1,"minecraft:piston":2,"minecraft:stone":21,"minecraft:diamond_helmet":1,"minecraft:diamond_leggings":1,"jeg:scrap_workbench":1,"immersive_aircraft:hull":3,"minecraft:stone_pickaxe":1,"minecraft:diamond_boots":1,"sophisticatedbackpacks:iron_backpack":1,"minecraft:cooked_beef":4,"immersive_aircraft:boiler":1,"minecraft:diamond_axe":1,"minecraft:crafting_table":4,"minecraft:enchanting_table":1,"minecraft:wooden_pickaxe":1,"minecraft:baked_potato":25,"minecraft:copper_ingot":7,"sophisticatedbackpacks:gold_backpack":1,"minecraft:bucket":2,"minecraft:birch_planks":16,"minecraft:stone_axe":1,"immersive_aircraft:propeller":1,"minecraft:air":0,"jeg:scrap_block":1,"minecraft:book":1,"minecraft:paper":3,"minecraft:diamond_pickaxe":1,"minecraft:gold_nugget":54,"minecraft:shield":1,"sophisticatedbackpacks:diamond_backpack":1,"minecraft:stick":24,"minecraft:iron_ingot":53,"minecraft:iron_pickaxe":1,"minecraft:gold_ingot":14,"minecraft:white_bed":2,"minecraft:torch":28,"minecraft:shears":1,"minecraft:diamond_chestplate":1,"minecraft:golden_carrot":6},"minecraft:killed_by":{"minecraft:phantom":1},"minecraft:used":{"minecraft:enchanting_table":2,"minecraft:stone":11,"minecraft:rotten_flesh":5,"minecraft:torch":32,"minecraft:dirt":17,"minecraft:carrot":24,"born_in_chaos_v1:corpse_maggot":9,"alexsmobs:maggot":1,"simplyswords:diamond_greathammer":104,"minecraft:stone_bricks":1,"minecraft:golden_carrot":6,"minecraft:furnace":14,"jeg:revolver":5,"tombstone:gift":2,"undead_revamp2:arapholia":1,"minecraft:cooked_beef":4,"immersive_aircraft:biplane":17,"minecraft:knowledge_book":7,"minecraft:water_bucket":3,"minecraft:damaged_anvil":1,"minecraft:stone_pickaxe":62,"minecraft:baked_potato":21,"minecraft:wooden_pickaxe":6,"minecraft:stonecutter":1,"minecraft:sugar_cane":3,"minecraft:diamond_axe":59,"minecraft:oak_leaves":10,"minecraft:crafting_table":9,"minecraft:blast_furnace":2,"minecraft:white_bed":1,"minecraft:shears":17,"minecraft:smoker":1,"minecraft:diamond_pickaxe":831,"minecraft:iron_pickaxe":2,"minecraft:gravel":2,"jeg:scrap_workbench":3,"minecraft:stone_axe":39,"minecraft:cobblestone":303,"minecraft:andesite":11,"minecraft:bucket":5,"minecraft:birch_log":1,"alexsmobs:animal_dictionary":1},"minecraft:killed":{"zombie_more:cursed_zombie":1,"minecraft:spider":2,"undead_revamp2:thesmoker":2,"born_in_chaos_v1:baby_skeleton_minion":4,"minecraft:phantom":2,"minecraft:skeleton":5,"born_in_chaos_v1:corpse_fish":1,"born_in_chaos_v1:bonescaller":1,"zombie_more:crawler_zombie":2,"undead_revamp2:the_moonflower":6,"minecraft:sheep":1,"minecraft:zombie":4,"born_in_chaos_v1:dread_hound":1,"born_in_chaos_v1:corpse_fly":7,"minecraft:cow":4},"minecraft:custom":{"minecraft:interact_with_anvil":1,"minecraft:mob_kills":43,"minecraft:interact_with_crafting_table":58,"minecraft:open_barrel":1,"minecraft:damage_dealt_resisted":727,"minecraft:leave_game":3,"minecraft:time_since_death":418,"minecraft:damage_resisted":64,"minecraft:sprint_one_cm":357969,"minecraft:walk_one_cm":335159,"minecraft:drop":7,"minecraft:play_time":194245,"minecraft:deaths":3,"minecraft:sneak_time":5739,"minecraft:walk_under_water_one_cm":23155,"minecraft:jump":2267,"minecraft:interact_with_blast_furnace":10,"minecraft:enchant_item":7,"minecraft:walk_on_water_one_cm":17154,"minecraft:total_world_time":194245,"minecraft:interact_with_furnace":83,"tombstone:raider_killed":2,"minecraft:time_since_rest":186,"minecraft:damage_taken":4211,"minecraft:damage_dealt":6569,"minecraft:swim_one_cm":85777,"minecraft:fly_one_cm":443768,"minecraft:open_chest":30,"minecraft:crouch_one_cm":15465,"tombstone:undead_killed":27,"minecraft:interact_with_smoker":5,"minecraft:fall_one_cm":58715},"minecraft:picked_up":{"minecraft:crafting_table":6,"minecraft:brown_mushroom":2,"minecraft:oak_stairs":1,"jeg:scrap_workbench":2,"minecraft:string":1,"minecraft:raw_copper":189,"immersive_aircraft:biplane":17,"minecraft:blue_orchid":2,"jeg:revolver":1,"minecraft:cobbled_deepslate":88,"minecraft:beef":4,"born_in_chaos_v1:gnawed_bones":1,"simplefarming:blackberry_bush":1,"minecraft:iron_nugget":3,"minecraft:sugar_cane":6,"minecraft:phantom_membrane":2,"minecraft:furnace":11,"minecraft:stick":1,"minecraft:raw_iron":49,"simplefarming:pear":2,"jeg:pistol_ammo":5,"minecraft:torch":23,"sophisticatedbackpacks:backpack":1,"tombstone:grave_dust":1,"minecraft:diorite":16,"minecraft:carrot":19,"minecraft:redstone":13,"simplefarming:eggplant_seeds":1,"minecraft:arrow":7,"minecraft:rotten_flesh":30,"minecraft:iron_block":1,"minecraft:obsidian":4,"minecraft:mutton":2,"undead_revamp2:arapholia":1,"minecraft:white_wool":6,"minecraft:cobblestone":324,"minecraft:birch_log":39,"minecraft:enchanting_table":1,"born_in_chaos_v1:corpse_maggot":5,"minecraft:lilac":4,"minecraft:andesite":34,"minecraft:leather":3,"minecraft:smoker":1,"minecraft:potato":58,"minecraft:flint":1,"minecraft:oak_log":21,"jeg:scrap":31,"minecraft:gunpowder":1,"minecraft:lapis_lazuli":43,"minecraft:dirt":54,"minecraft:bone":13,"minecraft:stone_bricks":4,"minecraft:stonecutter":1,"minecraft:wheat_seeds":1,"minecraft:raw_gold":14,"jeg:tech_trash":5,"minecraft:oak_planks":1,"minecraft:book":381,"securitycraft:mine":7,"minecraft:gravel":13,"quark:oak_chest":2,"quark:blue_corundum_cluster":1,"minecraft:spider_eye":1,"minecraft:diamond":43,"minecraft:granite":69,"minecraft:grass":1,"tombstone:magic_scroll":2,"minecraft:damaged_anvil":1,"minecraft:coal":94,"minecraft:oak_leaves":10},"minecraft:dropped":{"minecraft:lilac":2,"minecraft:torch":2,"minecraft:phantom_membrane":1,"minecraft:white_bed":1,"minecraft:stone_bricks":1,"minecraft:blue_orchid":1},"minecraft:mined":{"undead_revamp2:arapholia":1,"minecraft:diamond_ore":6,"minecraft:deepslate_diamond_ore":17,"minecraft:obsidian":4,"minecraft:granite":70,"biomesoplenty:bush":7,"minecraft:grass_block":8,"minecraft:furnace":11,"minecraft:iron_ore":42,"minecraft:andesite":35,"minecraft:deepslate_lapis_ore":5,"minecraft:enchanting_table":1,"biomesoplenty:high_grass":4,"minecraft:deepslate_iron_ore":7,"minecraft:oak_stairs":1,"minecraft:stone":345,"minecraft:blue_orchid":1,"minecraft:iron_block":1,"minecraft:deepslate_redstone_ore":3,"horror_element_mod:dead_experiment":1,"minecraft:brown_mushroom":2,"jeg:scrap_ore":12,"quark:oak_chest":2,"minecraft:smoker":1,"minecraft:crafting_table":6,"biomesoplenty:high_grass_plant":5,"quark:blue_corundum_cluster":1,"minecraft:cobblestone":28,"minecraft:copper_ore":55,"minecraft:lapis_ore":1,"minecraft:sugar_cane":2,"minecraft:oak_planks":1,"minecraft:damaged_anvil":1,"minecraft:diorite":16,"minecraft:wall_torch":6,"minecraft:deepslate_copper_ore":1,"jeg:deepslate_scrap_ore":6,"jeg:scrap_workbench":2,"minecraft:birch_log":39,"simplefarming:pear_leaves":2,"minecraft:lilac":3,"minecraft:grass":6,"minecraft:oak_log":22,"minecraft:coal_ore":76,"horror_element_mod:dead_cow":1,"minecraft:gravel":15,"minecraft:dirt":13,"minecraft:stonecutter":1,"minecraft:stone_bricks":3,"minecraft:gold_ore":14,"minecraft:oak_leaves":20,"minecraft:deepslate":113}},"DataVersion":3465}