{"stats":{"minecraft:crafted":{"minecraft:oak_planks":16,"minecraft:stone_axe":1,"minecraft:crafting_table":1,"minecraft:stick":8,"minecraft:wooden_pickaxe":1,"minecraft:stone_pickaxe":1},"minecraft:used":{"minecraft:knowledge_book":1,"minecraft:crafting_table":1,"minecraft:stone_pickaxe":20,"alexsmobs:animal_dictionary":1,"minecraft:wooden_pickaxe":6},"minecraft:custom":{"minecraft:time_since_rest":6281,"minecraft:crouch_one_cm":686,"minecraft:play_time":6281,"minecraft:sprint_one_cm":9016,"minecraft:damage_taken":30,"minecraft:walk_one_cm":14813,"minecraft:sneak_time":241,"minecraft:jump":50,"minecraft:time_since_death":6281,"minecraft:total_world_time":6281,"minecraft:interact_with_crafting_table":2,"minecraft:fall_one_cm":1460,"minecraft:fly_one_cm":6726},"minecraft:picked_up":{"minecraft:potato":30,"minecraft:oak_log":4,"minecraft:carrot":2,"minecraft:dirt":2,"minecraft:coal":8,"minecraft:cobblestone":15},"minecraft:mined":{"biomesoplenty:bush":1,"minecraft:grass_block":2,"minecraft:coal_ore":8,"minecraft:oak_log":4,"minecraft:stone":15}},"DataVersion":3465}