{"stats":{"minecraft:crafted":{"minecraft:oak_planks":84,"minecraft:crafting_table":2,"minecraft:wooden_pickaxe":1,"minecraft:baked_potato":12,"minecraft:furnace":1,"minecraft:bucket":1,"minecraft:stone_axe":1,"minecraft:air":0,"minecraft:diamond_helmet":1,"minecraft:diamond_leggings":1,"minecraft:diamond_pickaxe":1,"minecraft:stick":12,"minecraft:iron_ingot":17,"minecraft:iron_pickaxe":1,"minecraft:stone_pickaxe":1,"minecraft:diamond_boots":1,"minecraft:torch":8,"minecraft:diamond_chestplate":1,"sophisticatedbackpacks:iron_backpack":1},"minecraft:used":{"minecraft:knowledge_book":1,"minecraft:water_bucket":1,"minecraft:stone_pickaxe":62,"minecraft:baked_potato":7,"minecraft:wooden_pickaxe":6,"minecraft:torch":15,"minecraft:crafting_table":7,"minecraft:diamond_pickaxe":400,"minecraft:iron_pickaxe":2,"minecraft:stone_axe":28,"minecraft:cobblestone":37,"minecraft:furnace":8,"minecraft:bucket":2,"alexsmobs:animal_dictionary":1},"minecraft:killed":{"zombie_more:cursed_zombie":1},"minecraft:custom":{"minecraft:interact_with_furnace":18,"minecraft:mob_kills":1,"minecraft:interact_with_crafting_table":15,"minecraft:leave_game":1,"minecraft:time_since_death":20354,"minecraft:damage_resisted":64,"minecraft:time_since_rest":18684,"minecraft:sprint_one_cm":65072,"minecraft:damage_taken":818,"minecraft:walk_one_cm":87587,"minecraft:drop":2,"minecraft:damage_dealt":200,"minecraft:fly_one_cm":43790,"minecraft:open_chest":2,"minecraft:crouch_one_cm":3160,"minecraft:play_time":54247,"tombstone:undead_killed":1,"minecraft:deaths":1,"minecraft:sneak_time":1648,"minecraft:jump":372,"minecraft:walk_on_water_one_cm":134,"minecraft:total_world_time":54247,"minecraft:fall_one_cm":9193},"minecraft:picked_up":{"minecraft:crafting_table":5,"minecraft:lilac":2,"minecraft:andesite":10,"minecraft:potato":48,"minecraft:oak_stairs":1,"minecraft:oak_log":21,"jeg:scrap":15,"minecraft:lapis_lazuli":43,"minecraft:dirt":4,"minecraft:raw_copper":5,"minecraft:blue_orchid":2,"minecraft:cobbled_deepslate":88,"minecraft:raw_gold":9,"simplefarming:blackberry_bush":1,"jeg:tech_trash":3,"minecraft:furnace":10,"minecraft:raw_iron":44,"minecraft:torch":7,"sophisticatedbackpacks:backpack":1,"minecraft:diorite":1,"minecraft:carrot":2,"minecraft:redstone":13,"minecraft:rotten_flesh":5,"minecraft:diamond":43,"minecraft:granite":40,"minecraft:damaged_anvil":1,"minecraft:obsidian":4,"minecraft:coal":23,"minecraft:cobblestone":126},"minecraft:dropped":{"minecraft:lilac":1,"minecraft:blue_orchid":1},"minecraft:mined":{"minecraft:deepslate_redstone_ore":3,"minecraft:diamond_ore":6,"jeg:scrap_ore":4,"minecraft:deepslate_diamond_ore":17,"minecraft:obsidian":4,"minecraft:crafting_table":5,"minecraft:granite":40,"biomesoplenty:bush":6,"minecraft:grass_block":2,"minecraft:copper_ore":2,"minecraft:cobblestone":7,"minecraft:lapis_ore":1,"minecraft:damaged_anvil":1,"minecraft:diorite":1,"minecraft:wall_torch":5,"minecraft:deepslate_copper_ore":1,"jeg:deepslate_scrap_ore":6,"minecraft:furnace":10,"minecraft:iron_ore":37,"minecraft:lilac":1,"minecraft:andesite":10,"minecraft:deepslate_lapis_ore":5,"minecraft:grass":1,"minecraft:coal_ore":14,"minecraft:oak_log":22,"minecraft:deepslate_iron_ore":7,"minecraft:oak_stairs":1,"minecraft:gravel":1,"minecraft:dirt":2,"minecraft:blue_orchid":1,"minecraft:stone":161,"minecraft:gold_ore":10,"minecraft:deepslate":113}},"DataVersion":3465}