{"stats":{"minecraft:crafted":{"minecraft:cooked_beef":7,"minecraft:wooden_sword":1,"minecraft:barrel":1,"biomesoplenty:jacaranda_planks":69,"minecraft:cooked_porkchop":5,"minecraft:crafting_table":1,"minecraft:baked_potato":38,"biomesoplenty:jacaranda_slab":12,"minecraft:stick":12,"minecraft:stone_pickaxe":2,"minecraft:torch":16},"minecraft:broken":{"minecraft:wooden_sword":1,"minecraft:stone_pickaxe":2},"minecraft:killed_by":{"minecraft:player":1,"minecraft:skeleton":1},"minecraft:used":{"minecraft:knowledge_book":23,"minecraft:stone_sword":43,"minecraft:stone_pickaxe":218,"minecraft:baked_potato":35,"minecraft:torch":14,"minecraft:dirt":5,"minecraft:crafting_table":2,"alexscaves:metal_swarf":2,"simplyswords:iron_twinblade":8,"minecraft:carrot":1,"biomesoplenty:jacaranda_planks":13,"minecraft:chicken":1,"minecraft:bread":5,"biomesoplenty:jacaranda_log":5,"minecraft:barrel":1,"minecraft:stone_axe":3,"minecraft:wooden_sword":60,"minecraft:cobblestone":5,"minecraft:porkchop":5,"minecraft:oak_sapling":1,"minecraft:cooked_porkchop":3,"jeg:revolver":2,"tombstone:gift":2,"quark:oak_chest":1,"minecraft:cooked_beef":3},"minecraft:killed":{"minecraft:pig":3,"minecraft:zombie_villager":1,"minecraft:spider":1,"born_in_chaos_v1:maggot":1,"minecraft:skeleton":1,"minecraft:zombie":4,"minecraft:chicken":1,"born_in_chaos_v1:corpse_fly":1},"minecraft:custom":{"minecraft:interact_with_furnace":21,"minecraft:mob_kills":13,"minecraft:interact_with_crafting_table":9,"minecraft:open_barrel":9,"minecraft:damage_dealt_resisted":13,"minecraft:leave_game":2,"minecraft:time_since_death":26874,"minecraft:sleep_in_bed":3,"minecraft:time_since_rest":3326,"minecraft:sprint_one_cm":172381,"minecraft:damage_taken":4147,"minecraft:walk_one_cm":722771,"minecraft:drop":24,"minecraft:damage_dealt":2819,"minecraft:swim_one_cm":8310,"minecraft:fly_one_cm":91151,"minecraft:open_chest":10,"minecraft:crouch_one_cm":4632,"minecraft:play_time":181060,"tombstone:undead_killed":6,"minecraft:deaths":5,"minecraft:sneak_time":2919,"minecraft:walk_under_water_one_cm":7573,"minecraft:jump":1526,"minecraft:walk_on_water_one_cm":19376,"minecraft:total_world_time":181060,"minecraft:fall_one_cm":32852},"minecraft:picked_up":{"biomesoplenty:lavender":2,"minecraft:magma_block":2,"born_in_chaos_v1:corpse_maggot":2,"simplefarming:pea_seeds":4,"minecraft:allium":1,"minecraft:feather":2,"minecraft:chicken":2,"born_in_chaos_v1:seedof_chaos":1,"minecraft:potato":54,"tombstone:grave_key":1,"undead_revamp2:huntereye":1,"jeg:scrap":22,"biomesoplenty:jacaranda_planks":2,"minecraft:gunpowder":3,"minecraft:string":1,"alexscaves:metal_swarf":8,"minecraft:dirt":40,"minecraft:raw_copper":16,"alexscaves:galena":38,"minecraft:bone":1,"jeg:revolver":4,"minecraft:wheat_seeds":6,"minecraft:iron_ingot":3,"minecraft:stone_pickaxe":2,"simplefarming:blackberry_bush":1,"minecraft:oak_planks":3,"jeg:tech_trash":3,"minecraft:iron_boots":1,"simplefarming:peanut_seeds":1,"minecraft:raw_iron":1,"minecraft:torch":6,"minecraft:porkchop":5,"tombstone:grave_dust":2,"minecraft:carrot":4,"quark:oak_chest":1,"simplyswords:iron_twinblade":1,"minecraft:stone_sword":1,"minecraft:arrow":3,"minecraft:rotten_flesh":2,"biomesoplenty:jacaranda_log":22,"minecraft:stone_axe":1,"alexscaves:scarlet_neodymium_pillar":4,"minecraft:bread":5,"minecraft:baked_potato":29,"minecraft:oak_sapling":1,"simplefarming:cotton_seeds":2,"minecraft:iron_chestplate":1,"minecraft:coal":51,"minecraft:cobblestone":75,"minecraft:crafting_table":1},"minecraft:dropped":{"minecraft:wheat_seeds":3,"minecraft:cooked_beef":4,"minecraft:baked_potato":8,"minecraft:cooked_porkchop":2,"biomesoplenty:lavender":2,"minecraft:raw_iron":1,"minecraft:chicken":1,"simplefarming:pea_seeds":4,"jeg:revolver":4,"minecraft:gunpowder":1,"minecraft:allium":1,"tombstone:grave_key":2,"born_in_chaos_v1:corpse_maggot":2,"minecraft:stone_pickaxe":1,"minecraft:bone":1,"simplefarming:cotton_seeds":1},"minecraft:mined":{"biomesoplenty:jacaranda_leaves":3,"jeg:scrap_ore":12,"biomesoplenty:jacaranda_planks":1,"minecraft:crafting_table":1,"minecraft:torch":2,"biomesoplenty:bush":1,"minecraft:grass_block":16,"alexscaves:energized_galena_scarlet":4,"minecraft:copper_ore":4,"alexscaves:metal_swarf":5,"minecraft:cobblestone":1,"minecraft:oak_planks":1,"alexscaves:galena":22,"minecraft:wall_torch":4,"biomesoplenty:jacaranda_log":22,"minecraft:iron_ore":1,"minecraft:wheat":1,"minecraft:grass":11,"minecraft:potatoes":1,"minecraft:coal_ore":55,"minecraft:dirt":17,"minecraft:stone":69,"minecraft:oak_leaves":1}},"DataVersion":3465}