{"stats":{"minecraft:crafted":{"minecraft:cooked_beef":7,"minecraft:wooden_sword":1,"biomesoplenty:jacaranda_planks":68,"minecraft:cooked_porkchop":5,"minecraft:crafting_table":1,"minecraft:baked_potato":22,"minecraft:stick":12,"minecraft:stone_pickaxe":2,"minecraft:torch":16},"minecraft:broken":{"minecraft:wooden_sword":1},"minecraft:killed_by":{"minecraft:player":1,"minecraft:skeleton":1},"minecraft:used":{"minecraft:knowledge_book":23,"minecraft:stone_pickaxe":159,"minecraft:baked_potato":32,"minecraft:torch":11,"minecraft:dirt":5,"minecraft:crafting_table":2,"alexscaves:metal_swarf":2,"simplyswords:iron_twinblade":8,"minecraft:carrot":1,"minecraft:chicken":1,"minecraft:bread":5,"biomesoplenty:jacaranda_log":5,"minecraft:wooden_sword":60,"minecraft:cobblestone":5,"minecraft:oak_sapling":1,"minecraft:cooked_porkchop":2,"tombstone:gift":1,"minecraft:cooked_beef":3},"minecraft:killed":{"minecraft:zombie_villager":1,"born_in_chaos_v1:maggot":1,"minecraft:skeleton":1,"minecraft:zombie":3,"born_in_chaos_v1:corpse_fly":1},"minecraft:custom":{"minecraft:interact_with_furnace":19,"minecraft:mob_kills":7,"minecraft:interact_with_crafting_table":6,"minecraft:damage_dealt_resisted":13,"minecraft:leave_game":2,"minecraft:time_since_death":78248,"minecraft:sleep_in_bed":2,"minecraft:time_since_rest":8162,"minecraft:sprint_one_cm":118397,"minecraft:damage_taken":3561,"minecraft:walk_one_cm":589374,"minecraft:drop":16,"minecraft:damage_dealt":2049,"minecraft:swim_one_cm":543,"minecraft:fly_one_cm":58862,"minecraft:open_chest":5,"minecraft:crouch_one_cm":4575,"minecraft:play_time":145060,"tombstone:undead_killed":5,"minecraft:deaths":4,"minecraft:sneak_time":2658,"minecraft:walk_under_water_one_cm":6737,"minecraft:jump":1077,"minecraft:walk_on_water_one_cm":17115,"minecraft:total_world_time":145060,"minecraft:fall_one_cm":23331},"minecraft:picked_up":{"biomesoplenty:lavender":2,"minecraft:magma_block":2,"born_in_chaos_v1:corpse_maggot":2,"simplefarming:pea_seeds":4,"minecraft:allium":1,"minecraft:chicken":1,"born_in_chaos_v1:seedof_chaos":1,"minecraft:potato":23,"tombstone:grave_key":1,"undead_revamp2:huntereye":1,"jeg:scrap":22,"biomesoplenty:jacaranda_planks":1,"minecraft:gunpowder":1,"minecraft:string":1,"alexscaves:metal_swarf":8,"minecraft:dirt":13,"minecraft:raw_copper":16,"alexscaves:galena":38,"minecraft:bone":1,"minecraft:wheat_seeds":6,"minecraft:iron_ingot":3,"minecraft:stone_pickaxe":2,"minecraft:oak_planks":3,"jeg:tech_trash":3,"simplefarming:peanut_seeds":1,"minecraft:raw_iron":1,"minecraft:torch":5,"tombstone:grave_dust":2,"minecraft:carrot":4,"simplyswords:iron_twinblade":1,"minecraft:stone_sword":1,"minecraft:arrow":3,"minecraft:rotten_flesh":2,"biomesoplenty:jacaranda_log":22,"minecraft:stone_axe":1,"alexscaves:scarlet_neodymium_pillar":4,"minecraft:bread":5,"minecraft:baked_potato":29,"minecraft:oak_sapling":1,"simplefarming:cotton_seeds":1,"minecraft:coal":50,"minecraft:cobblestone":32,"minecraft:crafting_table":1},"minecraft:dropped":{"minecraft:wheat_seeds":2,"minecraft:cooked_beef":4,"minecraft:baked_potato":8,"minecraft:cooked_porkchop":2,"biomesoplenty:lavender":2,"minecraft:raw_iron":1,"simplefarming:pea_seeds":4,"minecraft:gunpowder":1,"minecraft:allium":1,"tombstone:grave_key":1,"born_in_chaos_v1:corpse_maggot":2,"minecraft:bone":1,"simplefarming:cotton_seeds":1},"minecraft:mined":{"biomesoplenty:jacaranda_leaves":3,"jeg:scrap_ore":12,"minecraft:crafting_table":1,"minecraft:torch":2,"minecraft:grass_block":1,"alexscaves:energized_galena_scarlet":4,"minecraft:copper_ore":4,"alexscaves:metal_swarf":5,"minecraft:cobblestone":1,"minecraft:oak_planks":1,"alexscaves:galena":22,"minecraft:wall_torch":3,"biomesoplenty:jacaranda_log":22,"minecraft:iron_ore":1,"minecraft:wheat":1,"minecraft:grass":7,"minecraft:coal_ore":54,"minecraft:dirt":5,"minecraft:stone":25,"minecraft:oak_leaves":1}},"DataVersion":3465}