{"stats":{"minecraft:crafted":{"minecraft:cooked_beef":7,"minecraft:wooden_sword":1,"minecraft:barrel":1,"biomesoplenty:jacaranda_planks":69,"minecraft:cooked_porkchop":5,"minecraft:crafting_table":1,"minecraft:baked_potato":51,"biomesoplenty:jacaranda_slab":12,"tombstone:grave_key":1,"minecraft:stick":24,"minecraft:stone_pickaxe":9,"minecraft:torch":16},"minecraft:broken":{"minecraft:wooden_sword":1,"minecraft:stone_pickaxe":2},"minecraft:killed_by":{"minecraft:player":1,"minecraft:skeleton":1},"minecraft:used":{"minecraft:knowledge_book":52,"minecraft:stone_sword":143,"minecraft:stone_pickaxe":220,"minecraft:baked_potato":50,"simplefarming:blackberry_bush":1,"minecraft:torch":14,"minecraft:dirt":24,"minecraft:crafting_table":2,"alexscaves:metal_swarf":2,"simplyswords:iron_twinblade":8,"minecraft:carrot":1,"biomesoplenty:jacaranda_planks":13,"minecraft:chicken":1,"minecraft:bread":5,"tombstone:grave_key":3,"biomesoplenty:jacaranda_log":5,"minecraft:barrel":1,"minecraft:stone_axe":3,"minecraft:wooden_sword":60,"minecraft:cobblestone":8,"minecraft:porkchop":5,"minecraft:oak_sapling":1,"minecraft:cooked_porkchop":3,"jeg:revolver":3,"tombstone:gift":4,"quark:oak_chest":1,"minecraft:cooked_beef":3},"minecraft:killed":{"minecraft:pig":5,"born_in_chaos_v1:restless_spirit":1,"minecraft:zombie_villager":1,"minecraft:spider":2,"born_in_chaos_v1:maggot":1,"minecraft:skeleton":2,"minecraft:zombie":6,"minecraft:chicken":2,"born_in_chaos_v1:corpse_fly":1,"minecraft:cow":2},"minecraft:custom":{"minecraft:interact_with_furnace":27,"minecraft:mob_kills":24,"minecraft:interact_with_crafting_table":11,"minecraft:open_barrel":12,"minecraft:damage_dealt_resisted":542,"minecraft:leave_game":2,"minecraft:time_since_death":11299,"minecraft:sleep_in_bed":4,"minecraft:time_since_rest":8900,"minecraft:sprint_one_cm":345655,"minecraft:damage_taken":5318,"minecraft:walk_one_cm":926181,"minecraft:drop":33,"minecraft:damage_dealt":3942,"minecraft:swim_one_cm":8310,"minecraft:fly_one_cm":221669,"minecraft:open_chest":15,"minecraft:crouch_one_cm":7465,"minecraft:play_time":229060,"tombstone:undead_killed":9,"minecraft:deaths":7,"minecraft:sneak_time":3958,"minecraft:walk_under_water_one_cm":15741,"minecraft:jump":2315,"minecraft:walk_on_water_one_cm":25088,"minecraft:total_world_time":229060,"minecraft:fall_one_cm":54005},"minecraft:picked_up":{"biomesoplenty:lavender":9,"minecraft:magma_block":2,"born_in_chaos_v1:corpse_maggot":2,"simplefarming:pea_seeds":4,"minecraft:allium":1,"minecraft:feather":4,"minecraft:chicken":3,"born_in_chaos_v1:seedof_chaos":1,"minecraft:leather":2,"minecraft:potato":77,"minecraft:oak_log":8,"tombstone:grave_key":4,"undead_revamp2:huntereye":1,"jeg:scrap":22,"biomesoplenty:jacaranda_planks":2,"minecraft:gunpowder":6,"minecraft:string":1,"alexscaves:metal_swarf":8,"minecraft:dirt":45,"minecraft:raw_copper":16,"alexscaves:galena":38,"minecraft:bone":3,"jeg:revolver":5,"minecraft:beef":3,"minecraft:wheat_seeds":23,"simplefarming:kenaf_seeds":1,"minecraft:iron_ingot":3,"minecraft:stone_pickaxe":2,"simplefarming:blackberry_bush":1,"minecraft:oak_planks":3,"jeg:tech_trash":3,"minecraft:iron_boots":1,"minecraft:egg":1,"simplefarming:peanut_seeds":1,"minecraft:raw_iron":1,"simplefarming:radish_seeds":2,"minecraft:torch":6,"minecraft:poisonous_potato":1,"minecraft:porkchop":8,"tombstone:grave_dust":3,"minecraft:carrot":4,"quark:oak_chest":1,"simplyswords:iron_twinblade":1,"minecraft:stone_sword":1,"minecraft:arrow":3,"minecraft:rotten_flesh":8,"biomesoplenty:jacaranda_log":22,"minecraft:stone_axe":1,"alexscaves:scarlet_neodymium_pillar":4,"minecraft:bread":5,"minecraft:baked_potato":29,"minecraft:wheat":8,"minecraft:oak_sapling":1,"minecraft:netherrack":2,"simplefarming:cotton_seeds":2,"minecraft:iron_chestplate":1,"minecraft:coal":51,"minecraft:cobblestone":78,"minecraft:crafting_table":1},"minecraft:dropped":{"minecraft:wheat_seeds":17,"minecraft:cooked_beef":4,"minecraft:baked_potato":8,"minecraft:cooked_porkchop":2,"minecraft:poisonous_potato":1,"biomesoplenty:lavender":2,"minecraft:raw_iron":1,"minecraft:chicken":1,"biomesoplenty:jacaranda_slab":8,"simplefarming:kenaf_seeds":1,"simplefarming:pea_seeds":4,"jeg:revolver":5,"minecraft:gunpowder":4,"minecraft:allium":1,"tombstone:grave_key":5,"born_in_chaos_v1:corpse_maggot":2,"minecraft:stone_pickaxe":1,"minecraft:bone":1,"simplefarming:cotton_seeds":1},"minecraft:mined":{"biomesoplenty:jacaranda_leaves":3,"jeg:scrap_ore":12,"biomesoplenty:jacaranda_planks":1,"minecraft:crafting_table":1,"minecraft:torch":2,"biomesoplenty:bush":1,"minecraft:grass_block":22,"alexscaves:energized_galena_scarlet":4,"minecraft:tall_grass":6,"minecraft:copper_ore":4,"alexscaves:metal_swarf":5,"minecraft:cobblestone":3,"minecraft:oak_planks":1,"alexscaves:galena":22,"minecraft:wall_torch":4,"biomesoplenty:jacaranda_log":22,"biomesoplenty:yellow_autumn_leaves":1,"minecraft:iron_ore":1,"minecraft:wheat":1,"biomesoplenty:lavender":6,"minecraft:oak_log":8,"minecraft:grass":39,"minecraft:potatoes":1,"minecraft:coal_ore":55,"minecraft:dirt":17,"minecraft:stone":69,"minecraft:fern":1,"minecraft:oak_leaves":2}},"DataVersion":3465}