{"stats":{"minecraft:crafted":{"minecraft:wooden_sword":1,"minecraft:oak_planks":32,"minecraft:barrel":1,"quark:birch_chest":1,"minecraft:cooked_chicken":1,"minecraft:furnace":1,"minecraft:iron_axe":1,"tombstone:grave_key":1,"minecraft:stone_pickaxe":9,"minecraft:cooked_beef":10,"biomesoplenty:jacaranda_planks":69,"minecraft:cooked_porkchop":8,"minecraft:crafting_table":1,"minecraft:baked_potato":77,"minecraft:iron_sword":1,"minecraft:air":0,"biomesoplenty:jacaranda_slab":12,"minecraft:shield":1,"minecraft:stick":40,"minecraft:iron_ingot":24,"minecraft:iron_pickaxe":1,"minecraft:torch":40},"minecraft:broken":{"minecraft:stone_pickaxe":3,"minecraft:wooden_sword":1},"minecraft:killed_by":{"minecraft:player":1,"minecraft:skeleton":2,"minecraft:zombie":1},"minecraft:used":{"quark:birch_chest":2,"minecraft:stone_sword":146,"minecraft:shield":37,"minecraft:iron_sword":62,"minecraft:cooked_chicken":1,"minecraft:torch":51,"minecraft:dirt":72,"alexscaves:metal_swarf":2,"minecraft:carrot":15,"biomesoplenty:jacaranda_log":5,"minecraft:barrel":1,"minecraft:oak_sapling":1,"minecraft:furnace":1,"jeg:revolver":3,"minecraft:gray_bed":1,"tombstone:gift":7,"minecraft:egg":1,"minecraft:cooked_beef":6,"minecraft:knowledge_book":94,"minecraft:stone_pickaxe":385,"minecraft:baked_potato":75,"simplefarming:blackberry_bush":1,"minecraft:crafting_table":3,"simplyswords:iron_twinblade":8,"biomesoplenty:jacaranda_planks":13,"minecraft:chicken":1,"minecraft:bread":5,"minecraft:iron_pickaxe":5,"tombstone:grave_key":3,"minecraft:stone_axe":3,"minecraft:wooden_sword":60,"minecraft:cobblestone":50,"minecraft:porkchop":5,"minecraft:cooked_porkchop":3,"quark:oak_chest":2},"minecraft:killed":{"born_in_chaos_v1:restless_spirit":1,"minecraft:spider":2,"born_in_chaos_v1:maggot":2,"minecraft:skeleton":3,"minecraft:chicken":2,"minecraft:pig":5,"born_in_chaos_v1:diamond_termite":3,"minecraft:zombie_villager":1,"zombie_more:crawler_zombie":1,"undead_revamp2:the_moonflower":1,"undead_revamp2:thesomnolence":2,"minecraft:zombie":8,"born_in_chaos_v1:corpse_fly":1,"minecraft:cow":2},"minecraft:custom":{"minecraft:mob_kills":35,"minecraft:interact_with_crafting_table":27,"minecraft:open_barrel":25,"minecraft:bell_ring":6,"minecraft:damage_dealt_resisted":841,"minecraft:leave_game":3,"minecraft:time_since_death":38001,"minecraft:damage_resisted":44,"minecraft:sprint_one_cm":665740,"minecraft:walk_one_cm":1402522,"minecraft:damage_blocked_by_shield":1485,"minecraft:drop":83,"minecraft:play_time":360072,"minecraft:deaths":14,"minecraft:sneak_time":6186,"minecraft:walk_under_water_one_cm":40625,"minecraft:jump":3659,"minecraft:walk_on_water_one_cm":36859,"minecraft:total_world_time":360072,"minecraft:interact_with_furnace":55,"minecraft:sleep_in_bed":7,"minecraft:time_since_rest":10950,"minecraft:damage_taken":8915,"minecraft:damage_dealt":5421,"minecraft:swim_one_cm":8310,"minecraft:fly_one_cm":409461,"minecraft:open_chest":22,"minecraft:crouch_one_cm":11796,"tombstone:undead_killed":14,"minecraft:fall_one_cm":88412},"minecraft:picked_up":{"born_in_chaos_v1:diamond_termite_shard":7,"minecraft:allium":5,"minecraft:crafting_table":2,"simplefarming:pea_seeds":4,"minecraft:iron_chestplate":1,"minecraft:wheat":8,"minecraft:chicken":3,"born_in_chaos_v1:seedof_chaos":1,"tombstone:grave_key":4,"alexscaves:metal_swarf":8,"minecraft:string":2,"minecraft:raw_copper":16,"minecraft:iron_leggings":1,"jeg:revolver":5,"minecraft:cobbled_deepslate":109,"minecraft:beef":3,"simplefarming:blackberry_bush":1,"minecraft:iron_boots":1,"minecraft:egg":2,"minecraft:raw_iron":25,"minecraft:torch":12,"zombie_more:cursed_heart":2,"minecraft:porkchop":8,"quark:birch_chest":1,"tombstone:grave_dust":3,"minecraft:carrot":18,"minecraft:stone_sword":1,"minecraft:arrow":3,"minecraft:rotten_flesh":23,"biomesoplenty:jacaranda_log":22,"minecraft:vex_armor_trim_smithing_template":1,"minecraft:cobblestone":108,"biomesoplenty:lavender":10,"born_in_chaos_v1:corpse_maggot":3,"minecraft:magma_block":2,"minecraft:feather":4,"minecraft:leather":2,"minecraft:birch_planks":19,"minecraft:potato":77,"minecraft:oak_log":8,"undead_revamp2:huntereye":1,"jeg:scrap":34,"biomesoplenty:jacaranda_planks":2,"minecraft:gunpowder":8,"minecraft:dirt":75,"zombie_more:crawler_gut":1,"alexscaves:galena":38,"minecraft:bone":8,"minecraft:wheat_seeds":38,"simplefarming:kenaf_seeds":1,"minecraft:iron_ingot":14,"minecraft:stone_pickaxe":2,"minecraft:gray_bed":1,"minecraft:oak_planks":3,"jeg:tech_trash":4,"simplefarming:peanut_seeds":1,"simplefarming:radish_seeds":2,"minecraft:poisonous_potato":1,"quark:oak_chest":3,"simplyswords:iron_twinblade":1,"minecraft:slime_ball":1,"minecraft:stone_axe":1,"minecraft:iron_helmet":1,"alexscaves:scarlet_neodymium_pillar":4,"minecraft:bread":5,"minecraft:baked_potato":29,"minecraft:oak_sapling":1,"minecraft:netherrack":2,"simplefarming:cotton_seeds":2,"minecraft:coal":64},"minecraft:mined":{"biomesoplenty:bush":1,"minecraft:grass_block":31,"alexscaves:galena":22,"biomesoplenty:jacaranda_log":22,"minecraft:iron_ore":23,"minecraft:cobbled_deepslate":4,"biomesoplenty:lavender":6,"minecraft:potatoes":1,"minecraft:stone":83,"biomesoplenty:jacaranda_leaves":3,"jeg:scrap_ore":16,"quark:oak_chest":2,"biomesoplenty:jacaranda_planks":1,"minecraft:crafting_table":1,"minecraft:torch":3,"alexscaves:energized_galena_scarlet":4,"alexscaves:metal_swarf":5,"minecraft:cobblestone":7,"minecraft:copper_ore":4,"minecraft:tall_grass":6,"minecraft:oak_planks":1,"minecraft:wall_torch":8,"biomesoplenty:yellow_autumn_leaves":2,"minecraft:wheat":1,"minecraft:grass":39,"minecraft:oak_log":8,"minecraft:coal_ore":63,"minecraft:dirt":29,"minecraft:oak_leaves":2,"minecraft:deepslate":109,"minecraft:fern":1},"minecraft:dropped":{"minecraft:iron_ingot":1,"minecraft:wheat_seeds":35,"minecraft:cooked_beef":4,"minecraft:baked_potato":20,"minecraft:cooked_porkchop":5,"minecraft:poisonous_potato":1,"biomesoplenty:lavender":10,"simplefarming:radish_seeds":2,"minecraft:feather":2,"minecraft:cobblestone":2,"jeg:scrap":12,"born_in_chaos_v1:pieceofdarkmetal":3,"minecraft:coal":3,"simplefarming:pea_seeds":4,"minecraft:dirt":9,"tombstone:grave_key":5,"tombstone:grave_dust":1,"minecraft:string":1,"jeg:tech_trash":1,"quark:oak_chest":1,"minecraft:bone":8,"simplefarming:cotton_seeds":1,"minecraft:stone_axe":1,"minecraft:stone_sword":1,"minecraft:raw_iron":1,"zombie_more:crawler_gut":1,"minecraft:chicken":1,"minecraft:rotten_flesh":21,"minecraft:oak_planks":21,"biomesoplenty:jacaranda_slab":8,"minecraft:carrot":1,"simplefarming:kenaf_seeds":1,"jeg:revolver":5,"minecraft:gunpowder":5,"minecraft:allium":5,"zombie_more:cursed_heart":2,"born_in_chaos_v1:corpse_maggot":3,"minecraft:slime_ball":1,"minecraft:stone_pickaxe":1,"minecraft:vex_armor_trim_smithing_template":1,"minecraft:netherrack":2,"minecraft:egg":1}},"DataVersion":3465}