{"stats":{"minecraft:crafted":{"minecraft:wooden_sword":1,"minecraft:oak_planks":32,"minecraft:barrel":1,"minecraft:cooked_chicken":1,"minecraft:furnace":1,"tombstone:grave_key":1,"minecraft:stone_pickaxe":9,"minecraft:cooked_beef":10,"biomesoplenty:jacaranda_planks":69,"minecraft:cooked_porkchop":8,"minecraft:crafting_table":1,"minecraft:baked_potato":77,"minecraft:iron_sword":1,"minecraft:air":0,"biomesoplenty:jacaranda_slab":12,"minecraft:shield":1,"minecraft:stick":40,"minecraft:iron_pickaxe":1,"minecraft:torch":40},"minecraft:broken":{"minecraft:stone_pickaxe":3,"minecraft:wooden_sword":1},"minecraft:killed_by":{"minecraft:player":1,"minecraft:skeleton":2},"minecraft:used":{"minecraft:stone_sword":146,"minecraft:shield":17,"minecraft:iron_sword":50,"minecraft:torch":45,"minecraft:dirt":72,"alexscaves:metal_swarf":2,"minecraft:carrot":1,"biomesoplenty:jacaranda_log":5,"minecraft:barrel":1,"minecraft:furnace":1,"minecraft:oak_sapling":1,"jeg:revolver":3,"tombstone:gift":6,"minecraft:egg":1,"minecraft:cooked_beef":6,"minecraft:knowledge_book":79,"minecraft:stone_pickaxe":349,"minecraft:baked_potato":72,"simplefarming:blackberry_bush":1,"minecraft:crafting_table":3,"simplyswords:iron_twinblade":8,"biomesoplenty:jacaranda_planks":13,"minecraft:bread":5,"minecraft:chicken":1,"minecraft:iron_pickaxe":1,"tombstone:grave_key":3,"minecraft:stone_axe":3,"minecraft:wooden_sword":60,"minecraft:cobblestone":15,"minecraft:cooked_porkchop":3,"minecraft:porkchop":5,"quark:oak_chest":1},"minecraft:killed":{"born_in_chaos_v1:restless_spirit":1,"minecraft:spider":2,"born_in_chaos_v1:maggot":2,"minecraft:skeleton":3,"minecraft:chicken":2,"minecraft:pig":5,"born_in_chaos_v1:diamond_termite":3,"minecraft:zombie_villager":1,"zombie_more:crawler_zombie":1,"undead_revamp2:thesomnolence":2,"minecraft:zombie":7,"born_in_chaos_v1:corpse_fly":1,"minecraft:cow":2},"minecraft:custom":{"minecraft:mob_kills":33,"minecraft:interact_with_crafting_table":21,"minecraft:open_barrel":12,"minecraft:damage_dealt_resisted":841,"minecraft:leave_game":2,"minecraft:time_since_death":19985,"minecraft:sprint_one_cm":525028,"minecraft:walk_one_cm":1198882,"minecraft:damage_blocked_by_shield":570,"minecraft:drop":68,"minecraft:play_time":301060,"minecraft:deaths":11,"minecraft:sneak_time":5697,"minecraft:walk_under_water_one_cm":25144,"minecraft:jump":3017,"minecraft:walk_on_water_one_cm":31344,"minecraft:total_world_time":301060,"minecraft:interact_with_furnace":42,"minecraft:sleep_in_bed":6,"minecraft:time_since_rest":19025,"minecraft:damage_taken":7621,"minecraft:damage_dealt":5021,"minecraft:swim_one_cm":8310,"minecraft:fly_one_cm":304056,"minecraft:open_chest":15,"minecraft:crouch_one_cm":10678,"tombstone:undead_killed":12,"minecraft:fall_one_cm":74683},"minecraft:picked_up":{"born_in_chaos_v1:diamond_termite_shard":7,"minecraft:crafting_table":2,"minecraft:iron_chestplate":1,"minecraft:wheat":8,"simplefarming:pea_seeds":4,"minecraft:allium":5,"minecraft:chicken":3,"born_in_chaos_v1:seedof_chaos":1,"tombstone:grave_key":4,"alexscaves:metal_swarf":8,"minecraft:string":2,"minecraft:raw_copper":16,"jeg:revolver":5,"minecraft:cobbled_deepslate":89,"minecraft:beef":3,"simplefarming:blackberry_bush":1,"minecraft:iron_boots":1,"minecraft:egg":2,"minecraft:raw_iron":19,"minecraft:torch":8,"zombie_more:cursed_heart":2,"minecraft:porkchop":8,"tombstone:grave_dust":3,"minecraft:carrot":4,"minecraft:stone_sword":1,"minecraft:arrow":3,"minecraft:rotten_flesh":23,"biomesoplenty:jacaranda_log":22,"minecraft:cobblestone":94,"biomesoplenty:lavender":10,"born_in_chaos_v1:corpse_maggot":3,"minecraft:magma_block":2,"minecraft:feather":4,"minecraft:leather":2,"minecraft:potato":77,"minecraft:oak_log":8,"undead_revamp2:huntereye":1,"jeg:scrap":34,"biomesoplenty:jacaranda_planks":2,"minecraft:gunpowder":8,"minecraft:dirt":65,"zombie_more:crawler_gut":1,"alexscaves:galena":38,"minecraft:bone":8,"minecraft:wheat_seeds":38,"simplefarming:kenaf_seeds":1,"minecraft:stone_pickaxe":2,"minecraft:iron_ingot":14,"minecraft:oak_planks":3,"jeg:tech_trash":3,"simplefarming:peanut_seeds":1,"simplefarming:radish_seeds":2,"minecraft:poisonous_potato":1,"quark:oak_chest":1,"simplyswords:iron_twinblade":1,"minecraft:stone_axe":1,"alexscaves:scarlet_neodymium_pillar":4,"minecraft:bread":5,"minecraft:baked_potato":29,"minecraft:oak_sapling":1,"simplefarming:cotton_seeds":2,"minecraft:netherrack":2,"minecraft:coal":64},"minecraft:mined":{"biomesoplenty:bush":1,"minecraft:grass_block":30,"alexscaves:galena":22,"biomesoplenty:jacaranda_log":22,"minecraft:iron_ore":17,"biomesoplenty:lavender":6,"minecraft:potatoes":1,"minecraft:stone":78,"biomesoplenty:jacaranda_leaves":3,"jeg:scrap_ore":16,"biomesoplenty:jacaranda_planks":1,"minecraft:crafting_table":1,"minecraft:torch":3,"alexscaves:energized_galena_scarlet":4,"alexscaves:metal_swarf":5,"minecraft:copper_ore":4,"minecraft:tall_grass":6,"minecraft:cobblestone":3,"minecraft:oak_planks":1,"minecraft:wall_torch":4,"biomesoplenty:yellow_autumn_leaves":1,"minecraft:wheat":1,"minecraft:grass":39,"minecraft:coal_ore":63,"minecraft:oak_log":8,"minecraft:dirt":28,"minecraft:oak_leaves":2,"minecraft:deepslate":92,"minecraft:fern":1},"minecraft:dropped":{"minecraft:iron_ingot":1,"minecraft:wheat_seeds":35,"minecraft:cooked_beef":4,"minecraft:baked_potato":20,"minecraft:cooked_porkchop":5,"minecraft:poisonous_potato":1,"biomesoplenty:lavender":10,"simplefarming:radish_seeds":2,"minecraft:feather":2,"minecraft:coal":3,"simplefarming:pea_seeds":4,"tombstone:grave_key":5,"tombstone:grave_dust":1,"minecraft:string":1,"minecraft:bone":8,"simplefarming:cotton_seeds":1,"minecraft:stone_axe":1,"minecraft:stone_sword":1,"minecraft:raw_iron":1,"minecraft:chicken":1,"minecraft:rotten_flesh":21,"minecraft:oak_planks":13,"biomesoplenty:jacaranda_slab":8,"simplefarming:kenaf_seeds":1,"jeg:revolver":5,"minecraft:gunpowder":5,"minecraft:allium":5,"zombie_more:cursed_heart":1,"born_in_chaos_v1:corpse_maggot":3,"minecraft:stone_pickaxe":1,"minecraft:netherrack":2,"minecraft:egg":1}},"DataVersion":3465}