{"stats":{"minecraft:used":{"minecraft:knowledge_book":18},"minecraft:killed_by":{"minecraft:player":1},"minecraft:custom":{"minecraft:jump":123,"minecraft:time_since_rest":32668,"minecraft:interact_with_furnace":1,"minecraft:damage_dealt":-75,"minecraft:crouch_one_cm":1922,"minecraft:deaths":1,"minecraft:leave_game":1,"minecraft:sprint_one_cm":13169,"minecraft:play_time":37250,"minecraft:damage_taken":435,"minecraft:time_since_death":32932,"minecraft:walk_one_cm":81118,"minecraft:sneak_time":507,"minecraft:total_world_time":37250,"minecraft:fall_one_cm":1314,"minecraft:fly_one_cm":13258,"minecraft:open_chest":3}},"DataVersion":3465}