{"stats":{"minecraft:used":{"minecraft:knowledge_book":22},"minecraft:killed_by":{"minecraft:player":1},"minecraft:picked_up":{"simplyswords:iron_twinblade":1,"minecraft:wheat_seeds":1,"minecraft:potato":22,"biomesoplenty:jacaranda_planks":1,"minecraft:carrot":4},"minecraft:crafted":{"minecraft:baked_potato":22},"minecraft:mined":{"minecraft:wheat":1},"minecraft:custom":{"minecraft:open_chest":5,"minecraft:time_since_rest":3215,"minecraft:crouch_one_cm":2081,"minecraft:play_time":53898,"minecraft:interact_with_furnace":3,"minecraft:sprint_one_cm":27392,"minecraft:walk_one_cm":161791,"minecraft:damage_taken":717,"minecraft:deaths":2,"minecraft:sneak_time":620,"minecraft:jump":240,"minecraft:damage_dealt":-45,"minecraft:leave_game":2,"minecraft:time_since_death":12499,"minecraft:sleep_in_bed":1,"minecraft:total_world_time":53898,"minecraft:fall_one_cm":1941,"minecraft:fly_one_cm":18951}},"DataVersion":3465}