{"stats":{"minecraft:crafted":{"minecraft:oak_door":3,"minecraft:oak_planks":144,"minecraft:oak_sign":3,"minecraft:furnace":1,"minecraft:cobblestone_stairs":8,"minecraft:bone_meal":30,"minecraft:stone_pickaxe":2,"minecraft:cooked_beef":15,"biomesoplenty:jacaranda_planks":76,"minecraft:crafting_table":3,"minecraft:baked_potato":27,"minecraft:bucket":1,"minecraft:stone_axe":4,"minecraft:air":0,"minecraft:stick":8,"quark:oak_chest":2},"minecraft:broken":{"minecraft:stone_pickaxe":1,"minecraft:stone_axe":2},"minecraft:killed_by":{"minecraft:zombie_villager":1,"minecraft:zombie":4},"minecraft:used":{"minecraft:iron_shovel":6,"minecraft:stone_shovel":85,"minecraft:oak_sign":2,"minecraft:stone":5,"alexscaves:galena":3,"minecraft:rotten_flesh":2,"minecraft:oak_door":4,"minecraft:torch":3,"minecraft:dirt":126,"minecraft:carrot":25,"born_in_chaos_v1:corpse_maggot":3,"minecraft:magma_block":3,"minecraft:oak_sapling":1,"minecraft:furnace":1,"tombstone:gift":4,"minecraft:cooked_beef":11,"biomesoplenty:jacaranda_door":6,"minecraft:water_bucket":40,"minecraft:cobblestone_stairs":8,"minecraft:oak_planks":12,"minecraft:stone_pickaxe":238,"minecraft:baked_potato":27,"alexscaves:scarlet_neodymium_pillar":1,"minecraft:crafting_table":5,"simplyswords:iron_halberd":15,"biomesoplenty:jacaranda_planks":2,"minecraft:bread":2,"minecraft:stone_axe":260,"minecraft:cobblestone":46,"minecraft:bucket":40,"quark:oak_chest":2,"minecraft:stripped_oak_log":1,"minecraft:bone_meal":30},"minecraft:killed":{"zombie_more:cursed_zombie":1,"born_in_chaos_v1:zombie_lumberjack":1,"undead_revamp2:thesmoker":1,"minecraft:skeleton":3,"minecraft:chicken":1,"born_in_chaos_v1:skeleton_thrasher":1,"minecraft:creeper":1,"born_in_chaos_v1:decrepit_skeleton":1,"minecraft:zombie":3,"born_in_chaos_v1:corpse_fly":2},"minecraft:custom":{"minecraft:mob_kills":16,"minecraft:interact_with_crafting_table":17,"minecraft:open_barrel":7,"minecraft:leave_game":1,"minecraft:time_since_death":4987,"minecraft:damage_resisted":92,"minecraft:sprint_one_cm":248735,"minecraft:walk_one_cm":534231,"minecraft:drop":52,"minecraft:play_time":176625,"minecraft:deaths":23,"minecraft:sneak_time":2237,"minecraft:walk_under_water_one_cm":13285,"minecraft:jump":2230,"minecraft:walk_on_water_one_cm":20068,"minecraft:total_world_time":176625,"minecraft:interact_with_furnace":13,"minecraft:sleep_in_bed":1,"minecraft:time_since_rest":2588,"minecraft:damage_taken":10323,"minecraft:damage_dealt":3943,"minecraft:swim_one_cm":11474,"minecraft:fly_one_cm":246690,"minecraft:open_chest":21,"minecraft:crouch_one_cm":3196,"tombstone:undead_killed":11,"minecraft:fall_one_cm":58555},"minecraft:picked_up":{"minecraft:crafting_table":3,"simplefarming:pea_seeds":1,"minecraft:allium":2,"minecraft:wheat":3,"minecraft:chicken":1,"born_in_chaos_v1:seedof_chaos":2,"minecraft:iron_shovel":1,"simplefarming:spinach_seeds":1,"minecraft:stick":8,"minecraft:raw_iron":28,"minecraft:oak_door":1,"minecraft:torch":7,"simplefarming:yam_seeds":2,"zombie_more:cursed_heart":3,"minecraft:acacia_log":1,"simplyswords:iron_halberd":1,"tombstone:grave_dust":3,"born_in_chaos_v1:pieceofdarkmetal":2,"minecraft:carrot":26,"minecraft:arrow":4,"minecraft:rotten_flesh":15,"biomesoplenty:jacaranda_log":19,"minecraft:cobblestone":72,"minecraft:stripped_oak_log":4,"biomesoplenty:lavender":1,"born_in_chaos_v1:corpse_maggot":3,"minecraft:magma_block":30,"minecraft:potato":27,"biomesoplenty:jacaranda_door":6,"minecraft:oak_log":31,"biomesoplenty:jacaranda_planks":2,"minecraft:gunpowder":3,"minecraft:dirt":149,"alexscaves:galena":17,"minecraft:bone":13,"minecraft:wheat_seeds":7,"minecraft:stone_pickaxe":1,"minecraft:iron_ingot":6,"minecraft:oak_planks":13,"minecraft:white_bed":2,"simplefarming:sweet_potato_seeds":2,"alexscaves:scarlet_neodymium_pillar":2,"minecraft:bread":2,"minecraft:baked_potato":8,"tombstone:magic_scroll":1,"minecraft:oak_sapling":2,"simplefarming:cassava_seeds":1,"minecraft:netherrack":23,"minecraft:coal":72,"minecraft:crimson_roots":4},"minecraft:dropped":{"minecraft:wheat_seeds":12,"simplefarming:sweet_potato_seeds":2,"biomesoplenty:lavender":2,"simplyswords:iron_halberd":1,"simplefarming:yam_seeds":2,"minecraft:acacia_log":1,"simplefarming:pea_seeds":1,"tombstone:grave_key":2,"minecraft:crimson_roots":4,"tombstone:grave_dust":5,"simplefarming:spinach_seeds":1,"undead_revamp2:blacpetalblock":1,"minecraft:bone":4,"minecraft:stone_axe":1,"minecraft:chicken":1,"minecraft:rotten_flesh":14,"minecraft:oak_planks":4,"simplefarming:cassava_seeds":1,"minecraft:white_bed":1,"born_in_chaos_v1:seedof_chaos":1,"minecraft:gunpowder":3,"minecraft:allium":2,"zombie_more:cursed_heart":2,"minecraft:oak_sapling":1,"minecraft:arrow":4,"minecraft:stone_pickaxe":1},"minecraft:mined":{"minecraft:white_bed":1,"minecraft:oak_sapling":1,"biomesoplenty:bush":2,"minecraft:allium":1,"minecraft:grass_block":43,"biomesoplenty:flowering_oak_leaves":2,"alexscaves:galena":16,"biomesoplenty:jacaranda_log":20,"minecraft:magma_block":33,"minecraft:iron_ore":13,"biomesoplenty:lavender":1,"biomesoplenty:jacaranda_door":4,"minecraft:stripped_oak_log":4,"minecraft:stone":50,"biomesoplenty:jacaranda_leaves":6,"biomesoplenty:jacaranda_planks":2,"minecraft:crimson_nylium":5,"minecraft:crafting_table":3,"alexscaves:energized_galena_scarlet":1,"alexscaves:metal_swarf":6,"minecraft:tall_grass":3,"minecraft:cobblestone":17,"minecraft:oak_planks":9,"minecraft:wall_torch":6,"minecraft:grass":19,"minecraft:coal_ore":66,"minecraft:oak_log":32,"minecraft:dirt":82,"minecraft:netherrack":18,"minecraft:oak_leaves":60,"alexscaves:scarlet_neodymium_pillar":3}},"DataVersion":3465}