{"stats":{"minecraft:crafted":{"minecraft:oak_door":3,"minecraft:oak_planks":144,"minecraft:oak_sign":3,"biomesoplenty:jacaranda_planks":76,"minecraft:crafting_table":2,"minecraft:baked_potato":27,"minecraft:furnace":1,"minecraft:cobblestone_stairs":8,"minecraft:bucket":1,"minecraft:bone_meal":30,"minecraft:stone_axe":3,"minecraft:air":0,"minecraft:stick":8,"quark:oak_chest":2,"minecraft:stone_pickaxe":2,"minecraft:cooked_beef":15},"minecraft:broken":{"minecraft:stone_axe":2,"minecraft:stone_pickaxe":1},"minecraft:killed_by":{"minecraft:zombie_villager":1,"minecraft:zombie":4},"minecraft:used":{"biomesoplenty:jacaranda_door":6,"minecraft:water_bucket":15,"minecraft:cobblestone_stairs":8,"minecraft:stone_shovel":68,"minecraft:stone_pickaxe":161,"minecraft:baked_potato":27,"minecraft:oak_planks":12,"minecraft:oak_sign":2,"minecraft:stone":5,"minecraft:rotten_flesh":2,"minecraft:oak_door":4,"minecraft:torch":1,"minecraft:dirt":62,"minecraft:crafting_table":4,"minecraft:carrot":8,"simplyswords:iron_halberd":15,"biomesoplenty:jacaranda_planks":2,"born_in_chaos_v1:corpse_maggot":3,"minecraft:bread":2,"minecraft:stone_axe":252,"minecraft:cobblestone":46,"minecraft:furnace":1,"minecraft:oak_sapling":1,"minecraft:bucket":16,"minecraft:cooked_beef":1,"tombstone:gift":4,"quark:oak_chest":2,"minecraft:stripped_oak_log":1,"minecraft:bone_meal":30},"minecraft:killed":{"zombie_more:cursed_zombie":1,"born_in_chaos_v1:zombie_lumberjack":1,"undead_revamp2:thesmoker":1,"minecraft:creeper":1,"born_in_chaos_v1:decrepit_skeleton":1,"minecraft:skeleton":3,"minecraft:zombie":3,"minecraft:chicken":1,"born_in_chaos_v1:corpse_fly":2,"born_in_chaos_v1:skeleton_thrasher":1},"minecraft:custom":{"minecraft:interact_with_furnace":13,"minecraft:mob_kills":16,"minecraft:interact_with_crafting_table":15,"minecraft:open_barrel":2,"minecraft:leave_game":1,"minecraft:time_since_death":25107,"minecraft:sleep_in_bed":1,"minecraft:damage_resisted":92,"minecraft:time_since_rest":24648,"minecraft:sprint_one_cm":213790,"minecraft:damage_taken":8099,"minecraft:walk_one_cm":402648,"minecraft:drop":37,"minecraft:damage_dealt":3837,"minecraft:swim_one_cm":7715,"minecraft:fly_one_cm":212330,"minecraft:open_chest":16,"minecraft:crouch_one_cm":937,"minecraft:play_time":134625,"tombstone:undead_killed":11,"minecraft:deaths":20,"minecraft:sneak_time":1045,"minecraft:walk_under_water_one_cm":3670,"minecraft:jump":1667,"minecraft:walk_on_water_one_cm":8263,"minecraft:total_world_time":134625,"minecraft:fall_one_cm":37329},"minecraft:picked_up":{"biomesoplenty:lavender":1,"minecraft:stripped_oak_log":4,"born_in_chaos_v1:corpse_maggot":3,"simplefarming:pea_seeds":1,"minecraft:crafting_table":3,"minecraft:wheat":3,"minecraft:chicken":1,"minecraft:potato":27,"biomesoplenty:jacaranda_door":6,"minecraft:oak_log":31,"biomesoplenty:jacaranda_planks":2,"minecraft:gunpowder":2,"minecraft:dirt":124,"minecraft:iron_shovel":1,"minecraft:bone":10,"minecraft:wheat_seeds":7,"minecraft:iron_ingot":6,"minecraft:stone_pickaxe":1,"minecraft:oak_planks":10,"simplefarming:spinach_seeds":1,"minecraft:raw_iron":2,"minecraft:stick":5,"minecraft:oak_door":1,"zombie_more:cursed_heart":1,"simplefarming:yam_seeds":2,"minecraft:torch":1,"minecraft:acacia_log":1,"simplyswords:iron_halberd":1,"tombstone:grave_dust":1,"minecraft:carrot":7,"born_in_chaos_v1:pieceofdarkmetal":2,"minecraft:arrow":2,"simplefarming:sweet_potato_seeds":2,"minecraft:rotten_flesh":14,"biomesoplenty:jacaranda_log":19,"minecraft:baked_potato":8,"minecraft:bread":2,"tombstone:magic_scroll":1,"minecraft:oak_sapling":2,"minecraft:netherrack":23,"simplefarming:cassava_seeds":1,"minecraft:coal":38,"minecraft:allium":2,"minecraft:crimson_roots":4,"minecraft:cobblestone":58,"minecraft:magma_block":29},"minecraft:dropped":{"minecraft:wheat_seeds":12,"biomesoplenty:lavender":2,"simplefarming:sweet_potato_seeds":2,"minecraft:rotten_flesh":13,"minecraft:oak_planks":4,"simplefarming:cassava_seeds":1,"simplyswords:iron_halberd":1,"simplefarming:yam_seeds":2,"simplefarming:pea_seeds":1,"minecraft:allium":2,"tombstone:grave_key":2,"minecraft:crimson_roots":4,"minecraft:oak_sapling":1,"tombstone:grave_dust":3,"minecraft:stone_pickaxe":1,"simplefarming:spinach_seeds":1,"undead_revamp2:blacpetalblock":1},"minecraft:mined":{"biomesoplenty:jacaranda_leaves":6,"minecraft:crimson_nylium":5,"biomesoplenty:jacaranda_planks":2,"minecraft:crafting_table":3,"biomesoplenty:bush":2,"minecraft:allium":1,"minecraft:grass_block":33,"biomesoplenty:flowering_oak_leaves":2,"minecraft:cobblestone":15,"minecraft:tall_grass":3,"minecraft:oak_planks":6,"biomesoplenty:jacaranda_log":20,"minecraft:magma_block":30,"minecraft:iron_ore":2,"biomesoplenty:lavender":1,"minecraft:grass":18,"minecraft:oak_log":32,"minecraft:coal_ore":34,"biomesoplenty:jacaranda_door":4,"minecraft:dirt":59,"minecraft:stripped_oak_log":4,"minecraft:stone":43,"minecraft:netherrack":18,"minecraft:oak_leaves":60}},"DataVersion":3465}