{"stats":{"minecraft:crafted":{"minecraft:oak_door":3,"minecraft:oak_planks":480,"minecraft:oak_sign":3,"minecraft:cooked_chicken":1,"minecraft:furnace":1,"minecraft:cobblestone_stairs":8,"minecraft:bone_meal":93,"minecraft:iron_boots":1,"minecraft:stone_pickaxe":6,"minecraft:cooked_beef":19,"biomesoplenty:jacaranda_planks":76,"minecraft:crafting_table":4,"minecraft:baked_potato":104,"minecraft:iron_helmet":1,"minecraft:iron_sword":1,"minecraft:bucket":1,"minecraft:birch_planks":8,"minecraft:stone_axe":5,"minecraft:air":0,"minecraft:iron_chestplate":1,"minecraft:shield":4,"minecraft:stick":36,"quark:oak_chest":2,"minecraft:iron_ingot":36,"minecraft:iron_pickaxe":1,"minecraft:iron_leggings":1,"minecraft:torch":76},"minecraft:broken":{"minecraft:iron_boots":1,"minecraft:stone_pickaxe":3,"minecraft:shield":1,"minecraft:stone_axe":3,"minecraft:iron_pickaxe":1,"minecraft:iron_helmet":1},"minecraft:killed_by":{"minecraft:zombie_villager":1,"minecraft:skeleton":1,"minecraft:witch":2,"minecraft:zombie":5},"minecraft:used":{"minecraft:iron_shovel":8,"minecraft:stone_shovel":85,"minecraft:oak_sign":3,"minecraft:shield":67,"minecraft:stone":5,"minecraft:iron_sword":223,"minecraft:bell":1,"alexscaves:galena":33,"minecraft:cooked_chicken":1,"minecraft:rotten_flesh":2,"minecraft:netherrack":26,"minecraft:oak_door":7,"minecraft:torch":48,"minecraft:dirt":304,"minecraft:carrot":43,"jeg:custom_smg":3,"born_in_chaos_v1:corpse_maggot":3,"minecraft:lava_bucket":2,"minecraft:red_carpet":2,"biomesoplenty:jacaranda_sapling":1,"minecraft:magma_block":3,"minecraft:furnace":3,"minecraft:oak_sapling":1,"tombstone:gift":8,"minecraft:cooked_beef":19,"minecraft:cobbled_deepslate":66,"minecraft:knowledge_book":35,"biomesoplenty:jacaranda_door":6,"minecraft:water_bucket":78,"minecraft:cobblestone_stairs":8,"minecraft:oak_planks":78,"minecraft:stone_pickaxe":420,"minecraft:baked_potato":87,"alexscaves:scarlet_neodymium_pillar":1,"minecraft:crafting_table":11,"simplyswords:iron_halberd":15,"simplefarming:blackberries":3,"minecraft:white_bed":3,"biomesoplenty:jacaranda_planks":90,"minecraft:flower_pot":3,"minecraft:bread":2,"minecraft:iron_pickaxe":249,"minecraft:stone_axe":398,"minecraft:cobblestone":46,"minecraft:bucket":81,"quark:oak_chest":2,"minecraft:bone_meal":93,"minecraft:stripped_oak_log":1},"minecraft:killed":{"zombie_more:cursed_zombie":2,"minecraft:cave_spider":1,"undead_revamp2:thehunter":1,"born_in_chaos_v1:zombie_lumberjack":1,"minecraft:spider":1,"undead_revamp2:thesmoker":1,"minecraft:skeleton":3,"minecraft:chicken":1,"born_in_chaos_v1:skeleton_thrasher":1,"born_in_chaos_v1:diamond_termite":1,"minecraft:creeper":1,"born_in_chaos_v1:decrepit_skeleton":2,"minecraft:zombie":10,"born_in_chaos_v1:corpse_fly":2,"undead_revamp2:theskeeper":1,"minecraft:cow":3},"minecraft:custom":{"minecraft:mob_kills":33,"minecraft:interact_with_crafting_table":35,"minecraft:open_barrel":25,"minecraft:bell_ring":13,"minecraft:damage_dealt_resisted":618,"minecraft:leave_game":4,"minecraft:time_since_death":24866,"minecraft:climb_one_cm":980,"minecraft:damage_resisted":92,"minecraft:sprint_one_cm":662397,"minecraft:damage_blocked_by_shield":2343,"minecraft:walk_one_cm":1198543,"minecraft:drop":148,"minecraft:play_time":421123,"minecraft:deaths":41,"minecraft:sneak_time":9790,"minecraft:walk_under_water_one_cm":66407,"minecraft:jump":5754,"minecraft:walk_on_water_one_cm":49791,"minecraft:total_world_time":421123,"minecraft:interact_with_furnace":70,"minecraft:pot_flower":3,"minecraft:sleep_in_bed":8,"minecraft:time_since_rest":9613,"minecraft:damage_taken":19246,"minecraft:damage_dealt":8214,"minecraft:swim_one_cm":75361,"minecraft:fly_one_cm":704079,"minecraft:open_chest":56,"minecraft:crouch_one_cm":10438,"tombstone:undead_killed":22,"minecraft:interact_with_smoker":3,"minecraft:fall_one_cm":136591},"minecraft:picked_up":{"minecraft:crafting_table":7,"simplefarming:pea_seeds":3,"minecraft:wheat":3,"minecraft:allium":4,"minecraft:chicken":1,"minecraft:flower_pot":3,"born_in_chaos_v1:seedof_chaos":2,"biomesoplenty:jacaranda_sapling":1,"tombstone:grave_key":2,"minecraft:string":5,"minecraft:iron_shovel":1,"minecraft:oak_sign":6,"minecraft:cobbled_deepslate":112,"minecraft:beef":4,"minecraft:furnace":2,"simplefarming:spinach_seeds":1,"minecraft:stick":10,"minecraft:raw_iron":36,"minecraft:oak_door":6,"minecraft:copper_ingot":3,"minecraft:torch":24,"simplefarming:yam_seeds":2,"zombie_more:cursed_heart":4,"minecraft:acacia_log":1,"simplyswords:iron_halberd":1,"tombstone:grave_dust":13,"born_in_chaos_v1:pieceofdarkmetal":4,"minecraft:carrot":27,"minecraft:redstone":5,"minecraft:rotten_flesh":35,"minecraft:arrow":7,"minecraft:stone_shovel":1,"biomesoplenty:jacaranda_log":20,"minecraft:cobblestone":194,"minecraft:birch_log":2,"biomesoplenty:lavender":6,"minecraft:stripped_oak_log":4,"minecraft:magma_block":30,"born_in_chaos_v1:corpse_maggot":3,"minecraft:feather":2,"simplefarming:soybean_seeds":1,"born_in_chaos_v1:monster_flesh":1,"minecraft:magenta_banner":1,"minecraft:water_bucket":1,"minecraft:leather":2,"minecraft:potato":105,"biomesoplenty:jacaranda_door":6,"minecraft:oak_log":114,"undead_revamp2:huntereye":1,"jeg:scrap":6,"biomesoplenty:jacaranda_planks":3,"minecraft:gunpowder":3,"minecraft:dirt":259,"minecraft:lantern":3,"minecraft:white_banner":1,"alexscaves:galena":42,"minecraft:red_carpet":2,"minecraft:bone":26,"minecraft:stone_bricks":3,"minecraft:wheat_seeds":30,"minecraft:bell":1,"minecraft:iron_ingot":10,"minecraft:stone_pickaxe":2,"simplefarming:tomato_seeds":1,"minecraft:oak_planks":17,"jeg:tech_trash":3,"minecraft:stone_brick_slab":1,"minecraft:white_bed":4,"minecraft:lily_of_the_valley":5,"simplefarming:blackberries":9,"minecraft:bundle":1,"minecraft:slime_ball":1,"simplefarming:sweet_potato_seeds":3,"jeg:custom_smg":1,"minecraft:granite":2,"alexsmobs:maggot":1,"alexscaves:scarlet_neodymium_pillar":2,"minecraft:bread":6,"minecraft:netherrack":46,"minecraft:baked_potato":16,"tombstone:magic_scroll":3,"minecraft:oak_sapling":5,"simplefarming:cassava_seeds":2,"simplefarming:cotton_seeds":1,"minecraft:coal":146,"minecraft:crimson_roots":4,"minecraft:ender_pearl":1},"minecraft:mined":{"minecraft:tuff":8,"minecraft:oak_sapling":1,"minecraft:white_bed":3,"minecraft:oak_door":1,"born_in_chaos_v1:infected_diamond_ore":3,"minecraft:granite":1,"biomesoplenty:bush":3,"minecraft:allium":1,"minecraft:grass_block":62,"biomesoplenty:flowering_oak_leaves":3,"simplefarming:blackberry_bush":6,"alexscaves:galena":26,"biomesoplenty:jacaranda_log":21,"minecraft:magma_block":33,"biomesoplenty:tall_lavender":1,"minecraft:furnace":2,"minecraft:iron_ore":21,"minecraft:fire":6,"minecraft:cobbled_deepslate":3,"biomesoplenty:lavender":5,"minecraft:deepslate_lapis_ore":1,"minecraft:bell":1,"minecraft:oak_sign":1,"minecraft:deepslate_iron_ore":2,"biomesoplenty:webbing":2,"biomesoplenty:jacaranda_door":4,"minecraft:stripped_oak_log":4,"minecraft:stone":135,"biomesoplenty:spider_egg":1,"minecraft:podzol":3,"biomesoplenty:jacaranda_leaves":8,"minecraft:deepslate_redstone_ore":1,"jeg:scrap_ore":4,"minecraft:magenta_wall_banner":1,"minecraft:potted_lily_of_the_valley":3,"biomesoplenty:jacaranda_planks":3,"minecraft:crimson_nylium":5,"minecraft:crafting_table":8,"minecraft:torch":2,"minecraft:poppy":1,"alexscaves:energized_galena_scarlet":3,"alexscaves:metal_swarf":6,"minecraft:cobblestone":48,"minecraft:tall_grass":6,"biomesoplenty:sprout":2,"minecraft:oak_planks":13,"minecraft:sculk":2,"minecraft:wall_torch":17,"biomesoplenty:yellow_autumn_leaves":4,"minecraft:birch_log":2,"minecraft:grass":33,"minecraft:oak_log":124,"minecraft:coal_ore":142,"minecraft:dirt":121,"biomesoplenty:stringy_cobweb":3,"minecraft:netherrack":44,"minecraft:oak_leaves":67,"minecraft:deepslate":148,"alexscaves:scarlet_neodymium_pillar":3},"minecraft:dropped":{"minecraft:enchanted_book":1,"minecraft:water_bucket":1,"minecraft:iron_ingot":18,"minecraft:wheat_seeds":37,"simplefarming:sweet_potato_seeds":3,"biomesoplenty:lavender":6,"minecraft:feather":2,"minecraft:knowledge_book":1,"minecraft:granite":2,"simplyswords:iron_halberd":1,"born_in_chaos_v1:pieceofdarkmetal":4,"simplefarming:yam_seeds":2,"minecraft:acacia_log":1,"minecraft:coal":6,"biomesoplenty:jacaranda_log":1,"minecraft:stick":2,"alexscaves:galena":9,"born_in_chaos_v1:monster_flesh":1,"simplefarming:pea_seeds":3,"alexscaves:scarlet_neodymium_pillar":1,"jeg:custom_smg":1,"minecraft:torch":6,"tombstone:grave_key":6,"minecraft:crimson_roots":4,"tombstone:grave_dust":19,"simplefarming:blackberries":6,"simplefarming:spinach_seeds":1,"undead_revamp2:blacpetalblock":1,"jeg:tech_trash":4,"minecraft:stone_brick_slab":1,"minecraft:bone":4,"simplefarming:cotton_seeds":2,"simplefarming:tomato_seeds":1,"minecraft:stone_axe":1,"alexsmobs:maggot":2,"minecraft:wheat":3,"minecraft:stone_shovel":2,"minecraft:chicken":1,"minecraft:rotten_flesh":34,"minecraft:oak_planks":4,"minecraft:enchanted_golden_apple":1,"simplefarming:cassava_seeds":1,"minecraft:white_bed":1,"minecraft:oak_sign":6,"minecraft:carrot":5,"minecraft:lily_of_the_valley":2,"born_in_chaos_v1:seedof_chaos":2,"minecraft:gunpowder":3,"minecraft:allium":4,"zombie_more:cursed_heart":3,"minecraft:oak_sapling":5,"minecraft:stone_bricks":3,"minecraft:slime_ball":1,"minecraft:arrow":7,"minecraft:stone_pickaxe":3}},"DataVersion":3465}