{"stats":{"minecraft:crafted":{"minecraft:oak_door":3,"minecraft:oak_planks":144,"minecraft:oak_sign":3,"biomesoplenty:jacaranda_planks":76,"minecraft:crafting_table":2,"minecraft:baked_potato":27,"minecraft:furnace":1,"minecraft:cobblestone_stairs":8,"minecraft:bucket":1,"minecraft:bone_meal":30,"minecraft:stone_axe":3,"minecraft:air":0,"minecraft:stick":8,"quark:oak_chest":2,"minecraft:stone_pickaxe":1},"minecraft:broken":{"minecraft:stone_axe":2},"minecraft:killed_by":{"minecraft:zombie_villager":1,"minecraft:zombie":4},"minecraft:used":{"biomesoplenty:jacaranda_door":6,"minecraft:water_bucket":13,"minecraft:cobblestone_stairs":8,"minecraft:stone_shovel":68,"minecraft:stone_pickaxe":117,"minecraft:baked_potato":21,"minecraft:oak_planks":12,"minecraft:oak_sign":2,"minecraft:stone":5,"minecraft:rotten_flesh":2,"minecraft:oak_door":4,"minecraft:torch":1,"minecraft:dirt":52,"minecraft:crafting_table":2,"simplyswords:iron_halberd":15,"biomesoplenty:jacaranda_planks":2,"minecraft:stone_axe":231,"minecraft:cobblestone":46,"minecraft:furnace":1,"minecraft:oak_sapling":1,"minecraft:bucket":14,"tombstone:gift":4,"quark:oak_chest":2,"minecraft:stripped_oak_log":1,"minecraft:bone_meal":30},"minecraft:killed":{"zombie_more:cursed_zombie":1,"born_in_chaos_v1:zombie_lumberjack":1,"undead_revamp2:thesmoker":1,"minecraft:creeper":1,"born_in_chaos_v1:decrepit_skeleton":1,"minecraft:skeleton":3,"minecraft:zombie":1,"born_in_chaos_v1:corpse_fly":2,"born_in_chaos_v1:skeleton_thrasher":1},"minecraft:custom":{"minecraft:interact_with_furnace":3,"minecraft:mob_kills":13,"minecraft:interact_with_crafting_table":14,"minecraft:open_barrel":2,"minecraft:leave_game":1,"minecraft:time_since_death":13107,"minecraft:sleep_in_bed":1,"minecraft:damage_resisted":92,"minecraft:time_since_rest":12648,"minecraft:sprint_one_cm":208648,"minecraft:damage_taken":7550,"minecraft:walk_one_cm":351154,"minecraft:drop":34,"minecraft:damage_dealt":3665,"minecraft:swim_one_cm":7715,"minecraft:fly_one_cm":206137,"minecraft:open_chest":16,"minecraft:crouch_one_cm":562,"minecraft:play_time":122625,"tombstone:undead_killed":9,"minecraft:deaths":20,"minecraft:sneak_time":744,"minecraft:walk_under_water_one_cm":3285,"minecraft:jump":1521,"minecraft:walk_on_water_one_cm":7690,"minecraft:total_world_time":122625,"minecraft:fall_one_cm":35160},"minecraft:picked_up":{"biomesoplenty:lavender":1,"minecraft:stripped_oak_log":4,"born_in_chaos_v1:corpse_maggot":3,"simplefarming:pea_seeds":1,"minecraft:crafting_table":1,"minecraft:wheat":3,"minecraft:potato":27,"biomesoplenty:jacaranda_door":6,"minecraft:oak_log":31,"biomesoplenty:jacaranda_planks":2,"minecraft:gunpowder":2,"minecraft:dirt":114,"minecraft:iron_shovel":1,"minecraft:bone":9,"minecraft:wheat_seeds":7,"minecraft:iron_ingot":6,"minecraft:stone_pickaxe":1,"minecraft:oak_planks":7,"simplefarming:spinach_seeds":1,"minecraft:stick":5,"minecraft:oak_door":1,"zombie_more:cursed_heart":1,"simplefarming:yam_seeds":2,"minecraft:torch":1,"minecraft:acacia_log":1,"simplyswords:iron_halberd":1,"tombstone:grave_dust":1,"born_in_chaos_v1:pieceofdarkmetal":2,"minecraft:arrow":2,"simplefarming:sweet_potato_seeds":2,"minecraft:rotten_flesh":14,"biomesoplenty:jacaranda_log":19,"minecraft:bread":2,"tombstone:magic_scroll":1,"minecraft:oak_sapling":2,"minecraft:netherrack":23,"simplefarming:cassava_seeds":1,"minecraft:coal":6,"minecraft:allium":1,"minecraft:crimson_roots":4,"minecraft:cobblestone":45,"minecraft:magma_block":27},"minecraft:dropped":{"minecraft:wheat_seeds":12,"biomesoplenty:lavender":2,"simplefarming:sweet_potato_seeds":2,"minecraft:rotten_flesh":13,"minecraft:oak_planks":4,"simplefarming:cassava_seeds":1,"simplyswords:iron_halberd":1,"simplefarming:yam_seeds":2,"simplefarming:pea_seeds":1,"tombstone:grave_key":2,"minecraft:oak_sapling":1,"tombstone:grave_dust":3,"minecraft:stone_pickaxe":1,"simplefarming:spinach_seeds":1,"undead_revamp2:blacpetalblock":1},"minecraft:mined":{"biomesoplenty:jacaranda_leaves":6,"minecraft:crimson_nylium":5,"biomesoplenty:jacaranda_planks":2,"minecraft:crafting_table":1,"minecraft:allium":1,"minecraft:grass_block":32,"biomesoplenty:flowering_oak_leaves":2,"minecraft:cobblestone":15,"minecraft:tall_grass":3,"minecraft:oak_planks":3,"biomesoplenty:jacaranda_log":20,"minecraft:magma_block":29,"biomesoplenty:lavender":1,"minecraft:grass":18,"minecraft:oak_log":32,"minecraft:coal_ore":6,"biomesoplenty:jacaranda_door":4,"minecraft:dirt":52,"minecraft:stripped_oak_log":4,"minecraft:stone":35,"minecraft:netherrack":18,"minecraft:oak_leaves":60}},"DataVersion":3465}