{"stats":{"minecraft:used":{"minecraft:crafting_table":1,"minecraft:oak_planks":1,"tombstone:gift":4},"minecraft:killed_by":{"minecraft:zombie_villager":1,"minecraft:zombie":3},"minecraft:picked_up":{"minecraft:bone":1,"minecraft:rotten_flesh":2,"minecraft:oak_log":2,"minecraft:oak_planks":4,"minecraft:dirt":2},"minecraft:crafted":{"minecraft:oak_planks":8,"minecraft:crafting_table":1,"minecraft:stick":4,"minecraft:stone_pickaxe":1},"minecraft:mined":{"minecraft:grass_block":2,"minecraft:oak_log":2,"minecraft:oak_leaves":3},"minecraft:dropped":{"minecraft:rotten_flesh":2,"minecraft:oak_planks":4,"tombstone:grave_key":2},"minecraft:custom":{"minecraft:open_barrel":2,"minecraft:open_chest":7,"minecraft:time_since_rest":8141,"minecraft:crouch_one_cm":83,"minecraft:walk_one_cm":79834,"minecraft:play_time":41224,"minecraft:sprint_one_cm":69184,"minecraft:damage_taken":2286,"minecraft:deaths":7,"minecraft:sneak_time":77,"minecraft:drop":8,"minecraft:jump":505,"minecraft:damage_dealt":9,"minecraft:time_since_death":10540,"minecraft:total_world_time":41224,"minecraft:damage_resisted":92,"minecraft:interact_with_crafting_table":2,"minecraft:fall_one_cm":9985,"minecraft:fly_one_cm":59896}},"DataVersion":3465}