{"stats":{"minecraft:crafted":{"minecraft:oak_door":3,"minecraft:oak_planks":144,"minecraft:oak_sign":3,"minecraft:cooked_chicken":1,"minecraft:furnace":1,"minecraft:cobblestone_stairs":8,"minecraft:bone_meal":51,"minecraft:iron_boots":1,"minecraft:stone_pickaxe":3,"minecraft:cooked_beef":15,"biomesoplenty:jacaranda_planks":76,"minecraft:crafting_table":3,"minecraft:iron_helmet":1,"minecraft:baked_potato":54,"minecraft:iron_sword":1,"minecraft:birch_planks":8,"minecraft:bucket":1,"minecraft:stone_axe":4,"minecraft:air":0,"minecraft:iron_chestplate":1,"minecraft:shield":1,"minecraft:stick":12,"quark:oak_chest":2,"minecraft:iron_ingot":28,"minecraft:iron_pickaxe":1,"minecraft:iron_leggings":1},"minecraft:broken":{"minecraft:stone_pickaxe":2,"minecraft:stone_axe":2},"minecraft:killed_by":{"minecraft:zombie_villager":1,"minecraft:zombie":4},"minecraft:used":{"minecraft:iron_shovel":8,"minecraft:stone_shovel":85,"minecraft:oak_sign":2,"minecraft:shield":9,"minecraft:stone":5,"minecraft:iron_sword":78,"alexscaves:galena":33,"minecraft:cooked_chicken":1,"minecraft:rotten_flesh":2,"minecraft:netherrack":26,"minecraft:oak_door":4,"minecraft:torch":8,"minecraft:dirt":180,"minecraft:carrot":43,"born_in_chaos_v1:corpse_maggot":3,"minecraft:lava_bucket":2,"biomesoplenty:jacaranda_sapling":1,"minecraft:magma_block":3,"minecraft:oak_sapling":1,"minecraft:furnace":2,"tombstone:gift":8,"minecraft:cooked_beef":13,"minecraft:knowledge_book":30,"biomesoplenty:jacaranda_door":6,"minecraft:water_bucket":64,"minecraft:cobblestone_stairs":8,"minecraft:stone_pickaxe":260,"minecraft:baked_potato":48,"minecraft:oak_planks":12,"alexscaves:scarlet_neodymium_pillar":1,"minecraft:crafting_table":8,"simplyswords:iron_halberd":15,"minecraft:white_bed":1,"biomesoplenty:jacaranda_planks":2,"minecraft:bread":2,"minecraft:iron_pickaxe":13,"minecraft:stone_axe":278,"minecraft:cobblestone":46,"minecraft:bucket":67,"quark:oak_chest":2,"minecraft:stripped_oak_log":1,"minecraft:bone_meal":51},"minecraft:killed":{"zombie_more:cursed_zombie":1,"born_in_chaos_v1:zombie_lumberjack":1,"minecraft:spider":1,"undead_revamp2:thesmoker":1,"minecraft:skeleton":3,"minecraft:chicken":1,"born_in_chaos_v1:skeleton_thrasher":1,"minecraft:creeper":1,"born_in_chaos_v1:decrepit_skeleton":1,"minecraft:zombie":4,"born_in_chaos_v1:corpse_fly":2,"minecraft:cow":2},"minecraft:custom":{"minecraft:mob_kills":20,"minecraft:interact_with_crafting_table":29,"minecraft:open_barrel":16,"minecraft:damage_dealt_resisted":575,"minecraft:leave_game":2,"minecraft:time_since_death":7675,"minecraft:damage_resisted":92,"minecraft:sprint_one_cm":417914,"minecraft:walk_one_cm":818246,"minecraft:damage_blocked_by_shield":323,"minecraft:drop":82,"minecraft:play_time":276388,"minecraft:deaths":29,"minecraft:sneak_time":6274,"minecraft:walk_under_water_one_cm":51455,"minecraft:jump":3734,"minecraft:walk_on_water_one_cm":38609,"minecraft:total_world_time":276388,"minecraft:interact_with_furnace":43,"minecraft:sleep_in_bed":3,"minecraft:time_since_rest":5276,"minecraft:damage_taken":13523,"minecraft:damage_dealt":5084,"minecraft:swim_one_cm":67402,"minecraft:fly_one_cm":437346,"minecraft:open_chest":37,"minecraft:crouch_one_cm":5725,"tombstone:undead_killed":12,"minecraft:fall_one_cm":88007},"minecraft:picked_up":{"minecraft:crafting_table":6,"simplefarming:pea_seeds":3,"minecraft:wheat":3,"minecraft:allium":3,"minecraft:chicken":1,"born_in_chaos_v1:seedof_chaos":2,"biomesoplenty:jacaranda_sapling":1,"tombstone:grave_key":2,"minecraft:string":5,"minecraft:iron_shovel":1,"minecraft:oak_sign":3,"minecraft:beef":4,"minecraft:furnace":2,"simplefarming:spinach_seeds":1,"minecraft:stick":8,"minecraft:raw_iron":28,"minecraft:oak_door":3,"minecraft:torch":14,"simplefarming:yam_seeds":2,"zombie_more:cursed_heart":3,"minecraft:acacia_log":1,"simplyswords:iron_halberd":1,"tombstone:grave_dust":3,"born_in_chaos_v1:pieceofdarkmetal":4,"minecraft:carrot":27,"minecraft:arrow":6,"minecraft:stone_shovel":1,"minecraft:rotten_flesh":20,"biomesoplenty:jacaranda_log":19,"minecraft:birch_log":2,"minecraft:cobblestone":81,"minecraft:stripped_oak_log":4,"biomesoplenty:lavender":3,"born_in_chaos_v1:corpse_maggot":3,"minecraft:magma_block":30,"minecraft:water_bucket":1,"minecraft:leather":2,"minecraft:potato":56,"biomesoplenty:jacaranda_door":6,"minecraft:oak_log":31,"biomesoplenty:jacaranda_planks":3,"minecraft:gunpowder":3,"minecraft:dirt":185,"alexscaves:galena":36,"minecraft:bone":14,"minecraft:wheat_seeds":12,"minecraft:iron_ingot":6,"minecraft:stone_pickaxe":2,"simplefarming:tomato_seeds":1,"minecraft:oak_planks":13,"minecraft:white_bed":2,"simplefarming:sweet_potato_seeds":3,"alexscaves:scarlet_neodymium_pillar":2,"minecraft:bread":2,"minecraft:baked_potato":8,"tombstone:magic_scroll":2,"minecraft:oak_sapling":2,"simplefarming:cassava_seeds":2,"minecraft:netherrack":38,"simplefarming:cotton_seeds":1,"minecraft:coal":72,"minecraft:crimson_roots":4,"minecraft:ender_pearl":1},"minecraft:mined":{"minecraft:oak_sapling":1,"minecraft:white_bed":1,"biomesoplenty:bush":2,"minecraft:allium":1,"minecraft:grass_block":45,"biomesoplenty:flowering_oak_leaves":2,"alexscaves:galena":26,"biomesoplenty:tall_lavender":1,"biomesoplenty:jacaranda_log":20,"minecraft:magma_block":33,"minecraft:furnace":2,"minecraft:iron_ore":13,"minecraft:fire":6,"biomesoplenty:lavender":4,"biomesoplenty:jacaranda_door":4,"minecraft:stripped_oak_log":4,"minecraft:stone":50,"minecraft:podzol":3,"biomesoplenty:jacaranda_leaves":8,"minecraft:crimson_nylium":5,"biomesoplenty:jacaranda_planks":3,"minecraft:crafting_table":6,"minecraft:torch":1,"alexscaves:energized_galena_scarlet":3,"alexscaves:metal_swarf":6,"minecraft:cobblestone":18,"minecraft:tall_grass":4,"minecraft:oak_planks":9,"minecraft:wall_torch":9,"minecraft:birch_log":2,"biomesoplenty:yellow_autumn_leaves":4,"minecraft:grass":27,"minecraft:oak_log":32,"minecraft:coal_ore":66,"minecraft:dirt":94,"minecraft:netherrack":36,"minecraft:oak_leaves":60,"alexscaves:scarlet_neodymium_pillar":3},"minecraft:dropped":{"minecraft:water_bucket":1,"minecraft:enchanted_book":1,"minecraft:iron_ingot":18,"minecraft:wheat_seeds":15,"simplefarming:sweet_potato_seeds":3,"biomesoplenty:lavender":3,"simplyswords:iron_halberd":1,"born_in_chaos_v1:pieceofdarkmetal":2,"simplefarming:yam_seeds":2,"minecraft:acacia_log":1,"simplefarming:pea_seeds":3,"alexscaves:scarlet_neodymium_pillar":1,"tombstone:grave_key":6,"minecraft:crimson_roots":4,"tombstone:grave_dust":6,"simplefarming:spinach_seeds":1,"undead_revamp2:blacpetalblock":1,"minecraft:bone":4,"simplefarming:cotton_seeds":1,"minecraft:stone_axe":1,"minecraft:wheat":3,"minecraft:stone_shovel":2,"minecraft:chicken":1,"minecraft:rotten_flesh":14,"minecraft:oak_planks":4,"minecraft:enchanted_golden_apple":1,"simplefarming:cassava_seeds":1,"minecraft:white_bed":1,"minecraft:oak_sign":2,"minecraft:carrot":5,"born_in_chaos_v1:seedof_chaos":2,"minecraft:gunpowder":3,"minecraft:allium":2,"zombie_more:cursed_heart":2,"minecraft:oak_sapling":1,"minecraft:arrow":4,"minecraft:stone_pickaxe":3}},"DataVersion":3465}